admin_email,admin_password,order_id,current_status,next_status
admin@eshop.com,Admin123!,1,pending,confirmed
admin@eshop.com,Admin123!,3,pending,confirmed
admin@eshop.com,Admin123!,12,pending,confirmed
admin@eshop.com,Admin123!,13,pending,confirmed
admin@eshop.com,Admin123!,5,pending,confirmed
admin@eshop.com,Admin123!,4,pending,confirmed
admin@eshop.com,Admin123!,11,pending,confirmed
admin@eshop.com,Admin123!,6,pending,confirmed
admin@eshop.com,Admin123!,7,pending,confirmed
admin@eshop.com,Admin123!,8,pending,confirmed
admin@eshop.com,Admin123!,9,pending,confirmed
admin@eshop.com,Admin123!,10,pending,confirmed
admin@eshop.com,Admin123!,14,pending,confirmed
admin@eshop.com,Admin123!,26,pending,confirmed
admin@eshop.com,Admin123!,27,pending,confirmed
admin@eshop.com,Admin123!,25,pending,confirmed
admin@eshop.com,Admin123!,15,pending,confirmed
admin@eshop.com,Admin123!,23,pending,confirmed
admin@eshop.com,Admin123!,16,pending,confirmed
admin@eshop.com,Admin123!,17,pending,confirmed
admin@eshop.com,Admin123!,18,pending,confirmed
admin@eshop.com,Admin123!,19,pending,confirmed
admin@eshop.com,Admin123!,20,pending,confirmed
admin@eshop.com,Admin123!,21,pending,confirmed
admin@eshop.com,Admin123!,2,pending,confirmed
admin@eshop.com,Admin123!,22,pending,confirmed
admin@eshop.com,Admin123!,24,pending,confirmed
admin@eshop.com,Admin123!,28,pending,confirmed
admin@eshop.com,Admin123!,38,pending,confirmed
admin@eshop.com,Admin123!,34,pending,confirmed
admin@eshop.com,Admin123!,37,pending,confirmed
admin@eshop.com,Admin123!,29,pending,confirmed
admin@eshop.com,Admin123!,36,pending,confirmed
admin@eshop.com,Admin123!,30,pending,confirmed
admin@eshop.com,Admin123!,31,pending,confirmed
admin@eshop.com,Admin123!,32,pending,confirmed
admin@eshop.com,Admin123!,33,pending,confirmed
admin@eshop.com,Admin123!,35,pending,confirmed
admin@eshop.com,Admin123!,39,pending,confirmed
admin@eshop.com,Admin123!,40,pending,confirmed
admin@eshop.com,Admin123!,41,pending,confirmed
admin@eshop.com,Admin123!,49,pending,confirmed
admin@eshop.com,Admin123!,46,pending,confirmed
admin@eshop.com,Admin123!,47,pending,confirmed
admin@eshop.com,Admin123!,48,pending,confirmed
admin@eshop.com,Admin123!,42,pending,confirmed
admin@eshop.com,Admin123!,43,pending,confirmed
admin@eshop.com,Admin123!,44,pending,confirmed
admin@eshop.com,Admin123!,45,pending,confirmed
admin@eshop.com,Admin123!,50,pending,confirmed
admin@eshop.com,Admin123!,51,pending,confirmed
admin@eshop.com,Admin123!,52,pending,confirmed
admin@eshop.com,Admin123!,54,pending,confirmed
admin@eshop.com,Admin123!,56,pending,confirmed
admin@eshop.com,Admin123!,57,pending,confirmed
admin@eshop.com,Admin123!,53,pending,confirmed
admin@eshop.com,Admin123!,60,pending,confirmed
admin@eshop.com,Admin123!,58,pending,confirmed
admin@eshop.com,Admin123!,55,pending,confirmed
admin@eshop.com,Admin123!,77,pending,confirmed
admin@eshop.com,Admin123!,61,pending,confirmed
admin@eshop.com,Admin123!,59,pending,confirmed
admin@eshop.com,Admin123!,62,pending,confirmed
admin@eshop.com,Admin123!,74,pending,confirmed
admin@eshop.com,Admin123!,75,pending,confirmed
admin@eshop.com,Admin123!,73,pending,confirmed
admin@eshop.com,Admin123!,63,pending,confirmed
admin@eshop.com,Admin123!,64,pending,confirmed
admin@eshop.com,Admin123!,65,pending,confirmed
admin@eshop.com,Admin123!,66,pending,confirmed
admin@eshop.com,Admin123!,67,pending,confirmed
admin@eshop.com,Admin123!,68,pending,confirmed
admin@eshop.com,Admin123!,69,pending,confirmed
admin@eshop.com,Admin123!,70,pending,confirmed
admin@eshop.com,Admin123!,71,pending,confirmed
admin@eshop.com,Admin123!,72,pending,confirmed
admin@eshop.com,Admin123!,76,pending,confirmed
admin@eshop.com,Admin123!,78,pending,confirmed
admin@eshop.com,Admin123!,80,pending,confirmed
admin@eshop.com,Admin123!,86,pending,confirmed
admin@eshop.com,Admin123!,85,pending,confirmed
admin@eshop.com,Admin123!,79,pending,confirmed
admin@eshop.com,Admin123!,83,pending,confirmed
admin@eshop.com,Admin123!,81,pending,confirmed
admin@eshop.com,Admin123!,82,pending,confirmed
admin@eshop.com,Admin123!,84,pending,confirmed
admin@eshop.com,Admin123!,87,pending,confirmed
admin@eshop.com,Admin123!,97,pending,confirmed
admin@eshop.com,Admin123!,98,pending,confirmed
admin@eshop.com,Admin123!,99,pending,confirmed
admin@eshop.com,Admin123!,88,pending,confirmed
admin@eshop.com,Admin123!,89,pending,confirmed
admin@eshop.com,Admin123!,90,pending,confirmed
admin@eshop.com,Admin123!,91,pending,confirmed
admin@eshop.com,Admin123!,92,pending,confirmed
admin@eshop.com,Admin123!,93,pending,confirmed
admin@eshop.com,Admin123!,94,pending,confirmed
admin@eshop.com,Admin123!,95,pending,confirmed
admin@eshop.com,Admin123!,96,pending,confirmed
admin@eshop.com,Admin123!,100,pending,confirmed
admin@eshop.com,Admin123!,101,pending,confirmed
admin@eshop.com,Admin123!,102,pending,confirmed
admin@eshop.com,Admin123!,103,pending,confirmed
admin@eshop.com,Admin123!,104,pending,confirmed
admin@eshop.com,Admin123!,105,pending,confirmed
admin@eshop.com,Admin123!,109,pending,confirmed
admin@eshop.com,Admin123!,110,pending,confirmed
admin@eshop.com,Admin123!,111,pending,confirmed
admin@eshop.com,Admin123!,106,pending,confirmed
admin@eshop.com,Admin123!,107,pending,confirmed
admin@eshop.com,Admin123!,108,pending,confirmed
admin@eshop.com,Admin123!,112,pending,confirmed
admin@eshop.com,Admin123!,125,pending,confirmed
admin@eshop.com,Admin123!,126,pending,confirmed
admin@eshop.com,Admin123!,124,pending,confirmed
admin@eshop.com,Admin123!,113,pending,confirmed
admin@eshop.com,Admin123!,114,pending,confirmed
admin@eshop.com,Admin123!,115,pending,confirmed
admin@eshop.com,Admin123!,116,pending,confirmed
admin@eshop.com,Admin123!,117,pending,confirmed
admin@eshop.com,Admin123!,118,pending,confirmed
admin@eshop.com,Admin123!,119,pending,confirmed
admin@eshop.com,Admin123!,120,pending,confirmed
admin@eshop.com,Admin123!,121,pending,confirmed
admin@eshop.com,Admin123!,122,pending,confirmed
admin@eshop.com,Admin123!,123,pending,confirmed
admin@eshop.com,Admin123!,127,pending,confirmed
admin@eshop.com,Admin123!,128,pending,confirmed
admin@eshop.com,Admin123!,135,pending,confirmed
admin@eshop.com,Admin123!,130,pending,confirmed
admin@eshop.com,Admin123!,129,pending,confirmed
admin@eshop.com,Admin123!,136,pending,confirmed
admin@eshop.com,Admin123!,131,pending,confirmed
admin@eshop.com,Admin123!,134,pending,confirmed
admin@eshop.com,Admin123!,132,pending,confirmed
admin@eshop.com,Admin123!,133,pending,confirmed
admin@eshop.com,Admin123!,137,pending,confirmed
admin@eshop.com,Admin123!,150,pending,confirmed
admin@eshop.com,Admin123!,151,pending,confirmed
admin@eshop.com,Admin123!,152,pending,confirmed
admin@eshop.com,Admin123!,138,pending,confirmed
admin@eshop.com,Admin123!,139,pending,confirmed
admin@eshop.com,Admin123!,140,pending,confirmed
admin@eshop.com,Admin123!,141,pending,confirmed
admin@eshop.com,Admin123!,142,pending,confirmed
admin@eshop.com,Admin123!,143,pending,confirmed
admin@eshop.com,Admin123!,144,pending,confirmed
admin@eshop.com,Admin123!,145,pending,confirmed
admin@eshop.com,Admin123!,146,pending,confirmed
admin@eshop.com,Admin123!,147,pending,confirmed
admin@eshop.com,Admin123!,148,pending,confirmed
admin@eshop.com,Admin123!,149,pending,confirmed
admin@eshop.com,Admin123!,153,pending,confirmed
admin@eshop.com,Admin123!,154,pending,confirmed
admin@eshop.com,Admin123!,155,pending,confirmed
admin@eshop.com,Admin123!,157,pending,confirmed
admin@eshop.com,Admin123!,156,pending,confirmed
admin@eshop.com,Admin123!,173,pending,confirmed
admin@eshop.com,Admin123!,166,pending,confirmed
admin@eshop.com,Admin123!,164,pending,confirmed
admin@eshop.com,Admin123!,165,pending,confirmed
admin@eshop.com,Admin123!,158,pending,confirmed
admin@eshop.com,Admin123!,159,pending,confirmed
admin@eshop.com,Admin123!,160,pending,confirmed
admin@eshop.com,Admin123!,161,pending,confirmed
admin@eshop.com,Admin123!,162,pending,confirmed
admin@eshop.com,Admin123!,163,pending,confirmed
admin@eshop.com,Admin123!,174,pending,confirmed
admin@eshop.com,Admin123!,167,pending,confirmed
admin@eshop.com,Admin123!,175,pending,confirmed
admin@eshop.com,Admin123!,176,pending,confirmed
admin@eshop.com,Admin123!,179,pending,confirmed
admin@eshop.com,Admin123!,168,pending,confirmed
admin@eshop.com,Admin123!,169,pending,confirmed
admin@eshop.com,Admin123!,170,pending,confirmed
admin@eshop.com,Admin123!,171,pending,confirmed
admin@eshop.com,Admin123!,172,pending,confirmed
admin@eshop.com,Admin123!,178,pending,confirmed
admin@eshop.com,Admin123!,177,pending,confirmed
admin@eshop.com,Admin123!,186,pending,confirmed
admin@eshop.com,Admin123!,180,pending,confirmed
admin@eshop.com,Admin123!,181,pending,confirmed
admin@eshop.com,Admin123!,199,pending,confirmed
admin@eshop.com,Admin123!,197,pending,confirmed
admin@eshop.com,Admin123!,196,pending,confirmed
admin@eshop.com,Admin123!,182,pending,confirmed
admin@eshop.com,Admin123!,183,pending,confirmed
admin@eshop.com,Admin123!,184,pending,confirmed
admin@eshop.com,Admin123!,185,pending,confirmed
admin@eshop.com,Admin123!,187,pending,confirmed
admin@eshop.com,Admin123!,188,pending,confirmed
admin@eshop.com,Admin123!,189,pending,confirmed
admin@eshop.com,Admin123!,190,pending,confirmed
admin@eshop.com,Admin123!,191,pending,confirmed
admin@eshop.com,Admin123!,192,pending,confirmed
admin@eshop.com,Admin123!,193,pending,confirmed
admin@eshop.com,Admin123!,194,pending,confirmed
admin@eshop.com,Admin123!,195,pending,confirmed
admin@eshop.com,Admin123!,198,pending,confirmed
admin@eshop.com,Admin123!,200,pending,confirmed
admin@eshop.com,Admin123!,205,pending,confirmed
admin@eshop.com,Admin123!,204,pending,confirmed
admin@eshop.com,Admin123!,203,pending,confirmed
admin@eshop.com,Admin123!,201,pending,confirmed
admin@eshop.com,Admin123!,202,pending,confirmed
admin@eshop.com,Admin123!,206,pending,confirmed
admin@eshop.com,Admin123!,207,pending,confirmed
admin@eshop.com,Admin123!,223,pending,confirmed
admin@eshop.com,Admin123!,221,pending,confirmed
admin@eshop.com,Admin123!,222,pending,confirmed
admin@eshop.com,Admin123!,208,pending,confirmed
admin@eshop.com,Admin123!,209,pending,confirmed
admin@eshop.com,Admin123!,210,pending,confirmed
admin@eshop.com,Admin123!,211,pending,confirmed
admin@eshop.com,Admin123!,212,pending,confirmed
admin@eshop.com,Admin123!,213,pending,confirmed
admin@eshop.com,Admin123!,214,pending,confirmed
admin@eshop.com,Admin123!,215,pending,confirmed
admin@eshop.com,Admin123!,216,pending,confirmed
admin@eshop.com,Admin123!,217,pending,confirmed
admin@eshop.com,Admin123!,218,pending,confirmed
admin@eshop.com,Admin123!,219,pending,confirmed
admin@eshop.com,Admin123!,220,pending,confirmed
admin@eshop.com,Admin123!,224,pending,confirmed
admin@eshop.com,Admin123!,225,pending,confirmed
admin@eshop.com,Admin123!,244,pending,confirmed
admin@eshop.com,Admin123!,245,pending,confirmed
admin@eshop.com,Admin123!,227,pending,confirmed
admin@eshop.com,Admin123!,226,pending,confirmed
admin@eshop.com,Admin123!,246,pending,confirmed
admin@eshop.com,Admin123!,228,pending,confirmed
admin@eshop.com,Admin123!,229,pending,confirmed
admin@eshop.com,Admin123!,230,pending,confirmed
admin@eshop.com,Admin123!,231,pending,confirmed
admin@eshop.com,Admin123!,232,pending,confirmed
admin@eshop.com,Admin123!,233,pending,confirmed
admin@eshop.com,Admin123!,234,pending,confirmed
admin@eshop.com,Admin123!,235,pending,confirmed
admin@eshop.com,Admin123!,236,pending,confirmed
admin@eshop.com,Admin123!,237,pending,confirmed
admin@eshop.com,Admin123!,238,pending,confirmed
admin@eshop.com,Admin123!,239,pending,confirmed
admin@eshop.com,Admin123!,240,pending,confirmed
admin@eshop.com,Admin123!,241,pending,confirmed
admin@eshop.com,Admin123!,242,pending,confirmed
admin@eshop.com,Admin123!,243,pending,confirmed
admin@eshop.com,Admin123!,247,pending,confirmed
admin@eshop.com,Admin123!,249,pending,confirmed
admin@eshop.com,Admin123!,248,pending,confirmed
admin@eshop.com,Admin123!,250,pending,confirmed
admin@eshop.com,Admin123!,251,pending,confirmed
admin@eshop.com,Admin123!,268,pending,confirmed
admin@eshop.com,Admin123!,269,pending,confirmed
admin@eshop.com,Admin123!,270,pending,confirmed
admin@eshop.com,Admin123!,252,pending,confirmed
admin@eshop.com,Admin123!,253,pending,confirmed
admin@eshop.com,Admin123!,254,pending,confirmed
admin@eshop.com,Admin123!,255,pending,confirmed
admin@eshop.com,Admin123!,256,pending,confirmed
admin@eshop.com,Admin123!,257,pending,confirmed
admin@eshop.com,Admin123!,258,pending,confirmed
admin@eshop.com,Admin123!,259,pending,confirmed
admin@eshop.com,Admin123!,260,pending,confirmed
admin@eshop.com,Admin123!,261,pending,confirmed
admin@eshop.com,Admin123!,262,pending,confirmed
admin@eshop.com,Admin123!,263,pending,confirmed
admin@eshop.com,Admin123!,264,pending,confirmed
admin@eshop.com,Admin123!,265,pending,confirmed
admin@eshop.com,Admin123!,266,pending,confirmed
admin@eshop.com,Admin123!,267,pending,confirmed
admin@eshop.com,Admin123!,271,pending,confirmed
admin@eshop.com,Admin123!,272,pending,confirmed
admin@eshop.com,Admin123!,289,pending,confirmed
admin@eshop.com,Admin123!,290,pending,confirmed
admin@eshop.com,Admin123!,273,pending,confirmed
admin@eshop.com,Admin123!,288,pending,confirmed
admin@eshop.com,Admin123!,292,pending,confirmed
admin@eshop.com,Admin123!,287,pending,confirmed
admin@eshop.com,Admin123!,274,pending,confirmed
admin@eshop.com,Admin123!,275,pending,confirmed
admin@eshop.com,Admin123!,276,pending,confirmed
admin@eshop.com,Admin123!,277,pending,confirmed
admin@eshop.com,Admin123!,278,pending,confirmed
admin@eshop.com,Admin123!,279,pending,confirmed
admin@eshop.com,Admin123!,280,pending,confirmed
admin@eshop.com,Admin123!,281,pending,confirmed
admin@eshop.com,Admin123!,282,pending,confirmed
admin@eshop.com,Admin123!,283,pending,confirmed
admin@eshop.com,Admin123!,284,pending,confirmed
admin@eshop.com,Admin123!,285,pending,confirmed
admin@eshop.com,Admin123!,286,pending,confirmed
admin@eshop.com,Admin123!,291,pending,confirmed
admin@eshop.com,Admin123!,293,pending,confirmed
admin@eshop.com,Admin123!,294,pending,confirmed
admin@eshop.com,Admin123!,295,pending,confirmed
admin@eshop.com,Admin123!,296,pending,confirmed
admin@eshop.com,Admin123!,314,pending,confirmed
admin@eshop.com,Admin123!,318,pending,confirmed
admin@eshop.com,Admin123!,297,pending,confirmed
admin@eshop.com,Admin123!,315,pending,confirmed
admin@eshop.com,Admin123!,316,pending,confirmed
admin@eshop.com,Admin123!,317,pending,confirmed
admin@eshop.com,Admin123!,298,pending,confirmed
admin@eshop.com,Admin123!,299,pending,confirmed
admin@eshop.com,Admin123!,300,pending,confirmed
admin@eshop.com,Admin123!,301,pending,confirmed
admin@eshop.com,Admin123!,302,pending,confirmed
admin@eshop.com,Admin123!,303,pending,confirmed
admin@eshop.com,Admin123!,304,pending,confirmed
admin@eshop.com,Admin123!,305,pending,confirmed
admin@eshop.com,Admin123!,306,pending,confirmed
admin@eshop.com,Admin123!,307,pending,confirmed
admin@eshop.com,Admin123!,308,pending,confirmed
admin@eshop.com,Admin123!,309,pending,confirmed
admin@eshop.com,Admin123!,310,pending,confirmed
admin@eshop.com,Admin123!,311,pending,confirmed
admin@eshop.com,Admin123!,312,pending,confirmed
admin@eshop.com,Admin123!,313,pending,confirmed
admin@eshop.com,Admin123!,319,pending,confirmed
admin@eshop.com,Admin123!,321,pending,confirmed
admin@eshop.com,Admin123!,320,pending,confirmed
admin@eshop.com,Admin123!,341,pending,confirmed
admin@eshop.com,Admin123!,342,pending,confirmed
admin@eshop.com,Admin123!,338,pending,confirmed
admin@eshop.com,Admin123!,339,pending,confirmed
admin@eshop.com,Admin123!,340,pending,confirmed
admin@eshop.com,Admin123!,322,pending,confirmed
admin@eshop.com,Admin123!,323,pending,confirmed
admin@eshop.com,Admin123!,324,pending,confirmed
admin@eshop.com,Admin123!,325,pending,confirmed
admin@eshop.com,Admin123!,326,pending,confirmed
admin@eshop.com,Admin123!,327,pending,confirmed
admin@eshop.com,Admin123!,328,pending,confirmed
admin@eshop.com,Admin123!,329,pending,confirmed
admin@eshop.com,Admin123!,330,pending,confirmed
admin@eshop.com,Admin123!,331,pending,confirmed
admin@eshop.com,Admin123!,332,pending,confirmed
admin@eshop.com,Admin123!,333,pending,confirmed
admin@eshop.com,Admin123!,334,pending,confirmed
admin@eshop.com,Admin123!,335,pending,confirmed
admin@eshop.com,Admin123!,336,pending,confirmed
admin@eshop.com,Admin123!,337,pending,confirmed
admin@eshop.com,Admin123!,343,pending,confirmed
admin@eshop.com,Admin123!,344,pending,confirmed
admin@eshop.com,Admin123!,345,pending,confirmed
admin@eshop.com,Admin123!,347,pending,confirmed
admin@eshop.com,Admin123!,348,pending,confirmed
admin@eshop.com,Admin123!,349,pending,confirmed
admin@eshop.com,Admin123!,346,pending,confirmed
admin@eshop.com,Admin123!,366,pending,confirmed
admin@eshop.com,Admin123!,367,pending,confirmed
admin@eshop.com,Admin123!,365,pending,confirmed
admin@eshop.com,Admin123!,350,pending,confirmed
admin@eshop.com,Admin123!,351,pending,confirmed
admin@eshop.com,Admin123!,352,pending,confirmed
admin@eshop.com,Admin123!,353,pending,confirmed
admin@eshop.com,Admin123!,354,pending,confirmed
admin@eshop.com,Admin123!,355,pending,confirmed
admin@eshop.com,Admin123!,356,pending,confirmed
admin@eshop.com,Admin123!,357,pending,confirmed
admin@eshop.com,Admin123!,358,pending,confirmed
admin@eshop.com,Admin123!,359,pending,confirmed
admin@eshop.com,Admin123!,360,pending,confirmed
admin@eshop.com,Admin123!,361,pending,confirmed
admin@eshop.com,Admin123!,362,pending,confirmed
admin@eshop.com,Admin123!,363,pending,confirmed
admin@eshop.com,Admin123!,364,pending,confirmed
admin@eshop.com,Admin123!,368,pending,confirmed
admin@eshop.com,Admin123!,369,pending,confirmed
admin@eshop.com,Admin123!,370,pending,confirmed
admin@eshop.com,Admin123!,371,pending,confirmed
admin@eshop.com,Admin123!,391,pending,confirmed
admin@eshop.com,Admin123!,373,pending,confirmed
admin@eshop.com,Admin123!,374,pending,confirmed
admin@eshop.com,Admin123!,372,pending,confirmed
admin@eshop.com,Admin123!,392,pending,confirmed
admin@eshop.com,Admin123!,393,pending,confirmed
admin@eshop.com,Admin123!,375,pending,confirmed
admin@eshop.com,Admin123!,376,pending,confirmed
admin@eshop.com,Admin123!,377,pending,confirmed
admin@eshop.com,Admin123!,378,pending,confirmed
admin@eshop.com,Admin123!,379,pending,confirmed
admin@eshop.com,Admin123!,380,pending,confirmed
admin@eshop.com,Admin123!,381,pending,confirmed
admin@eshop.com,Admin123!,382,pending,confirmed
admin@eshop.com,Admin123!,383,pending,confirmed
admin@eshop.com,Admin123!,384,pending,confirmed
admin@eshop.com,Admin123!,385,pending,confirmed
admin@eshop.com,Admin123!,386,pending,confirmed
admin@eshop.com,Admin123!,387,pending,confirmed
admin@eshop.com,Admin123!,388,pending,confirmed
admin@eshop.com,Admin123!,389,pending,confirmed
admin@eshop.com,Admin123!,390,pending,confirmed
admin@eshop.com,Admin123!,394,pending,confirmed
admin@eshop.com,Admin123!,395,pending,confirmed
admin@eshop.com,Admin123!,396,pending,confirmed
admin@eshop.com,Admin123!,397,pending,confirmed
admin@eshop.com,Admin123!,398,pending,confirmed
admin@eshop.com,Admin123!,414,pending,confirmed
admin@eshop.com,Admin123!,415,pending,confirmed
admin@eshop.com,Admin123!,416,pending,confirmed
admin@eshop.com,Admin123!,399,pending,confirmed
admin@eshop.com,Admin123!,400,pending,confirmed
admin@eshop.com,Admin123!,401,pending,confirmed
admin@eshop.com,Admin123!,402,pending,confirmed
admin@eshop.com,Admin123!,403,pending,confirmed
admin@eshop.com,Admin123!,404,pending,confirmed
admin@eshop.com,Admin123!,405,pending,confirmed
admin@eshop.com,Admin123!,406,pending,confirmed
admin@eshop.com,Admin123!,407,pending,confirmed
admin@eshop.com,Admin123!,408,pending,confirmed
admin@eshop.com,Admin123!,409,pending,confirmed
admin@eshop.com,Admin123!,410,pending,confirmed
admin@eshop.com,Admin123!,411,pending,confirmed
admin@eshop.com,Admin123!,412,pending,confirmed
admin@eshop.com,Admin123!,413,pending,confirmed
admin@eshop.com,Admin123!,417,pending,confirmed
admin@eshop.com,Admin123!,418,pending,confirmed
admin@eshop.com,Admin123!,419,pending,confirmed
admin@eshop.com,Admin123!,420,pending,confirmed
admin@eshop.com,Admin123!,421,pending,confirmed
admin@eshop.com,Admin123!,436,pending,confirmed
admin@eshop.com,Admin123!,437,pending,confirmed
admin@eshop.com,Admin123!,423,pending,confirmed
admin@eshop.com,Admin123!,422,pending,confirmed
admin@eshop.com,Admin123!,438,pending,confirmed
admin@eshop.com,Admin123!,424,pending,confirmed
admin@eshop.com,Admin123!,425,pending,confirmed
admin@eshop.com,Admin123!,426,pending,confirmed
admin@eshop.com,Admin123!,427,pending,confirmed
admin@eshop.com,Admin123!,428,pending,confirmed
admin@eshop.com,Admin123!,429,pending,confirmed
admin@eshop.com,Admin123!,430,pending,confirmed
admin@eshop.com,Admin123!,431,pending,confirmed
admin@eshop.com,Admin123!,432,pending,confirmed
admin@eshop.com,Admin123!,433,pending,confirmed
admin@eshop.com,Admin123!,434,pending,confirmed
admin@eshop.com,Admin123!,435,pending,confirmed
admin@eshop.com,Admin123!,439,pending,confirmed
admin@eshop.com,Admin123!,440,pending,confirmed
admin@eshop.com,Admin123!,441,pending,confirmed
admin@eshop.com,Admin123!,444,pending,confirmed
admin@eshop.com,Admin123!,442,pending,confirmed
admin@eshop.com,Admin123!,445,pending,confirmed
admin@eshop.com,Admin123!,443,pending,confirmed
admin@eshop.com,Admin123!,446,pending,confirmed
admin@eshop.com,Admin123!,459,pending,confirmed
admin@eshop.com,Admin123!,447,pending,confirmed
admin@eshop.com,Admin123!,451,pending,confirmed
admin@eshop.com,Admin123!,456,pending,confirmed
admin@eshop.com,Admin123!,457,pending,confirmed
admin@eshop.com,Admin123!,448,pending,confirmed
admin@eshop.com,Admin123!,449,pending,confirmed
admin@eshop.com,Admin123!,450,pending,confirmed
admin@eshop.com,Admin123!,460,pending,confirmed
admin@eshop.com,Admin123!,458,pending,confirmed
admin@eshop.com,Admin123!,452,pending,confirmed
admin@eshop.com,Admin123!,453,pending,confirmed
admin@eshop.com,Admin123!,454,pending,confirmed
admin@eshop.com,Admin123!,455,pending,confirmed
admin@eshop.com,Admin123!,461,pending,confirmed
admin@eshop.com,Admin123!,462,pending,confirmed
admin@eshop.com,Admin123!,463,pending,confirmed
admin@eshop.com,Admin123!,467,pending,confirmed
admin@eshop.com,Admin123!,468,pending,confirmed
admin@eshop.com,Admin123!,464,pending,confirmed
admin@eshop.com,Admin123!,465,pending,confirmed
admin@eshop.com,Admin123!,469,pending,confirmed
admin@eshop.com,Admin123!,466,pending,confirmed
admin@eshop.com,Admin123!,470,pending,confirmed
admin@eshop.com,Admin123!,471,pending,confirmed
admin@eshop.com,Admin123!,474,pending,confirmed
admin@eshop.com,Admin123!,478,pending,confirmed
admin@eshop.com,Admin123!,472,pending,confirmed
admin@eshop.com,Admin123!,484,pending,confirmed
admin@eshop.com,Admin123!,482,pending,confirmed
admin@eshop.com,Admin123!,479,pending,confirmed
admin@eshop.com,Admin123!,483,pending,confirmed
admin@eshop.com,Admin123!,473,pending,confirmed
admin@eshop.com,Admin123!,475,pending,confirmed
admin@eshop.com,Admin123!,477,pending,confirmed
admin@eshop.com,Admin123!,476,pending,confirmed
admin@eshop.com,Admin123!,480,pending,confirmed
admin@eshop.com,Admin123!,481,pending,confirmed
admin@eshop.com,Admin123!,485,pending,confirmed
admin@eshop.com,Admin123!,493,pending,confirmed
admin@eshop.com,Admin123!,494,pending,confirmed
admin@eshop.com,Admin123!,495,pending,confirmed
admin@eshop.com,Admin123!,486,pending,confirmed
admin@eshop.com,Admin123!,487,pending,confirmed
admin@eshop.com,Admin123!,488,pending,confirmed
admin@eshop.com,Admin123!,489,pending,confirmed
admin@eshop.com,Admin123!,490,pending,confirmed
admin@eshop.com,Admin123!,491,pending,confirmed
admin@eshop.com,Admin123!,492,pending,confirmed
admin@eshop.com,Admin123!,496,pending,confirmed
admin@eshop.com,Admin123!,506,pending,confirmed
admin@eshop.com,Admin123!,505,pending,confirmed
admin@eshop.com,Admin123!,497,pending,confirmed
admin@eshop.com,Admin123!,500,pending,confirmed
admin@eshop.com,Admin123!,498,pending,confirmed
admin@eshop.com,Admin123!,499,pending,confirmed
admin@eshop.com,Admin123!,504,pending,confirmed
admin@eshop.com,Admin123!,501,pending,confirmed
admin@eshop.com,Admin123!,502,pending,confirmed
admin@eshop.com,Admin123!,503,pending,confirmed
admin@eshop.com,Admin123!,507,pending,confirmed
admin@eshop.com,Admin123!,516,pending,confirmed
admin@eshop.com,Admin123!,517,pending,confirmed
admin@eshop.com,Admin123!,518,pending,confirmed
admin@eshop.com,Admin123!,508,pending,confirmed
admin@eshop.com,Admin123!,509,pending,confirmed
admin@eshop.com,Admin123!,510,pending,confirmed
admin@eshop.com,Admin123!,511,pending,confirmed
admin@eshop.com,Admin123!,512,pending,confirmed
admin@eshop.com,Admin123!,513,pending,confirmed
admin@eshop.com,Admin123!,514,pending,confirmed
admin@eshop.com,Admin123!,515,pending,confirmed
admin@eshop.com,Admin123!,520,pending,confirmed
admin@eshop.com,Admin123!,519,pending,confirmed
admin@eshop.com,Admin123!,521,pending,confirmed
admin@eshop.com,Admin123!,527,pending,confirmed
admin@eshop.com,Admin123!,530,pending,confirmed
admin@eshop.com,Admin123!,522,pending,confirmed
admin@eshop.com,Admin123!,524,pending,confirmed
admin@eshop.com,Admin123!,525,pending,confirmed
admin@eshop.com,Admin123!,526,pending,confirmed
admin@eshop.com,Admin123!,523,pending,confirmed
admin@eshop.com,Admin123!,528,pending,confirmed
admin@eshop.com,Admin123!,529,pending,confirmed
admin@eshop.com,Admin123!,540,pending,confirmed
admin@eshop.com,Admin123!,531,pending,confirmed
admin@eshop.com,Admin123!,532,pending,confirmed
admin@eshop.com,Admin123!,539,pending,confirmed
admin@eshop.com,Admin123!,533,pending,confirmed
admin@eshop.com,Admin123!,538,pending,confirmed
admin@eshop.com,Admin123!,536,pending,confirmed
admin@eshop.com,Admin123!,537,pending,confirmed
admin@eshop.com,Admin123!,534,pending,confirmed
admin@eshop.com,Admin123!,535,pending,confirmed
admin@eshop.com,Admin123!,551,pending,confirmed
admin@eshop.com,Admin123!,542,pending,confirmed
admin@eshop.com,Admin123!,543,pending,confirmed
admin@eshop.com,Admin123!,541,pending,confirmed
admin@eshop.com,Admin123!,552,pending,confirmed
admin@eshop.com,Admin123!,550,pending,confirmed
admin@eshop.com,Admin123!,544,pending,confirmed
admin@eshop.com,Admin123!,545,pending,confirmed
admin@eshop.com,Admin123!,546,pending,confirmed
admin@eshop.com,Admin123!,547,pending,confirmed
admin@eshop.com,Admin123!,548,pending,confirmed
admin@eshop.com,Admin123!,549,pending,confirmed
admin@eshop.com,Admin123!,553,pending,confirmed
admin@eshop.com,Admin123!,554,pending,confirmed
admin@eshop.com,Admin123!,562,pending,confirmed
admin@eshop.com,Admin123!,563,pending,confirmed
admin@eshop.com,Admin123!,564,pending,confirmed
admin@eshop.com,Admin123!,555,pending,confirmed
admin@eshop.com,Admin123!,556,pending,confirmed
admin@eshop.com,Admin123!,557,pending,confirmed
admin@eshop.com,Admin123!,558,pending,confirmed
admin@eshop.com,Admin123!,559,pending,confirmed
admin@eshop.com,Admin123!,560,pending,confirmed
admin@eshop.com,Admin123!,561,pending,confirmed
admin@eshop.com,Admin123!,565,pending,confirmed
admin@eshop.com,Admin123!,566,pending,confirmed
admin@eshop.com,Admin123!,567,pending,confirmed
admin@eshop.com,Admin123!,574,pending,confirmed
admin@eshop.com,Admin123!,572,pending,confirmed
admin@eshop.com,Admin123!,573,pending,confirmed
admin@eshop.com,Admin123!,568,pending,confirmed
admin@eshop.com,Admin123!,569,pending,confirmed
admin@eshop.com,Admin123!,570,pending,confirmed
admin@eshop.com,Admin123!,571,pending,confirmed
admin@eshop.com,Admin123!,575,pending,confirmed
admin@eshop.com,Admin123!,584,pending,confirmed
admin@eshop.com,Admin123!,585,pending,confirmed
admin@eshop.com,Admin123!,583,pending,confirmed
admin@eshop.com,Admin123!,576,pending,confirmed
admin@eshop.com,Admin123!,577,pending,confirmed
admin@eshop.com,Admin123!,578,pending,confirmed
admin@eshop.com,Admin123!,579,pending,confirmed
admin@eshop.com,Admin123!,580,pending,confirmed
admin@eshop.com,Admin123!,581,pending,confirmed
admin@eshop.com,Admin123!,582,pending,confirmed
admin@eshop.com,Admin123!,586,pending,confirmed
admin@eshop.com,Admin123!,590,pending,confirmed
admin@eshop.com,Admin123!,588,pending,confirmed
admin@eshop.com,Admin123!,589,pending,confirmed
admin@eshop.com,Admin123!,587,pending,confirmed
admin@eshop.com,Admin123!,591,pending,confirmed
admin@eshop.com,Admin123!,592,pending,confirmed
admin@eshop.com,Admin123!,596,pending,confirmed
admin@eshop.com,Admin123!,593,pending,confirmed
admin@eshop.com,Admin123!,594,pending,confirmed
admin@eshop.com,Admin123!,595,pending,confirmed
admin@eshop.com,Admin123!,597,pending,confirmed
admin@eshop.com,Admin123!,598,pending,confirmed
admin@eshop.com,Admin123!,599,pending,confirmed
admin@eshop.com,Admin123!,600,pending,confirmed
admin@eshop.com,Admin123!,601,pending,confirmed
admin@eshop.com,Admin123!,602,pending,confirmed
admin@eshop.com,Admin123!,603,pending,confirmed
admin@eshop.com,Admin123!,611,pending,confirmed
admin@eshop.com,Admin123!,604,pending,confirmed
admin@eshop.com,Admin123!,609,pending,confirmed
admin@eshop.com,Admin123!,605,pending,confirmed
admin@eshop.com,Admin123!,612,pending,confirmed
admin@eshop.com,Admin123!,610,pending,confirmed
admin@eshop.com,Admin123!,608,pending,confirmed
admin@eshop.com,Admin123!,606,pending,confirmed
admin@eshop.com,Admin123!,607,pending,confirmed
admin@eshop.com,Admin123!,613,pending,confirmed
admin@eshop.com,Admin123!,614,pending,confirmed
admin@eshop.com,Admin123!,615,pending,confirmed
admin@eshop.com,Admin123!,616,pending,confirmed
admin@eshop.com,Admin123!,620,pending,confirmed
admin@eshop.com,Admin123!,621,pending,confirmed
admin@eshop.com,Admin123!,619,pending,confirmed
admin@eshop.com,Admin123!,617,pending,confirmed
admin@eshop.com,Admin123!,618,pending,confirmed
admin@eshop.com,Admin123!,622,pending,confirmed
admin@eshop.com,Admin123!,627,pending,confirmed
admin@eshop.com,Admin123!,628,pending,confirmed
admin@eshop.com,Admin123!,629,pending,confirmed
admin@eshop.com,Admin123!,623,pending,confirmed
admin@eshop.com,Admin123!,624,pending,confirmed
admin@eshop.com,Admin123!,625,pending,confirmed
admin@eshop.com,Admin123!,626,pending,confirmed
admin@eshop.com,Admin123!,630,pending,confirmed
admin@eshop.com,Admin123!,635,pending,confirmed
admin@eshop.com,Admin123!,636,pending,confirmed
admin@eshop.com,Admin123!,637,pending,confirmed
admin@eshop.com,Admin123!,631,pending,confirmed
admin@eshop.com,Admin123!,632,pending,confirmed
admin@eshop.com,Admin123!,633,pending,confirmed
admin@eshop.com,Admin123!,634,pending,confirmed
admin@eshop.com,Admin123!,638,pending,confirmed
admin@eshop.com,Admin123!,645,pending,confirmed
admin@eshop.com,Admin123!,639,pending,confirmed
admin@eshop.com,Admin123!,646,pending,confirmed
admin@eshop.com,Admin123!,640,pending,confirmed
admin@eshop.com,Admin123!,641,pending,confirmed
admin@eshop.com,Admin123!,644,pending,confirmed
admin@eshop.com,Admin123!,642,pending,confirmed
admin@eshop.com,Admin123!,643,pending,confirmed
admin@eshop.com,Admin123!,647,pending,confirmed
admin@eshop.com,Admin123!,659,pending,confirmed
admin@eshop.com,Admin123!,657,pending,confirmed
admin@eshop.com,Admin123!,658,pending,confirmed
admin@eshop.com,Admin123!,648,pending,confirmed
admin@eshop.com,Admin123!,649,pending,confirmed
admin@eshop.com,Admin123!,650,pending,confirmed
admin@eshop.com,Admin123!,651,pending,confirmed
admin@eshop.com,Admin123!,652,pending,confirmed
admin@eshop.com,Admin123!,653,pending,confirmed
admin@eshop.com,Admin123!,654,pending,confirmed
admin@eshop.com,Admin123!,655,pending,confirmed
admin@eshop.com,Admin123!,656,pending,confirmed
admin@eshop.com,Admin123!,660,pending,confirmed
admin@eshop.com,Admin123!,662,pending,confirmed
admin@eshop.com,Admin123!,661,pending,confirmed
admin@eshop.com,Admin123!,665,pending,confirmed
admin@eshop.com,Admin123!,663,pending,confirmed
admin@eshop.com,Admin123!,664,pending,confirmed
admin@eshop.com,Admin123!,666,pending,confirmed
admin@eshop.com,Admin123!,667,pending,confirmed
admin@eshop.com,Admin123!,668,pending,confirmed
admin@eshop.com,Admin123!,669,pending,confirmed
admin@eshop.com,Admin123!,670,pending,confirmed
admin@eshop.com,Admin123!,671,pending,confirmed
admin@eshop.com,Admin123!,686,pending,confirmed
admin@eshop.com,Admin123!,684,pending,confirmed
admin@eshop.com,Admin123!,685,pending,confirmed
admin@eshop.com,Admin123!,672,pending,confirmed
admin@eshop.com,Admin123!,673,pending,confirmed
admin@eshop.com,Admin123!,674,pending,confirmed
admin@eshop.com,Admin123!,675,pending,confirmed
admin@eshop.com,Admin123!,676,pending,confirmed
admin@eshop.com,Admin123!,677,pending,confirmed
admin@eshop.com,Admin123!,678,pending,confirmed
admin@eshop.com,Admin123!,679,pending,confirmed
admin@eshop.com,Admin123!,680,pending,confirmed
admin@eshop.com,Admin123!,681,pending,confirmed
admin@eshop.com,Admin123!,682,pending,confirmed
admin@eshop.com,Admin123!,683,pending,confirmed
admin@eshop.com,Admin123!,687,pending,confirmed
admin@eshop.com,Admin123!,688,pending,confirmed
admin@eshop.com,Admin123!,689,pending,confirmed
admin@eshop.com,Admin123!,690,pending,confirmed
admin@eshop.com,Admin123!,691,pending,confirmed
admin@eshop.com,Admin123!,692,pending,confirmed
admin@eshop.com,Admin123!,693,pending,confirmed
admin@eshop.com,Admin123!,708,pending,confirmed
admin@eshop.com,Admin123!,694,pending,confirmed
admin@eshop.com,Admin123!,699,pending,confirmed
admin@eshop.com,Admin123!,695,pending,confirmed
admin@eshop.com,Admin123!,700,pending,confirmed
admin@eshop.com,Admin123!,696,pending,confirmed
admin@eshop.com,Admin123!,707,pending,confirmed
admin@eshop.com,Admin123!,698,pending,confirmed
admin@eshop.com,Admin123!,706,pending,confirmed
admin@eshop.com,Admin123!,697,pending,confirmed
admin@eshop.com,Admin123!,701,pending,confirmed
admin@eshop.com,Admin123!,702,pending,confirmed
admin@eshop.com,Admin123!,703,pending,confirmed
admin@eshop.com,Admin123!,704,pending,confirmed
admin@eshop.com,Admin123!,705,pending,confirmed
admin@eshop.com,Admin123!,709,pending,confirmed
admin@eshop.com,Admin123!,710,pending,confirmed
admin@eshop.com,Admin123!,714,pending,confirmed
admin@eshop.com,Admin123!,715,pending,confirmed
admin@eshop.com,Admin123!,716,pending,confirmed
admin@eshop.com,Admin123!,711,pending,confirmed
admin@eshop.com,Admin123!,712,pending,confirmed
admin@eshop.com,Admin123!,713,pending,confirmed
admin@eshop.com,Admin123!,717,pending,confirmed
admin@eshop.com,Admin123!,718,pending,confirmed
admin@eshop.com,Admin123!,730,pending,confirmed
admin@eshop.com,Admin123!,728,pending,confirmed
admin@eshop.com,Admin123!,719,pending,confirmed
admin@eshop.com,Admin123!,720,pending,confirmed
admin@eshop.com,Admin123!,721,pending,confirmed
admin@eshop.com,Admin123!,722,pending,confirmed
admin@eshop.com,Admin123!,725,pending,confirmed
admin@eshop.com,Admin123!,723,pending,confirmed
admin@eshop.com,Admin123!,726,pending,confirmed
admin@eshop.com,Admin123!,727,pending,confirmed
admin@eshop.com,Admin123!,724,pending,confirmed
admin@eshop.com,Admin123!,729,pending,confirmed
admin@eshop.com,Admin123!,732,pending,confirmed
admin@eshop.com,Admin123!,731,pending,confirmed
admin@eshop.com,Admin123!,733,pending,confirmed
admin@eshop.com,Admin123!,734,pending,confirmed
admin@eshop.com,Admin123!,738,pending,confirmed
admin@eshop.com,Admin123!,739,pending,confirmed
admin@eshop.com,Admin123!,737,pending,confirmed
admin@eshop.com,Admin123!,735,pending,confirmed
admin@eshop.com,Admin123!,736,pending,confirmed
admin@eshop.com,Admin123!,741,pending,confirmed
admin@eshop.com,Admin123!,740,pending,confirmed
admin@eshop.com,Admin123!,742,pending,confirmed
admin@eshop.com,Admin123!,743,pending,confirmed
admin@eshop.com,Admin123!,751,pending,confirmed
admin@eshop.com,Admin123!,749,pending,confirmed
admin@eshop.com,Admin123!,747,pending,confirmed
admin@eshop.com,Admin123!,744,pending,confirmed
admin@eshop.com,Admin123!,745,pending,confirmed
admin@eshop.com,Admin123!,746,pending,confirmed
admin@eshop.com,Admin123!,750,pending,confirmed
admin@eshop.com,Admin123!,748,pending,confirmed
admin@eshop.com,Admin123!,752,pending,confirmed
admin@eshop.com,Admin123!,759,pending,confirmed
admin@eshop.com,Admin123!,768,pending,confirmed
admin@eshop.com,Admin123!,766,pending,confirmed
admin@eshop.com,Admin123!,767,pending,confirmed
admin@eshop.com,Admin123!,753,pending,confirmed
admin@eshop.com,Admin123!,754,pending,confirmed
admin@eshop.com,Admin123!,755,pending,confirmed
admin@eshop.com,Admin123!,756,pending,confirmed
admin@eshop.com,Admin123!,763,pending,confirmed
admin@eshop.com,Admin123!,757,pending,confirmed
admin@eshop.com,Admin123!,764,pending,confirmed
admin@eshop.com,Admin123!,758,pending,confirmed
admin@eshop.com,Admin123!,760,pending,confirmed
admin@eshop.com,Admin123!,761,pending,confirmed
admin@eshop.com,Admin123!,762,pending,confirmed
admin@eshop.com,Admin123!,765,pending,confirmed
admin@eshop.com,Admin123!,769,pending,confirmed
admin@eshop.com,Admin123!,773,pending,confirmed
admin@eshop.com,Admin123!,770,pending,confirmed
admin@eshop.com,Admin123!,776,pending,confirmed
admin@eshop.com,Admin123!,771,pending,confirmed
admin@eshop.com,Admin123!,772,pending,confirmed
admin@eshop.com,Admin123!,774,pending,confirmed
admin@eshop.com,Admin123!,775,pending,confirmed
admin@eshop.com,Admin123!,777,pending,confirmed
admin@eshop.com,Admin123!,778,pending,confirmed
admin@eshop.com,Admin123!,785,pending,confirmed
admin@eshop.com,Admin123!,779,pending,confirmed
admin@eshop.com,Admin123!,786,pending,confirmed
admin@eshop.com,Admin123!,780,pending,confirmed
admin@eshop.com,Admin123!,787,pending,confirmed
admin@eshop.com,Admin123!,781,pending,confirmed
admin@eshop.com,Admin123!,789,pending,confirmed
admin@eshop.com,Admin123!,790,pending,confirmed
admin@eshop.com,Admin123!,788,pending,confirmed
admin@eshop.com,Admin123!,782,pending,confirmed
admin@eshop.com,Admin123!,783,pending,confirmed
admin@eshop.com,Admin123!,784,pending,confirmed
admin@eshop.com,Admin123!,792,pending,confirmed
admin@eshop.com,Admin123!,793,pending,confirmed
admin@eshop.com,Admin123!,791,pending,confirmed
admin@eshop.com,Admin123!,794,pending,confirmed
admin@eshop.com,Admin123!,798,pending,confirmed
admin@eshop.com,Admin123!,795,pending,confirmed
admin@eshop.com,Admin123!,796,pending,confirmed
admin@eshop.com,Admin123!,797,pending,confirmed
admin@eshop.com,Admin123!,799,pending,confirmed
admin@eshop.com,Admin123!,800,pending,confirmed
admin@eshop.com,Admin123!,801,pending,confirmed
admin@eshop.com,Admin123!,810,pending,confirmed
admin@eshop.com,Admin123!,802,pending,confirmed
admin@eshop.com,Admin123!,803,pending,confirmed
admin@eshop.com,Admin123!,804,pending,confirmed
admin@eshop.com,Admin123!,805,pending,confirmed
admin@eshop.com,Admin123!,811,pending,confirmed
admin@eshop.com,Admin123!,806,pending,confirmed
admin@eshop.com,Admin123!,807,pending,confirmed
admin@eshop.com,Admin123!,808,pending,confirmed
admin@eshop.com,Admin123!,809,pending,confirmed
admin@eshop.com,Admin123!,812,pending,confirmed
admin@eshop.com,Admin123!,813,pending,confirmed
admin@eshop.com,Admin123!,817,pending,confirmed
admin@eshop.com,Admin123!,815,pending,confirmed
admin@eshop.com,Admin123!,816,pending,confirmed
admin@eshop.com,Admin123!,814,pending,confirmed
admin@eshop.com,Admin123!,818,pending,confirmed
admin@eshop.com,Admin123!,819,pending,confirmed
admin@eshop.com,Admin123!,823,pending,confirmed
admin@eshop.com,Admin123!,824,pending,confirmed
admin@eshop.com,Admin123!,825,pending,confirmed
admin@eshop.com,Admin123!,820,pending,confirmed
admin@eshop.com,Admin123!,821,pending,confirmed
admin@eshop.com,Admin123!,822,pending,confirmed
admin@eshop.com,Admin123!,826,pending,confirmed
admin@eshop.com,Admin123!,830,pending,confirmed
admin@eshop.com,Admin123!,831,pending,confirmed
admin@eshop.com,Admin123!,829,pending,confirmed
admin@eshop.com,Admin123!,827,pending,confirmed
admin@eshop.com,Admin123!,828,pending,confirmed
admin@eshop.com,Admin123!,832,pending,confirmed
admin@eshop.com,Admin123!,837,pending,confirmed
admin@eshop.com,Admin123!,838,pending,confirmed
admin@eshop.com,Admin123!,839,pending,confirmed
admin@eshop.com,Admin123!,833,pending,confirmed
admin@eshop.com,Admin123!,834,pending,confirmed
admin@eshop.com,Admin123!,835,pending,confirmed
admin@eshop.com,Admin123!,836,pending,confirmed
admin@eshop.com,Admin123!,840,pending,confirmed
admin@eshop.com,Admin123!,843,pending,confirmed
admin@eshop.com,Admin123!,841,pending,confirmed
admin@eshop.com,Admin123!,842,pending,confirmed
admin@eshop.com,Admin123!,844,pending,confirmed
admin@eshop.com,Admin123!,848,pending,confirmed
admin@eshop.com,Admin123!,846,pending,confirmed
admin@eshop.com,Admin123!,847,pending,confirmed
admin@eshop.com,Admin123!,845,pending,confirmed
admin@eshop.com,Admin123!,852,pending,confirmed
admin@eshop.com,Admin123!,849,pending,confirmed
admin@eshop.com,Admin123!,853,pending,confirmed
admin@eshop.com,Admin123!,850,pending,confirmed
admin@eshop.com,Admin123!,851,pending,confirmed
admin@eshop.com,Admin123!,854,pending,confirmed
admin@eshop.com,Admin123!,855,pending,confirmed
admin@eshop.com,Admin123!,856,pending,confirmed
admin@eshop.com,Admin123!,859,pending,confirmed
admin@eshop.com,Admin123!,860,pending,confirmed
admin@eshop.com,Admin123!,857,pending,confirmed
admin@eshop.com,Admin123!,858,pending,confirmed
admin@eshop.com,Admin123!,863,pending,confirmed
admin@eshop.com,Admin123!,864,pending,confirmed
admin@eshop.com,Admin123!,862,pending,confirmed
admin@eshop.com,Admin123!,861,pending,confirmed
admin@eshop.com,Admin123!,865,pending,confirmed
admin@eshop.com,Admin123!,866,pending,confirmed
admin@eshop.com,Admin123!,867,pending,confirmed
admin@eshop.com,Admin123!,868,pending,confirmed
admin@eshop.com,Admin123!,875,pending,confirmed
admin@eshop.com,Admin123!,876,pending,confirmed
admin@eshop.com,Admin123!,877,pending,confirmed
admin@eshop.com,Admin123!,869,pending,confirmed
admin@eshop.com,Admin123!,870,pending,confirmed
admin@eshop.com,Admin123!,871,pending,confirmed
admin@eshop.com,Admin123!,872,pending,confirmed
admin@eshop.com,Admin123!,873,pending,confirmed
admin@eshop.com,Admin123!,874,pending,confirmed
admin@eshop.com,Admin123!,878,pending,confirmed
admin@eshop.com,Admin123!,882,pending,confirmed
admin@eshop.com,Admin123!,880,pending,confirmed
admin@eshop.com,Admin123!,881,pending,confirmed
admin@eshop.com,Admin123!,879,pending,confirmed
admin@eshop.com,Admin123!,883,pending,confirmed
admin@eshop.com,Admin123!,890,pending,confirmed
admin@eshop.com,Admin123!,888,pending,confirmed
admin@eshop.com,Admin123!,889,pending,confirmed
admin@eshop.com,Admin123!,884,pending,confirmed
admin@eshop.com,Admin123!,885,pending,confirmed
admin@eshop.com,Admin123!,886,pending,confirmed
admin@eshop.com,Admin123!,887,pending,confirmed
admin@eshop.com,Admin123!,891,pending,confirmed
admin@eshop.com,Admin123!,902,pending,confirmed
admin@eshop.com,Admin123!,900,pending,confirmed
admin@eshop.com,Admin123!,901,pending,confirmed
admin@eshop.com,Admin123!,892,pending,confirmed
admin@eshop.com,Admin123!,893,pending,confirmed
admin@eshop.com,Admin123!,896,pending,confirmed
admin@eshop.com,Admin123!,894,pending,confirmed
admin@eshop.com,Admin123!,895,pending,confirmed
admin@eshop.com,Admin123!,897,pending,confirmed
admin@eshop.com,Admin123!,898,pending,confirmed
admin@eshop.com,Admin123!,899,pending,confirmed
admin@eshop.com,Admin123!,903,pending,confirmed
admin@eshop.com,Admin123!,910,pending,confirmed
admin@eshop.com,Admin123!,905,pending,confirmed
admin@eshop.com,Admin123!,909,pending,confirmed
admin@eshop.com,Admin123!,904,pending,confirmed
admin@eshop.com,Admin123!,911,pending,confirmed
admin@eshop.com,Admin123!,906,pending,confirmed
admin@eshop.com,Admin123!,907,pending,confirmed
admin@eshop.com,Admin123!,908,pending,confirmed
admin@eshop.com,Admin123!,914,pending,confirmed
admin@eshop.com,Admin123!,912,pending,confirmed
admin@eshop.com,Admin123!,915,pending,confirmed
admin@eshop.com,Admin123!,913,pending,confirmed
admin@eshop.com,Admin123!,916,pending,confirmed
admin@eshop.com,Admin123!,917,pending,confirmed
admin@eshop.com,Admin123!,924,pending,confirmed
admin@eshop.com,Admin123!,922,pending,confirmed
admin@eshop.com,Admin123!,923,pending,confirmed
admin@eshop.com,Admin123!,918,pending,confirmed
admin@eshop.com,Admin123!,919,pending,confirmed
admin@eshop.com,Admin123!,920,pending,confirmed
admin@eshop.com,Admin123!,921,pending,confirmed
admin@eshop.com,Admin123!,925,pending,confirmed
admin@eshop.com,Admin123!,933,pending,confirmed
admin@eshop.com,Admin123!,934,pending,confirmed
admin@eshop.com,Admin123!,932,pending,confirmed
admin@eshop.com,Admin123!,926,pending,confirmed
admin@eshop.com,Admin123!,927,pending,confirmed
admin@eshop.com,Admin123!,928,pending,confirmed
admin@eshop.com,Admin123!,929,pending,confirmed
admin@eshop.com,Admin123!,930,pending,confirmed
admin@eshop.com,Admin123!,931,pending,confirmed
admin@eshop.com,Admin123!,935,pending,confirmed
admin@eshop.com,Admin123!,938,pending,confirmed
admin@eshop.com,Admin123!,939,pending,confirmed
admin@eshop.com,Admin123!,940,pending,confirmed
admin@eshop.com,Admin123!,936,pending,confirmed
admin@eshop.com,Admin123!,937,pending,confirmed
admin@eshop.com,Admin123!,941,pending,confirmed
admin@eshop.com,Admin123!,942,pending,confirmed
admin@eshop.com,Admin123!,946,pending,confirmed
admin@eshop.com,Admin123!,943,pending,confirmed
admin@eshop.com,Admin123!,944,pending,confirmed
admin@eshop.com,Admin123!,945,pending,confirmed
admin@eshop.com,Admin123!,949,pending,confirmed
admin@eshop.com,Admin123!,947,pending,confirmed
admin@eshop.com,Admin123!,948,pending,confirmed
admin@eshop.com,Admin123!,950,pending,confirmed
admin@eshop.com,Admin123!,954,pending,confirmed
admin@eshop.com,Admin123!,952,pending,confirmed
admin@eshop.com,Admin123!,953,pending,confirmed
admin@eshop.com,Admin123!,957,pending,confirmed
admin@eshop.com,Admin123!,951,pending,confirmed
admin@eshop.com,Admin123!,958,pending,confirmed
admin@eshop.com,Admin123!,955,pending,confirmed
admin@eshop.com,Admin123!,959,pending,confirmed
admin@eshop.com,Admin123!,956,pending,confirmed
admin@eshop.com,Admin123!,960,pending,confirmed
admin@eshop.com,Admin123!,961,pending,confirmed
admin@eshop.com,Admin123!,962,pending,confirmed
admin@eshop.com,Admin123!,963,pending,confirmed
admin@eshop.com,Admin123!,965,pending,confirmed
admin@eshop.com,Admin123!,964,pending,confirmed
admin@eshop.com,Admin123!,966,pending,confirmed
admin@eshop.com,Admin123!,972,pending,confirmed
admin@eshop.com,Admin123!,967,pending,confirmed
admin@eshop.com,Admin123!,971,pending,confirmed
admin@eshop.com,Admin123!,969,pending,confirmed
admin@eshop.com,Admin123!,970,pending,confirmed
admin@eshop.com,Admin123!,968,pending,confirmed
admin@eshop.com,Admin123!,973,pending,confirmed
admin@eshop.com,Admin123!,974,pending,confirmed
admin@eshop.com,Admin123!,979,pending,confirmed
admin@eshop.com,Admin123!,980,pending,confirmed
admin@eshop.com,Admin123!,975,pending,confirmed
admin@eshop.com,Admin123!,981,pending,confirmed
admin@eshop.com,Admin123!,976,pending,confirmed
admin@eshop.com,Admin123!,984,pending,confirmed
admin@eshop.com,Admin123!,982,pending,confirmed
admin@eshop.com,Admin123!,983,pending,confirmed
admin@eshop.com,Admin123!,977,pending,confirmed
admin@eshop.com,Admin123!,978,pending,confirmed
admin@eshop.com,Admin123!,988,pending,confirmed
admin@eshop.com,Admin123!,986,pending,confirmed
admin@eshop.com,Admin123!,987,pending,confirmed
admin@eshop.com,Admin123!,985,pending,confirmed
admin@eshop.com,Admin123!,989,pending,confirmed
admin@eshop.com,Admin123!,990,pending,confirmed
admin@eshop.com,Admin123!,991,pending,confirmed
admin@eshop.com,Admin123!,992,pending,confirmed
admin@eshop.com,Admin123!,994,pending,confirmed
admin@eshop.com,Admin123!,993,pending,confirmed
admin@eshop.com,Admin123!,997,pending,confirmed
admin@eshop.com,Admin123!,995,pending,confirmed
admin@eshop.com,Admin123!,998,pending,confirmed
admin@eshop.com,Admin123!,996,pending,confirmed
admin@eshop.com,Admin123!,999,pending,confirmed
admin@eshop.com,Admin123!,1000,pending,confirmed
admin@eshop.com,Admin123!,1001,pending,confirmed
admin@eshop.com,Admin123!,1011,pending,confirmed
admin@eshop.com,Admin123!,1012,pending,confirmed
admin@eshop.com,Admin123!,1002,pending,confirmed
admin@eshop.com,Admin123!,1006,pending,confirmed
admin@eshop.com,Admin123!,1014,pending,confirmed
admin@eshop.com,Admin123!,1005,pending,confirmed
admin@eshop.com,Admin123!,1003,pending,confirmed
admin@eshop.com,Admin123!,1004,pending,confirmed
admin@eshop.com,Admin123!,1013,pending,confirmed
admin@eshop.com,Admin123!,1015,pending,confirmed
admin@eshop.com,Admin123!,1007,pending,confirmed
admin@eshop.com,Admin123!,1008,pending,confirmed
admin@eshop.com,Admin123!,1009,pending,confirmed
admin@eshop.com,Admin123!,1010,pending,confirmed
admin@eshop.com,Admin123!,1016,pending,confirmed
admin@eshop.com,Admin123!,1025,pending,confirmed
admin@eshop.com,Admin123!,1017,pending,confirmed
admin@eshop.com,Admin123!,1021,pending,confirmed
admin@eshop.com,Admin123!,1019,pending,confirmed
admin@eshop.com,Admin123!,1020,pending,confirmed
admin@eshop.com,Admin123!,1018,pending,confirmed
admin@eshop.com,Admin123!,1022,pending,confirmed
admin@eshop.com,Admin123!,1023,pending,confirmed
admin@eshop.com,Admin123!,1024,pending,confirmed
admin@eshop.com,Admin123!,1026,pending,confirmed
admin@eshop.com,Admin123!,1027,pending,confirmed
admin@eshop.com,Admin123!,1028,pending,confirmed
admin@eshop.com,Admin123!,1029,pending,confirmed
admin@eshop.com,Admin123!,1030,pending,confirmed
admin@eshop.com,Admin123!,1031,pending,confirmed
admin@eshop.com,Admin123!,1035,pending,confirmed
admin@eshop.com,Admin123!,1033,pending,confirmed
admin@eshop.com,Admin123!,1034,pending,confirmed
admin@eshop.com,Admin123!,1032,pending,confirmed
admin@eshop.com,Admin123!,1043,pending,confirmed
admin@eshop.com,Admin123!,1042,pending,confirmed
admin@eshop.com,Admin123!,1036,pending,confirmed
admin@eshop.com,Admin123!,1037,pending,confirmed
admin@eshop.com,Admin123!,1038,pending,confirmed
admin@eshop.com,Admin123!,1039,pending,confirmed
admin@eshop.com,Admin123!,1040,pending,confirmed
admin@eshop.com,Admin123!,1041,pending,confirmed
admin@eshop.com,Admin123!,1044,pending,confirmed
admin@eshop.com,Admin123!,1049,pending,confirmed
admin@eshop.com,Admin123!,1045,pending,confirmed
admin@eshop.com,Admin123!,1048,pending,confirmed
admin@eshop.com,Admin123!,1046,pending,confirmed
admin@eshop.com,Admin123!,1047,pending,confirmed
admin@eshop.com,Admin123!,1050,pending,confirmed
admin@eshop.com,Admin123!,1051,pending,confirmed
admin@eshop.com,Admin123!,1053,pending,confirmed
admin@eshop.com,Admin123!,1054,pending,confirmed
admin@eshop.com,Admin123!,1052,pending,confirmed
admin@eshop.com,Admin123!,1055,pending,confirmed
admin@eshop.com,Admin123!,1056,pending,confirmed
admin@eshop.com,Admin123!,1067,pending,confirmed
admin@eshop.com,Admin123!,1065,pending,confirmed
admin@eshop.com,Admin123!,1066,pending,confirmed
admin@eshop.com,Admin123!,1057,pending,confirmed
admin@eshop.com,Admin123!,1058,pending,confirmed
admin@eshop.com,Admin123!,1059,pending,confirmed
admin@eshop.com,Admin123!,1060,pending,confirmed
admin@eshop.com,Admin123!,1061,pending,confirmed
admin@eshop.com,Admin123!,1062,pending,confirmed
admin@eshop.com,Admin123!,1063,pending,confirmed
admin@eshop.com,Admin123!,1064,pending,confirmed
admin@eshop.com,Admin123!,1068,pending,confirmed
admin@eshop.com,Admin123!,1075,pending,confirmed
admin@eshop.com,Admin123!,1069,pending,confirmed
admin@eshop.com,Admin123!,1076,pending,confirmed
admin@eshop.com,Admin123!,1070,pending,confirmed
admin@eshop.com,Admin123!,1071,pending,confirmed
admin@eshop.com,Admin123!,1074,pending,confirmed
admin@eshop.com,Admin123!,1072,pending,confirmed
admin@eshop.com,Admin123!,1073,pending,confirmed
admin@eshop.com,Admin123!,1077,pending,confirmed
admin@eshop.com,Admin123!,1089,pending,confirmed
admin@eshop.com,Admin123!,1087,pending,confirmed
admin@eshop.com,Admin123!,1088,pending,confirmed
admin@eshop.com,Admin123!,1078,pending,confirmed
admin@eshop.com,Admin123!,1079,pending,confirmed
admin@eshop.com,Admin123!,1080,pending,confirmed
admin@eshop.com,Admin123!,1081,pending,confirmed
admin@eshop.com,Admin123!,1082,pending,confirmed
admin@eshop.com,Admin123!,1083,pending,confirmed
admin@eshop.com,Admin123!,1084,pending,confirmed
admin@eshop.com,Admin123!,1085,pending,confirmed
admin@eshop.com,Admin123!,1086,pending,confirmed
admin@eshop.com,Admin123!,1090,pending,confirmed
admin@eshop.com,Admin123!,1092,pending,confirmed
admin@eshop.com,Admin123!,1091,pending,confirmed
admin@eshop.com,Admin123!,1097,pending,confirmed
admin@eshop.com,Admin123!,1094,pending,confirmed
admin@eshop.com,Admin123!,1093,pending,confirmed
admin@eshop.com,Admin123!,1095,pending,confirmed
admin@eshop.com,Admin123!,1096,pending,confirmed
admin@eshop.com,Admin123!,1098,pending,confirmed
admin@eshop.com,Admin123!,1099,pending,confirmed
admin@eshop.com,Admin123!,1101,pending,confirmed
admin@eshop.com,Admin123!,1100,pending,confirmed
admin@eshop.com,Admin123!,1115,pending,confirmed
admin@eshop.com,Admin123!,1104,pending,confirmed
admin@eshop.com,Admin123!,1105,pending,confirmed
admin@eshop.com,Admin123!,1102,pending,confirmed
admin@eshop.com,Admin123!,1113,pending,confirmed
admin@eshop.com,Admin123!,1114,pending,confirmed
admin@eshop.com,Admin123!,1103,pending,confirmed
admin@eshop.com,Admin123!,1106,pending,confirmed
admin@eshop.com,Admin123!,1107,pending,confirmed
admin@eshop.com,Admin123!,1108,pending,confirmed
admin@eshop.com,Admin123!,1109,pending,confirmed
admin@eshop.com,Admin123!,1110,pending,confirmed
admin@eshop.com,Admin123!,1111,pending,confirmed
admin@eshop.com,Admin123!,1112,pending,confirmed
admin@eshop.com,Admin123!,1117,pending,confirmed
admin@eshop.com,Admin123!,1116,pending,confirmed
admin@eshop.com,Admin123!,1118,pending,confirmed
admin@eshop.com,Admin123!,1119,pending,confirmed
admin@eshop.com,Admin123!,1120,pending,confirmed
admin@eshop.com,Admin123!,1121,pending,confirmed
admin@eshop.com,Admin123!,1122,pending,confirmed
admin@eshop.com,Admin123!,1123,pending,confirmed
admin@eshop.com,Admin123!,1124,pending,confirmed
admin@eshop.com,Admin123!,1137,pending,confirmed
admin@eshop.com,Admin123!,1125,pending,confirmed
admin@eshop.com,Admin123!,1134,pending,confirmed
admin@eshop.com,Admin123!,1136,pending,confirmed
admin@eshop.com,Admin123!,1135,pending,confirmed
admin@eshop.com,Admin123!,1126,pending,confirmed
admin@eshop.com,Admin123!,1127,pending,confirmed
admin@eshop.com,Admin123!,1128,pending,confirmed
admin@eshop.com,Admin123!,1129,pending,confirmed
admin@eshop.com,Admin123!,1130,pending,confirmed
admin@eshop.com,Admin123!,1131,pending,confirmed
admin@eshop.com,Admin123!,1132,pending,confirmed
admin@eshop.com,Admin123!,1133,pending,confirmed
admin@eshop.com,Admin123!,1138,pending,confirmed
admin@eshop.com,Admin123!,1140,pending,confirmed
admin@eshop.com,Admin123!,1139,pending,confirmed
admin@eshop.com,Admin123!,1141,pending,confirmed
admin@eshop.com,Admin123!,1145,pending,confirmed
admin@eshop.com,Admin123!,1146,pending,confirmed
admin@eshop.com,Admin123!,1144,pending,confirmed
admin@eshop.com,Admin123!,1142,pending,confirmed
admin@eshop.com,Admin123!,1143,pending,confirmed
admin@eshop.com,Admin123!,1147,pending,confirmed
admin@eshop.com,Admin123!,1154,pending,confirmed
admin@eshop.com,Admin123!,1148,pending,confirmed
admin@eshop.com,Admin123!,1149,pending,confirmed
admin@eshop.com,Admin123!,1155,pending,confirmed
admin@eshop.com,Admin123!,1150,pending,confirmed
admin@eshop.com,Admin123!,1156,pending,confirmed
admin@eshop.com,Admin123!,1151,pending,confirmed
admin@eshop.com,Admin123!,1162,pending,confirmed
admin@eshop.com,Admin123!,1160,pending,confirmed
admin@eshop.com,Admin123!,1161,pending,confirmed
admin@eshop.com,Admin123!,1152,pending,confirmed
admin@eshop.com,Admin123!,1153,pending,confirmed
admin@eshop.com,Admin123!,1157,pending,confirmed
admin@eshop.com,Admin123!,1158,pending,confirmed
admin@eshop.com,Admin123!,1159,pending,confirmed
admin@eshop.com,Admin123!,1168,pending,confirmed
admin@eshop.com,Admin123!,1163,pending,confirmed
admin@eshop.com,Admin123!,1169,pending,confirmed
admin@eshop.com,Admin123!,1167,pending,confirmed
admin@eshop.com,Admin123!,1164,pending,confirmed
admin@eshop.com,Admin123!,1165,pending,confirmed
admin@eshop.com,Admin123!,1166,pending,confirmed
admin@eshop.com,Admin123!,1170,pending,confirmed
admin@eshop.com,Admin123!,1171,pending,confirmed
admin@eshop.com,Admin123!,1175,pending,confirmed
admin@eshop.com,Admin123!,1176,pending,confirmed
admin@eshop.com,Admin123!,1172,pending,confirmed
admin@eshop.com,Admin123!,1178,pending,confirmed
admin@eshop.com,Admin123!,1177,pending,confirmed
admin@eshop.com,Admin123!,1179,pending,confirmed
admin@eshop.com,Admin123!,1173,pending,confirmed
admin@eshop.com,Admin123!,1174,pending,confirmed
admin@eshop.com,Admin123!,1180,pending,confirmed
admin@eshop.com,Admin123!,1182,pending,confirmed
admin@eshop.com,Admin123!,1183,pending,confirmed
admin@eshop.com,Admin123!,1181,pending,confirmed
admin@eshop.com,Admin123!,1184,pending,confirmed
admin@eshop.com,Admin123!,1185,pending,confirmed
admin@eshop.com,Admin123!,1187,pending,confirmed
admin@eshop.com,Admin123!,1186,pending,confirmed
admin@eshop.com,Admin123!,1188,pending,confirmed
admin@eshop.com,Admin123!,1189,pending,confirmed
admin@eshop.com,Admin123!,1190,pending,confirmed
admin@eshop.com,Admin123!,1191,pending,confirmed
admin@eshop.com,Admin123!,1194,pending,confirmed
admin@eshop.com,Admin123!,1192,pending,confirmed
admin@eshop.com,Admin123!,1195,pending,confirmed
admin@eshop.com,Admin123!,1193,pending,confirmed
admin@eshop.com,Admin123!,1196,pending,confirmed
admin@eshop.com,Admin123!,1198,pending,confirmed
admin@eshop.com,Admin123!,1206,pending,confirmed
admin@eshop.com,Admin123!,1200,pending,confirmed
admin@eshop.com,Admin123!,1197,pending,confirmed
admin@eshop.com,Admin123!,1205,pending,confirmed
admin@eshop.com,Admin123!,1199,pending,confirmed
admin@eshop.com,Admin123!,1204,pending,confirmed
admin@eshop.com,Admin123!,1201,pending,confirmed
admin@eshop.com,Admin123!,1202,pending,confirmed
admin@eshop.com,Admin123!,1203,pending,confirmed
admin@eshop.com,Admin123!,1207,pending,confirmed
admin@eshop.com,Admin123!,1208,pending,confirmed
admin@eshop.com,Admin123!,1209,pending,confirmed
admin@eshop.com,Admin123!,1210,pending,confirmed
admin@eshop.com,Admin123!,1214,pending,confirmed
admin@eshop.com,Admin123!,1211,pending,confirmed
admin@eshop.com,Admin123!,1215,pending,confirmed
admin@eshop.com,Admin123!,1212,pending,confirmed
admin@eshop.com,Admin123!,1216,pending,confirmed
admin@eshop.com,Admin123!,1221,pending,confirmed
admin@eshop.com,Admin123!,1213,pending,confirmed
admin@eshop.com,Admin123!,1219,pending,confirmed
admin@eshop.com,Admin123!,1220,pending,confirmed
admin@eshop.com,Admin123!,1217,pending,confirmed
admin@eshop.com,Admin123!,1218,pending,confirmed
admin@eshop.com,Admin123!,1222,pending,confirmed
admin@eshop.com,Admin123!,1226,pending,confirmed
admin@eshop.com,Admin123!,1227,pending,confirmed
admin@eshop.com,Admin123!,1228,pending,confirmed
admin@eshop.com,Admin123!,1223,pending,confirmed
admin@eshop.com,Admin123!,1224,pending,confirmed
admin@eshop.com,Admin123!,1225,pending,confirmed
admin@eshop.com,Admin123!,1229,pending,confirmed
admin@eshop.com,Admin123!,1231,pending,confirmed
admin@eshop.com,Admin123!,1230,pending,confirmed
admin@eshop.com,Admin123!,1240,pending,confirmed
admin@eshop.com,Admin123!,1232,pending,confirmed
admin@eshop.com,Admin123!,1233,pending,confirmed
admin@eshop.com,Admin123!,1242,pending,confirmed
admin@eshop.com,Admin123!,1234,pending,confirmed
admin@eshop.com,Admin123!,1239,pending,confirmed
admin@eshop.com,Admin123!,1241,pending,confirmed
admin@eshop.com,Admin123!,1235,pending,confirmed
admin@eshop.com,Admin123!,1236,pending,confirmed
admin@eshop.com,Admin123!,1237,pending,confirmed
admin@eshop.com,Admin123!,1238,pending,confirmed
admin@eshop.com,Admin123!,1243,pending,confirmed
admin@eshop.com,Admin123!,1245,pending,confirmed
admin@eshop.com,Admin123!,1246,pending,confirmed
admin@eshop.com,Admin123!,1244,pending,confirmed
admin@eshop.com,Admin123!,1254,pending,confirmed
admin@eshop.com,Admin123!,1248,pending,confirmed
admin@eshop.com,Admin123!,1247,pending,confirmed
admin@eshop.com,Admin123!,1251,pending,confirmed
admin@eshop.com,Admin123!,1253,pending,confirmed
admin@eshop.com,Admin123!,1250,pending,confirmed
admin@eshop.com,Admin123!,1249,pending,confirmed
admin@eshop.com,Admin123!,1252,pending,confirmed
admin@eshop.com,Admin123!,1255,pending,confirmed
admin@eshop.com,Admin123!,1256,pending,confirmed
admin@eshop.com,Admin123!,1257,pending,confirmed
admin@eshop.com,Admin123!,1265,pending,confirmed
admin@eshop.com,Admin123!,1266,pending,confirmed
admin@eshop.com,Admin123!,1267,pending,confirmed
admin@eshop.com,Admin123!,1258,pending,confirmed
admin@eshop.com,Admin123!,1259,pending,confirmed
admin@eshop.com,Admin123!,1260,pending,confirmed
admin@eshop.com,Admin123!,1261,pending,confirmed
admin@eshop.com,Admin123!,1262,pending,confirmed
admin@eshop.com,Admin123!,1263,pending,confirmed
admin@eshop.com,Admin123!,1264,pending,confirmed
admin@eshop.com,Admin123!,1268,pending,confirmed
admin@eshop.com,Admin123!,1272,pending,confirmed
admin@eshop.com,Admin123!,1270,pending,confirmed
admin@eshop.com,Admin123!,1274,pending,confirmed
admin@eshop.com,Admin123!,1269,pending,confirmed
admin@eshop.com,Admin123!,1275,pending,confirmed
admin@eshop.com,Admin123!,1273,pending,confirmed
admin@eshop.com,Admin123!,1271,pending,confirmed
admin@eshop.com,Admin123!,1278,pending,confirmed
admin@eshop.com,Admin123!,1279,pending,confirmed
admin@eshop.com,Admin123!,1277,pending,confirmed
admin@eshop.com,Admin123!,1276,pending,confirmed
admin@eshop.com,Admin123!,1280,pending,confirmed
admin@eshop.com,Admin123!,1284,pending,confirmed
admin@eshop.com,Admin123!,1285,pending,confirmed
admin@eshop.com,Admin123!,1283,pending,confirmed
admin@eshop.com,Admin123!,1281,pending,confirmed
admin@eshop.com,Admin123!,1282,pending,confirmed
admin@eshop.com,Admin123!,1288,pending,confirmed
admin@eshop.com,Admin123!,1286,pending,confirmed
admin@eshop.com,Admin123!,1292,pending,confirmed
admin@eshop.com,Admin123!,1287,pending,confirmed
admin@eshop.com,Admin123!,1290,pending,confirmed
admin@eshop.com,Admin123!,1291,pending,confirmed
admin@eshop.com,Admin123!,1289,pending,confirmed
admin@eshop.com,Admin123!,1293,pending,confirmed
admin@eshop.com,Admin123!,1298,pending,confirmed
admin@eshop.com,Admin123!,1301,pending,confirmed
admin@eshop.com,Admin123!,1299,pending,confirmed
admin@eshop.com,Admin123!,1294,pending,confirmed
admin@eshop.com,Admin123!,1295,pending,confirmed
admin@eshop.com,Admin123!,1296,pending,confirmed
admin@eshop.com,Admin123!,1297,pending,confirmed
admin@eshop.com,Admin123!,1300,pending,confirmed
admin@eshop.com,Admin123!,1302,pending,confirmed
admin@eshop.com,Admin123!,1303,pending,confirmed
admin@eshop.com,Admin123!,1304,pending,confirmed
admin@eshop.com,Admin123!,1305,pending,confirmed
admin@eshop.com,Admin123!,1313,pending,confirmed
admin@eshop.com,Admin123!,1314,pending,confirmed
admin@eshop.com,Admin123!,1312,pending,confirmed
admin@eshop.com,Admin123!,1306,pending,confirmed
admin@eshop.com,Admin123!,1307,pending,confirmed
admin@eshop.com,Admin123!,1308,pending,confirmed
admin@eshop.com,Admin123!,1309,pending,confirmed
admin@eshop.com,Admin123!,1310,pending,confirmed
admin@eshop.com,Admin123!,1311,pending,confirmed
admin@eshop.com,Admin123!,1315,pending,confirmed
admin@eshop.com,Admin123!,1326,pending,confirmed
admin@eshop.com,Admin123!,1320,pending,confirmed
admin@eshop.com,Admin123!,1316,pending,confirmed
admin@eshop.com,Admin123!,1321,pending,confirmed
admin@eshop.com,Admin123!,1322,pending,confirmed
admin@eshop.com,Admin123!,1317,pending,confirmed
admin@eshop.com,Admin123!,1318,pending,confirmed
admin@eshop.com,Admin123!,1319,pending,confirmed
admin@eshop.com,Admin123!,1323,pending,confirmed
admin@eshop.com,Admin123!,1324,pending,confirmed
admin@eshop.com,Admin123!,1325,pending,confirmed
admin@eshop.com,Admin123!,1327,pending,confirmed
admin@eshop.com,Admin123!,1328,pending,confirmed
admin@eshop.com,Admin123!,1334,pending,confirmed
admin@eshop.com,Admin123!,1329,pending,confirmed
admin@eshop.com,Admin123!,1330,pending,confirmed
admin@eshop.com,Admin123!,1331,pending,confirmed
admin@eshop.com,Admin123!,1335,pending,confirmed
admin@eshop.com,Admin123!,1332,pending,confirmed
admin@eshop.com,Admin123!,1336,pending,confirmed
admin@eshop.com,Admin123!,1333,pending,confirmed
admin@eshop.com,Admin123!,1338,pending,confirmed
admin@eshop.com,Admin123!,1339,pending,confirmed
admin@eshop.com,Admin123!,1337,pending,confirmed
admin@eshop.com,Admin123!,1340,pending,confirmed
admin@eshop.com,Admin123!,1347,pending,confirmed
admin@eshop.com,Admin123!,1341,pending,confirmed
admin@eshop.com,Admin123!,1346,pending,confirmed
admin@eshop.com,Admin123!,1342,pending,confirmed
admin@eshop.com,Admin123!,1344,pending,confirmed
admin@eshop.com,Admin123!,1343,pending,confirmed
admin@eshop.com,Admin123!,1345,pending,confirmed
admin@eshop.com,Admin123!,1348,pending,confirmed
admin@eshop.com,Admin123!,1349,pending,confirmed
admin@eshop.com,Admin123!,1350,pending,confirmed
admin@eshop.com,Admin123!,1351,pending,confirmed
admin@eshop.com,Admin123!,1352,pending,confirmed
admin@eshop.com,Admin123!,1356,pending,confirmed
admin@eshop.com,Admin123!,1357,pending,confirmed
admin@eshop.com,Admin123!,1358,pending,confirmed
admin@eshop.com,Admin123!,1353,pending,confirmed
admin@eshop.com,Admin123!,1354,pending,confirmed
admin@eshop.com,Admin123!,1355,pending,confirmed
admin@eshop.com,Admin123!,1363,pending,confirmed
admin@eshop.com,Admin123!,1359,pending,confirmed
admin@eshop.com,Admin123!,1361,pending,confirmed
admin@eshop.com,Admin123!,1362,pending,confirmed
admin@eshop.com,Admin123!,1360,pending,confirmed
admin@eshop.com,Admin123!,1364,pending,confirmed
admin@eshop.com,Admin123!,1372,pending,confirmed
admin@eshop.com,Admin123!,1371,pending,confirmed
admin@eshop.com,Admin123!,1370,pending,confirmed
admin@eshop.com,Admin123!,1365,pending,confirmed
admin@eshop.com,Admin123!,1366,pending,confirmed
admin@eshop.com,Admin123!,1367,pending,confirmed
admin@eshop.com,Admin123!,1368,pending,confirmed
admin@eshop.com,Admin123!,1369,pending,confirmed
admin@eshop.com,Admin123!,1373,pending,confirmed
admin@eshop.com,Admin123!,1378,pending,confirmed
admin@eshop.com,Admin123!,1374,pending,confirmed
admin@eshop.com,Admin123!,1382,pending,confirmed
admin@eshop.com,Admin123!,1375,pending,confirmed
admin@eshop.com,Admin123!,1376,pending,confirmed
admin@eshop.com,Admin123!,1377,pending,confirmed
admin@eshop.com,Admin123!,1383,pending,confirmed
admin@eshop.com,Admin123!,1381,pending,confirmed
admin@eshop.com,Admin123!,1379,pending,confirmed
admin@eshop.com,Admin123!,1380,pending,confirmed
admin@eshop.com,Admin123!,1384,pending,confirmed
admin@eshop.com,Admin123!,1388,pending,confirmed
admin@eshop.com,Admin123!,1396,pending,confirmed
admin@eshop.com,Admin123!,1392,pending,confirmed
admin@eshop.com,Admin123!,1395,pending,confirmed
admin@eshop.com,Admin123!,1385,pending,confirmed
admin@eshop.com,Admin123!,1386,pending,confirmed
admin@eshop.com,Admin123!,1387,pending,confirmed
admin@eshop.com,Admin123!,1394,pending,confirmed
admin@eshop.com,Admin123!,1391,pending,confirmed
admin@eshop.com,Admin123!,1389,pending,confirmed
admin@eshop.com,Admin123!,1390,pending,confirmed
admin@eshop.com,Admin123!,1393,pending,confirmed
admin@eshop.com,Admin123!,1397,pending,confirmed
admin@eshop.com,Admin123!,1398,pending,confirmed
admin@eshop.com,Admin123!,1399,pending,confirmed
admin@eshop.com,Admin123!,1400,pending,confirmed
admin@eshop.com,Admin123!,1405,pending,confirmed
admin@eshop.com,Admin123!,1401,pending,confirmed
admin@eshop.com,Admin123!,1406,pending,confirmed
admin@eshop.com,Admin123!,1402,pending,confirmed
admin@eshop.com,Admin123!,1403,pending,confirmed
admin@eshop.com,Admin123!,1404,pending,confirmed
admin@eshop.com,Admin123!,1407,pending,confirmed
admin@eshop.com,Admin123!,1408,pending,confirmed
admin@eshop.com,Admin123!,1409,pending,confirmed
admin@eshop.com,Admin123!,1410,pending,confirmed
admin@eshop.com,Admin123!,1416,pending,confirmed
admin@eshop.com,Admin123!,1411,pending,confirmed
admin@eshop.com,Admin123!,1412,pending,confirmed
admin@eshop.com,Admin123!,1418,pending,confirmed
admin@eshop.com,Admin123!,1413,pending,confirmed
admin@eshop.com,Admin123!,1414,pending,confirmed
admin@eshop.com,Admin123!,1417,pending,confirmed
admin@eshop.com,Admin123!,1415,pending,confirmed
admin@eshop.com,Admin123!,1420,pending,confirmed
admin@eshop.com,Admin123!,1421,pending,confirmed
admin@eshop.com,Admin123!,1419,pending,confirmed
admin@eshop.com,Admin123!,1429,pending,confirmed
admin@eshop.com,Admin123!,1422,pending,confirmed
admin@eshop.com,Admin123!,1430,pending,confirmed
admin@eshop.com,Admin123!,1431,pending,confirmed
admin@eshop.com,Admin123!,1423,pending,confirmed
admin@eshop.com,Admin123!,1424,pending,confirmed
admin@eshop.com,Admin123!,1425,pending,confirmed
admin@eshop.com,Admin123!,1426,pending,confirmed
admin@eshop.com,Admin123!,1427,pending,confirmed
admin@eshop.com,Admin123!,1428,pending,confirmed
admin@eshop.com,Admin123!,1432,pending,confirmed
admin@eshop.com,Admin123!,1436,pending,confirmed
admin@eshop.com,Admin123!,1437,pending,confirmed
admin@eshop.com,Admin123!,1435,pending,confirmed
admin@eshop.com,Admin123!,1433,pending,confirmed
admin@eshop.com,Admin123!,1434,pending,confirmed
admin@eshop.com,Admin123!,1438,pending,confirmed
admin@eshop.com,Admin123!,1441,pending,confirmed
admin@eshop.com,Admin123!,1442,pending,confirmed
admin@eshop.com,Admin123!,1440,pending,confirmed
admin@eshop.com,Admin123!,1439,pending,confirmed
admin@eshop.com,Admin123!,1443,pending,confirmed
admin@eshop.com,Admin123!,1444,pending,confirmed
admin@eshop.com,Admin123!,1445,pending,confirmed
admin@eshop.com,Admin123!,1446,pending,confirmed
admin@eshop.com,Admin123!,1454,pending,confirmed
admin@eshop.com,Admin123!,1455,pending,confirmed
admin@eshop.com,Admin123!,1456,pending,confirmed
admin@eshop.com,Admin123!,1447,pending,confirmed
admin@eshop.com,Admin123!,1448,pending,confirmed
admin@eshop.com,Admin123!,1449,pending,confirmed
admin@eshop.com,Admin123!,1450,pending,confirmed
admin@eshop.com,Admin123!,1451,pending,confirmed
admin@eshop.com,Admin123!,1452,pending,confirmed
admin@eshop.com,Admin123!,1453,pending,confirmed
admin@eshop.com,Admin123!,1457,pending,confirmed
admin@eshop.com,Admin123!,1463,pending,confirmed
admin@eshop.com,Admin123!,1458,pending,confirmed
admin@eshop.com,Admin123!,1467,pending,confirmed
admin@eshop.com,Admin123!,1459,pending,confirmed
admin@eshop.com,Admin123!,1460,pending,confirmed
admin@eshop.com,Admin123!,1461,pending,confirmed
admin@eshop.com,Admin123!,1462,pending,confirmed
admin@eshop.com,Admin123!,1468,pending,confirmed
admin@eshop.com,Admin123!,1466,pending,confirmed
admin@eshop.com,Admin123!,1464,pending,confirmed
admin@eshop.com,Admin123!,1465,pending,confirmed
admin@eshop.com,Admin123!,1469,pending,confirmed
admin@eshop.com,Admin123!,1470,pending,confirmed
admin@eshop.com,Admin123!,1476,pending,confirmed
admin@eshop.com,Admin123!,1471,pending,confirmed
admin@eshop.com,Admin123!,1480,pending,confirmed
admin@eshop.com,Admin123!,1472,pending,confirmed
admin@eshop.com,Admin123!,1473,pending,confirmed
admin@eshop.com,Admin123!,1475,pending,confirmed
admin@eshop.com,Admin123!,1474,pending,confirmed
admin@eshop.com,Admin123!,1478,pending,confirmed
admin@eshop.com,Admin123!,1479,pending,confirmed
admin@eshop.com,Admin123!,1477,pending,confirmed
admin@eshop.com,Admin123!,1481,pending,confirmed
admin@eshop.com,Admin123!,1488,pending,confirmed
admin@eshop.com,Admin123!,1485,pending,confirmed
admin@eshop.com,Admin123!,1486,pending,confirmed
admin@eshop.com,Admin123!,1484,pending,confirmed
admin@eshop.com,Admin123!,1482,pending,confirmed
admin@eshop.com,Admin123!,1483,pending,confirmed
admin@eshop.com,Admin123!,1490,pending,confirmed
admin@eshop.com,Admin123!,1487,pending,confirmed
admin@eshop.com,Admin123!,1492,pending,confirmed
admin@eshop.com,Admin123!,1491,pending,confirmed
admin@eshop.com,Admin123!,1489,pending,confirmed
admin@eshop.com,Admin123!,1493,pending,confirmed
admin@eshop.com,Admin123!,1501,pending,confirmed
admin@eshop.com,Admin123!,1503,pending,confirmed
admin@eshop.com,Admin123!,1502,pending,confirmed
admin@eshop.com,Admin123!,1500,pending,confirmed
admin@eshop.com,Admin123!,1494,pending,confirmed
admin@eshop.com,Admin123!,1495,pending,confirmed
admin@eshop.com,Admin123!,1496,pending,confirmed
admin@eshop.com,Admin123!,1497,pending,confirmed
admin@eshop.com,Admin123!,1498,pending,confirmed
admin@eshop.com,Admin123!,1499,pending,confirmed
admin@eshop.com,Admin123!,1504,pending,confirmed
admin@eshop.com,Admin123!,1505,pending,confirmed
admin@eshop.com,Admin123!,1514,pending,confirmed
admin@eshop.com,Admin123!,1508,pending,confirmed
admin@eshop.com,Admin123!,1506,pending,confirmed
admin@eshop.com,Admin123!,1510,pending,confirmed
admin@eshop.com,Admin123!,1513,pending,confirmed
admin@eshop.com,Admin123!,1515,pending,confirmed
admin@eshop.com,Admin123!,1507,pending,confirmed
admin@eshop.com,Admin123!,1509,pending,confirmed
admin@eshop.com,Admin123!,1511,pending,confirmed
admin@eshop.com,Admin123!,1512,pending,confirmed
admin@eshop.com,Admin123!,1516,pending,confirmed
admin@eshop.com,Admin123!,1517,pending,confirmed
admin@eshop.com,Admin123!,1518,pending,confirmed
admin@eshop.com,Admin123!,1519,pending,confirmed
admin@eshop.com,Admin123!,1520,pending,confirmed
admin@eshop.com,Admin123!,1521,pending,confirmed
admin@eshop.com,Admin123!,1527,pending,confirmed
admin@eshop.com,Admin123!,1522,pending,confirmed
admin@eshop.com,Admin123!,1528,pending,confirmed
admin@eshop.com,Admin123!,1523,pending,confirmed
admin@eshop.com,Admin123!,1524,pending,confirmed
admin@eshop.com,Admin123!,1525,pending,confirmed
admin@eshop.com,Admin123!,1526,pending,confirmed
admin@eshop.com,Admin123!,1529,pending,confirmed
admin@eshop.com,Admin123!,1530,pending,confirmed
admin@eshop.com,Admin123!,1532,pending,confirmed
admin@eshop.com,Admin123!,1533,pending,confirmed
admin@eshop.com,Admin123!,1537,pending,confirmed
admin@eshop.com,Admin123!,1531,pending,confirmed
admin@eshop.com,Admin123!,1535,pending,confirmed
admin@eshop.com,Admin123!,1536,pending,confirmed
admin@eshop.com,Admin123!,1534,pending,confirmed
admin@eshop.com,Admin123!,1538,pending,confirmed
admin@eshop.com,Admin123!,1554,pending,confirmed
admin@eshop.com,Admin123!,1539,pending,confirmed
admin@eshop.com,Admin123!,1551,pending,confirmed
admin@eshop.com,Admin123!,1552,pending,confirmed
admin@eshop.com,Admin123!,1553,pending,confirmed
admin@eshop.com,Admin123!,1540,pending,confirmed
admin@eshop.com,Admin123!,1541,pending,confirmed
admin@eshop.com,Admin123!,1542,pending,confirmed
admin@eshop.com,Admin123!,1543,pending,confirmed
admin@eshop.com,Admin123!,1544,pending,confirmed
admin@eshop.com,Admin123!,1545,pending,confirmed
admin@eshop.com,Admin123!,1546,pending,confirmed
admin@eshop.com,Admin123!,1547,pending,confirmed
admin@eshop.com,Admin123!,1548,pending,confirmed
admin@eshop.com,Admin123!,1549,pending,confirmed
admin@eshop.com,Admin123!,1550,pending,confirmed
admin@eshop.com,Admin123!,1555,pending,confirmed
admin@eshop.com,Admin123!,1556,pending,confirmed
admin@eshop.com,Admin123!,1557,pending,confirmed
admin@eshop.com,Admin123!,1561,pending,confirmed
admin@eshop.com,Admin123!,1562,pending,confirmed
admin@eshop.com,Admin123!,1560,pending,confirmed
admin@eshop.com,Admin123!,1558,pending,confirmed
admin@eshop.com,Admin123!,1559,pending,confirmed
admin@eshop.com,Admin123!,1563,pending,confirmed
admin@eshop.com,Admin123!,1579,pending,confirmed
admin@eshop.com,Admin123!,1577,pending,confirmed
admin@eshop.com,Admin123!,1578,pending,confirmed
admin@eshop.com,Admin123!,1564,pending,confirmed
admin@eshop.com,Admin123!,1565,pending,confirmed
admin@eshop.com,Admin123!,1566,pending,confirmed
admin@eshop.com,Admin123!,1567,pending,confirmed
admin@eshop.com,Admin123!,1568,pending,confirmed
admin@eshop.com,Admin123!,1569,pending,confirmed
admin@eshop.com,Admin123!,1570,pending,confirmed
admin@eshop.com,Admin123!,1571,pending,confirmed
admin@eshop.com,Admin123!,1572,pending,confirmed
admin@eshop.com,Admin123!,1573,pending,confirmed
admin@eshop.com,Admin123!,1574,pending,confirmed
admin@eshop.com,Admin123!,1575,pending,confirmed
admin@eshop.com,Admin123!,1576,pending,confirmed
admin@eshop.com,Admin123!,1580,pending,confirmed
admin@eshop.com,Admin123!,1581,pending,confirmed
admin@eshop.com,Admin123!,1585,pending,confirmed
admin@eshop.com,Admin123!,1582,pending,confirmed
admin@eshop.com,Admin123!,1587,pending,confirmed
admin@eshop.com,Admin123!,1586,pending,confirmed
admin@eshop.com,Admin123!,1583,pending,confirmed
admin@eshop.com,Admin123!,1584,pending,confirmed
admin@eshop.com,Admin123!,1588,pending,confirmed
admin@eshop.com,Admin123!,1598,pending,confirmed
admin@eshop.com,Admin123!,1589,pending,confirmed
admin@eshop.com,Admin123!,1600,pending,confirmed
admin@eshop.com,Admin123!,1590,pending,confirmed
admin@eshop.com,Admin123!,1591,pending,confirmed
admin@eshop.com,Admin123!,1601,pending,confirmed
admin@eshop.com,Admin123!,1592,pending,confirmed
admin@eshop.com,Admin123!,1606,pending,confirmed
admin@eshop.com,Admin123!,1604,pending,confirmed
admin@eshop.com,Admin123!,1605,pending,confirmed
admin@eshop.com,Admin123!,1593,pending,confirmed
admin@eshop.com,Admin123!,1594,pending,confirmed
admin@eshop.com,Admin123!,1595,pending,confirmed
admin@eshop.com,Admin123!,1596,pending,confirmed
admin@eshop.com,Admin123!,1597,pending,confirmed
admin@eshop.com,Admin123!,1602,pending,confirmed
admin@eshop.com,Admin123!,1599,pending,confirmed
admin@eshop.com,Admin123!,1603,pending,confirmed
admin@eshop.com,Admin123!,1607,pending,confirmed
admin@eshop.com,Admin123!,1608,pending,confirmed
admin@eshop.com,Admin123!,1609,pending,confirmed
admin@eshop.com,Admin123!,1610,pending,confirmed
admin@eshop.com,Admin123!,1611,pending,confirmed
admin@eshop.com,Admin123!,1612,pending,confirmed
admin@eshop.com,Admin123!,1628,pending,confirmed
admin@eshop.com,Admin123!,1613,pending,confirmed
admin@eshop.com,Admin123!,1614,pending,confirmed
admin@eshop.com,Admin123!,1615,pending,confirmed
admin@eshop.com,Admin123!,1619,pending,confirmed
admin@eshop.com,Admin123!,1616,pending,confirmed
admin@eshop.com,Admin123!,1620,pending,confirmed
admin@eshop.com,Admin123!,1623,pending,confirmed
admin@eshop.com,Admin123!,1626,pending,confirmed
admin@eshop.com,Admin123!,1617,pending,confirmed
admin@eshop.com,Admin123!,1618,pending,confirmed
admin@eshop.com,Admin123!,1625,pending,confirmed
admin@eshop.com,Admin123!,1624,pending,confirmed
admin@eshop.com,Admin123!,1627,pending,confirmed
admin@eshop.com,Admin123!,1621,pending,confirmed
admin@eshop.com,Admin123!,1622,pending,confirmed
admin@eshop.com,Admin123!,1629,pending,confirmed
admin@eshop.com,Admin123!,1630,pending,confirmed
admin@eshop.com,Admin123!,1631,pending,confirmed
admin@eshop.com,Admin123!,1632,pending,confirmed
admin@eshop.com,Admin123!,1636,pending,confirmed
admin@eshop.com,Admin123!,1634,pending,confirmed
admin@eshop.com,Admin123!,1635,pending,confirmed
admin@eshop.com,Admin123!,1633,pending,confirmed
admin@eshop.com,Admin123!,1637,pending,confirmed
admin@eshop.com,Admin123!,1653,pending,confirmed
admin@eshop.com,Admin123!,1638,pending,confirmed
admin@eshop.com,Admin123!,1639,pending,confirmed
admin@eshop.com,Admin123!,1651,pending,confirmed
admin@eshop.com,Admin123!,1640,pending,confirmed
admin@eshop.com,Admin123!,1652,pending,confirmed
admin@eshop.com,Admin123!,1641,pending,confirmed
admin@eshop.com,Admin123!,1642,pending,confirmed
admin@eshop.com,Admin123!,1643,pending,confirmed
admin@eshop.com,Admin123!,1644,pending,confirmed
admin@eshop.com,Admin123!,1645,pending,confirmed
admin@eshop.com,Admin123!,1646,pending,confirmed
admin@eshop.com,Admin123!,1647,pending,confirmed
admin@eshop.com,Admin123!,1648,pending,confirmed
admin@eshop.com,Admin123!,1649,pending,confirmed
admin@eshop.com,Admin123!,1650,pending,confirmed
admin@eshop.com,Admin123!,1654,pending,confirmed
admin@eshop.com,Admin123!,1655,pending,confirmed
admin@eshop.com,Admin123!,1658,pending,confirmed
admin@eshop.com,Admin123!,1656,pending,confirmed
admin@eshop.com,Admin123!,1659,pending,confirmed
admin@eshop.com,Admin123!,1657,pending,confirmed
admin@eshop.com,Admin123!,1660,pending,confirmed
admin@eshop.com,Admin123!,1661,pending,confirmed
admin@eshop.com,Admin123!,1662,pending,confirmed
admin@eshop.com,Admin123!,1666,pending,confirmed
admin@eshop.com,Admin123!,1670,pending,confirmed
admin@eshop.com,Admin123!,1665,pending,confirmed
admin@eshop.com,Admin123!,1663,pending,confirmed
admin@eshop.com,Admin123!,1664,pending,confirmed
admin@eshop.com,Admin123!,1674,pending,confirmed
admin@eshop.com,Admin123!,1671,pending,confirmed
admin@eshop.com,Admin123!,1672,pending,confirmed
admin@eshop.com,Admin123!,1667,pending,confirmed
admin@eshop.com,Admin123!,1668,pending,confirmed
admin@eshop.com,Admin123!,1669,pending,confirmed
admin@eshop.com,Admin123!,1675,pending,confirmed
admin@eshop.com,Admin123!,1673,pending,confirmed
admin@eshop.com,Admin123!,1676,pending,confirmed
admin@eshop.com,Admin123!,1677,pending,confirmed
admin@eshop.com,Admin123!,1678,pending,confirmed
admin@eshop.com,Admin123!,1679,pending,confirmed
admin@eshop.com,Admin123!,1683,pending,confirmed
admin@eshop.com,Admin123!,1681,pending,confirmed
admin@eshop.com,Admin123!,1684,pending,confirmed
admin@eshop.com,Admin123!,1680,pending,confirmed
admin@eshop.com,Admin123!,1682,pending,confirmed
admin@eshop.com,Admin123!,1685,pending,confirmed
admin@eshop.com,Admin123!,1689,pending,confirmed
admin@eshop.com,Admin123!,1686,pending,confirmed
admin@eshop.com,Admin123!,1687,pending,confirmed
admin@eshop.com,Admin123!,1688,pending,confirmed
admin@eshop.com,Admin123!,1690,pending,confirmed
admin@eshop.com,Admin123!,1701,pending,confirmed
admin@eshop.com,Admin123!,1699,pending,confirmed
admin@eshop.com,Admin123!,1700,pending,confirmed
admin@eshop.com,Admin123!,1691,pending,confirmed
admin@eshop.com,Admin123!,1692,pending,confirmed
admin@eshop.com,Admin123!,1693,pending,confirmed
admin@eshop.com,Admin123!,1694,pending,confirmed
admin@eshop.com,Admin123!,1695,pending,confirmed
admin@eshop.com,Admin123!,1696,pending,confirmed
admin@eshop.com,Admin123!,1697,pending,confirmed
admin@eshop.com,Admin123!,1698,pending,confirmed
admin@eshop.com,Admin123!,1702,pending,confirmed
admin@eshop.com,Admin123!,1703,pending,confirmed
admin@eshop.com,Admin123!,1704,pending,confirmed
admin@eshop.com,Admin123!,1705,pending,confirmed
admin@eshop.com,Admin123!,1706,pending,confirmed
admin@eshop.com,Admin123!,1708,pending,confirmed
admin@eshop.com,Admin123!,1707,pending,confirmed
admin@eshop.com,Admin123!,1714,pending,confirmed
admin@eshop.com,Admin123!,1709,pending,confirmed
admin@eshop.com,Admin123!,1710,pending,confirmed
admin@eshop.com,Admin123!,1711,pending,confirmed
admin@eshop.com,Admin123!,1723,pending,confirmed
admin@eshop.com,Admin123!,1712,pending,confirmed
admin@eshop.com,Admin123!,1718,pending,confirmed
admin@eshop.com,Admin123!,1713,pending,confirmed
admin@eshop.com,Admin123!,1719,pending,confirmed
admin@eshop.com,Admin123!,1722,pending,confirmed
admin@eshop.com,Admin123!,1720,pending,confirmed
admin@eshop.com,Admin123!,1721,pending,confirmed
admin@eshop.com,Admin123!,1715,pending,confirmed
admin@eshop.com,Admin123!,1716,pending,confirmed
admin@eshop.com,Admin123!,1717,pending,confirmed
admin@eshop.com,Admin123!,1726,pending,confirmed
admin@eshop.com,Admin123!,1724,pending,confirmed
admin@eshop.com,Admin123!,1725,pending,confirmed
admin@eshop.com,Admin123!,1727,pending,confirmed
admin@eshop.com,Admin123!,1731,pending,confirmed
admin@eshop.com,Admin123!,1732,pending,confirmed
admin@eshop.com,Admin123!,1730,pending,confirmed
admin@eshop.com,Admin123!,1728,pending,confirmed
admin@eshop.com,Admin123!,1729,pending,confirmed
admin@eshop.com,Admin123!,1733,pending,confirmed
admin@eshop.com,Admin123!,1737,pending,confirmed
admin@eshop.com,Admin123!,1736,pending,confirmed
admin@eshop.com,Admin123!,1735,pending,confirmed
admin@eshop.com,Admin123!,1734,pending,confirmed
admin@eshop.com,Admin123!,1738,pending,confirmed
admin@eshop.com,Admin123!,1746,pending,confirmed
admin@eshop.com,Admin123!,1747,pending,confirmed
admin@eshop.com,Admin123!,1748,pending,confirmed
admin@eshop.com,Admin123!,1739,pending,confirmed
admin@eshop.com,Admin123!,1740,pending,confirmed
admin@eshop.com,Admin123!,1741,pending,confirmed
admin@eshop.com,Admin123!,1742,pending,confirmed
admin@eshop.com,Admin123!,1743,pending,confirmed
admin@eshop.com,Admin123!,1744,pending,confirmed
admin@eshop.com,Admin123!,1745,pending,confirmed
admin@eshop.com,Admin123!,1749,pending,confirmed
admin@eshop.com,Admin123!,1753,pending,confirmed
admin@eshop.com,Admin123!,1754,pending,confirmed
admin@eshop.com,Admin123!,1752,pending,confirmed
admin@eshop.com,Admin123!,1750,pending,confirmed
admin@eshop.com,Admin123!,1751,pending,confirmed
admin@eshop.com,Admin123!,1755,pending,confirmed
admin@eshop.com,Admin123!,1756,pending,confirmed
admin@eshop.com,Admin123!,1769,pending,confirmed
admin@eshop.com,Admin123!,1770,pending,confirmed
admin@eshop.com,Admin123!,1768,pending,confirmed
admin@eshop.com,Admin123!,1757,pending,confirmed
admin@eshop.com,Admin123!,1760,pending,confirmed
admin@eshop.com,Admin123!,1761,pending,confirmed
admin@eshop.com,Admin123!,1762,pending,confirmed
admin@eshop.com,Admin123!,1758,pending,confirmed
admin@eshop.com,Admin123!,1759,pending,confirmed
admin@eshop.com,Admin123!,1763,pending,confirmed
admin@eshop.com,Admin123!,1764,pending,confirmed
admin@eshop.com,Admin123!,1765,pending,confirmed
admin@eshop.com,Admin123!,1766,pending,confirmed
admin@eshop.com,Admin123!,1767,pending,confirmed
admin@eshop.com,Admin123!,1771,pending,confirmed
admin@eshop.com,Admin123!,1772,pending,confirmed
admin@eshop.com,Admin123!,1773,pending,confirmed
admin@eshop.com,Admin123!,1774,pending,confirmed
admin@eshop.com,Admin123!,1780,pending,confirmed
admin@eshop.com,Admin123!,1775,pending,confirmed
admin@eshop.com,Admin123!,1778,pending,confirmed
admin@eshop.com,Admin123!,1776,pending,confirmed
admin@eshop.com,Admin123!,1777,pending,confirmed
admin@eshop.com,Admin123!,1781,pending,confirmed
admin@eshop.com,Admin123!,1779,pending,confirmed
admin@eshop.com,Admin123!,1782,pending,confirmed
admin@eshop.com,Admin123!,1783,pending,confirmed
admin@eshop.com,Admin123!,1790,pending,confirmed
admin@eshop.com,Admin123!,1792,pending,confirmed
admin@eshop.com,Admin123!,1793,pending,confirmed
admin@eshop.com,Admin123!,1784,pending,confirmed
admin@eshop.com,Admin123!,1785,pending,confirmed
admin@eshop.com,Admin123!,1786,pending,confirmed
admin@eshop.com,Admin123!,1787,pending,confirmed
admin@eshop.com,Admin123!,1788,pending,confirmed
admin@eshop.com,Admin123!,1789,pending,confirmed
admin@eshop.com,Admin123!,1791,pending,confirmed
admin@eshop.com,Admin123!,1794,pending,confirmed
admin@eshop.com,Admin123!,1795,pending,confirmed
admin@eshop.com,Admin123!,1796,pending,confirmed
admin@eshop.com,Admin123!,1797,pending,confirmed
admin@eshop.com,Admin123!,1805,pending,confirmed
admin@eshop.com,Admin123!,1798,pending,confirmed
admin@eshop.com,Admin123!,1804,pending,confirmed
admin@eshop.com,Admin123!,1806,pending,confirmed
admin@eshop.com,Admin123!,1799,pending,confirmed
admin@eshop.com,Admin123!,1800,pending,confirmed
admin@eshop.com,Admin123!,1801,pending,confirmed
admin@eshop.com,Admin123!,1802,pending,confirmed
admin@eshop.com,Admin123!,1803,pending,confirmed
admin@eshop.com,Admin123!,1807,pending,confirmed
admin@eshop.com,Admin123!,1808,pending,confirmed
admin@eshop.com,Admin123!,1811,pending,confirmed
admin@eshop.com,Admin123!,1814,pending,confirmed
admin@eshop.com,Admin123!,1813,pending,confirmed
admin@eshop.com,Admin123!,1809,pending,confirmed
admin@eshop.com,Admin123!,1810,pending,confirmed
admin@eshop.com,Admin123!,1812,pending,confirmed
admin@eshop.com,Admin123!,1815,pending,confirmed
admin@eshop.com,Admin123!,1816,pending,confirmed
admin@eshop.com,Admin123!,1817,pending,confirmed
admin@eshop.com,Admin123!,1821,pending,confirmed
admin@eshop.com,Admin123!,1818,pending,confirmed
admin@eshop.com,Admin123!,1819,pending,confirmed
admin@eshop.com,Admin123!,1820,pending,confirmed
admin@eshop.com,Admin123!,1822,pending,confirmed
admin@eshop.com,Admin123!,1830,pending,confirmed
admin@eshop.com,Admin123!,1831,pending,confirmed
admin@eshop.com,Admin123!,1829,pending,confirmed
admin@eshop.com,Admin123!,1823,pending,confirmed
admin@eshop.com,Admin123!,1824,pending,confirmed
admin@eshop.com,Admin123!,1825,pending,confirmed
admin@eshop.com,Admin123!,1826,pending,confirmed
admin@eshop.com,Admin123!,1827,pending,confirmed
admin@eshop.com,Admin123!,1828,pending,confirmed
admin@eshop.com,Admin123!,1832,pending,confirmed
admin@eshop.com,Admin123!,1835,pending,confirmed
admin@eshop.com,Admin123!,1833,pending,confirmed
admin@eshop.com,Admin123!,1834,pending,confirmed
admin@eshop.com,Admin123!,1836,pending,confirmed
admin@eshop.com,Admin123!,1837,pending,confirmed
admin@eshop.com,Admin123!,1838,pending,confirmed
admin@eshop.com,Admin123!,1839,pending,confirmed
admin@eshop.com,Admin123!,1840,pending,confirmed
admin@eshop.com,Admin123!,1845,pending,confirmed
admin@eshop.com,Admin123!,1844,pending,confirmed
admin@eshop.com,Admin123!,1843,pending,confirmed
admin@eshop.com,Admin123!,1841,pending,confirmed
admin@eshop.com,Admin123!,1842,pending,confirmed
admin@eshop.com,Admin123!,1846,pending,confirmed
admin@eshop.com,Admin123!,1858,pending,confirmed
admin@eshop.com,Admin123!,1850,pending,confirmed
admin@eshop.com,Admin123!,1854,pending,confirmed
admin@eshop.com,Admin123!,1849,pending,confirmed
admin@eshop.com,Admin123!,1847,pending,confirmed
admin@eshop.com,Admin123!,1848,pending,confirmed
admin@eshop.com,Admin123!,1860,pending,confirmed
admin@eshop.com,Admin123!,1852,pending,confirmed
admin@eshop.com,Admin123!,1853,pending,confirmed
admin@eshop.com,Admin123!,1851,pending,confirmed
admin@eshop.com,Admin123!,1859,pending,confirmed
admin@eshop.com,Admin123!,1855,pending,confirmed
admin@eshop.com,Admin123!,1856,pending,confirmed
admin@eshop.com,Admin123!,1857,pending,confirmed
admin@eshop.com,Admin123!,1861,pending,confirmed
admin@eshop.com,Admin123!,1865,pending,confirmed
admin@eshop.com,Admin123!,1866,pending,confirmed
admin@eshop.com,Admin123!,1867,pending,confirmed
admin@eshop.com,Admin123!,1862,pending,confirmed
admin@eshop.com,Admin123!,1868,pending,confirmed
admin@eshop.com,Admin123!,1863,pending,confirmed
admin@eshop.com,Admin123!,1864,pending,confirmed
admin@eshop.com,Admin123!,1870,pending,confirmed
admin@eshop.com,Admin123!,1869,pending,confirmed
admin@eshop.com,Admin123!,1882,pending,confirmed
admin@eshop.com,Admin123!,1875,pending,confirmed
admin@eshop.com,Admin123!,1871,pending,confirmed
admin@eshop.com,Admin123!,1873,pending,confirmed
admin@eshop.com,Admin123!,1874,pending,confirmed
admin@eshop.com,Admin123!,1872,pending,confirmed
admin@eshop.com,Admin123!,1881,pending,confirmed
admin@eshop.com,Admin123!,1879,pending,confirmed
admin@eshop.com,Admin123!,1883,pending,confirmed
admin@eshop.com,Admin123!,1878,pending,confirmed
admin@eshop.com,Admin123!,1876,pending,confirmed
admin@eshop.com,Admin123!,1877,pending,confirmed
admin@eshop.com,Admin123!,1880,pending,confirmed
admin@eshop.com,Admin123!,1884,pending,confirmed
admin@eshop.com,Admin123!,1885,pending,confirmed
admin@eshop.com,Admin123!,1886,pending,confirmed
admin@eshop.com,Admin123!,1891,pending,confirmed
admin@eshop.com,Admin123!,1892,pending,confirmed
admin@eshop.com,Admin123!,1893,pending,confirmed
admin@eshop.com,Admin123!,1887,pending,confirmed
admin@eshop.com,Admin123!,1888,pending,confirmed
admin@eshop.com,Admin123!,1889,pending,confirmed
admin@eshop.com,Admin123!,1890,pending,confirmed
admin@eshop.com,Admin123!,1894,pending,confirmed
admin@eshop.com,Admin123!,1895,pending,confirmed
admin@eshop.com,Admin123!,1903,pending,confirmed
admin@eshop.com,Admin123!,1905,pending,confirmed
admin@eshop.com,Admin123!,1896,pending,confirmed
admin@eshop.com,Admin123!,1897,pending,confirmed
admin@eshop.com,Admin123!,1898,pending,confirmed
admin@eshop.com,Admin123!,1899,pending,confirmed
admin@eshop.com,Admin123!,1901,pending,confirmed
admin@eshop.com,Admin123!,1900,pending,confirmed
admin@eshop.com,Admin123!,1902,pending,confirmed
admin@eshop.com,Admin123!,1904,pending,confirmed
admin@eshop.com,Admin123!,1906,pending,confirmed
admin@eshop.com,Admin123!,1909,pending,confirmed
admin@eshop.com,Admin123!,1907,pending,confirmed
admin@eshop.com,Admin123!,1910,pending,confirmed
admin@eshop.com,Admin123!,1908,pending,confirmed
admin@eshop.com,Admin123!,1911,pending,confirmed
admin@eshop.com,Admin123!,1917,pending,confirmed
admin@eshop.com,Admin123!,1918,pending,confirmed
admin@eshop.com,Admin123!,1919,pending,confirmed
admin@eshop.com,Admin123!,1912,pending,confirmed
admin@eshop.com,Admin123!,1913,pending,confirmed
admin@eshop.com,Admin123!,1914,pending,confirmed
admin@eshop.com,Admin123!,1915,pending,confirmed
admin@eshop.com,Admin123!,1916,pending,confirmed
admin@eshop.com,Admin123!,1920,pending,confirmed
admin@eshop.com,Admin123!,1921,pending,confirmed
admin@eshop.com,Admin123!,1924,pending,confirmed
admin@eshop.com,Admin123!,1923,pending,confirmed
admin@eshop.com,Admin123!,1925,pending,confirmed
admin@eshop.com,Admin123!,1922,pending,confirmed
admin@eshop.com,Admin123!,1926,pending,confirmed
admin@eshop.com,Admin123!,1927,pending,confirmed
admin@eshop.com,Admin123!,1931,pending,confirmed
admin@eshop.com,Admin123!,1928,pending,confirmed
admin@eshop.com,Admin123!,1929,pending,confirmed
admin@eshop.com,Admin123!,1930,pending,confirmed
admin@eshop.com,Admin123!,1934,pending,confirmed
admin@eshop.com,Admin123!,1935,pending,confirmed
admin@eshop.com,Admin123!,1932,pending,confirmed
admin@eshop.com,Admin123!,1933,pending,confirmed
admin@eshop.com,Admin123!,1936,pending,confirmed
admin@eshop.com,Admin123!,1937,pending,confirmed
admin@eshop.com,Admin123!,1943,pending,confirmed
admin@eshop.com,Admin123!,1938,pending,confirmed
admin@eshop.com,Admin123!,1939,pending,confirmed
admin@eshop.com,Admin123!,1941,pending,confirmed
admin@eshop.com,Admin123!,1942,pending,confirmed
admin@eshop.com,Admin123!,1940,pending,confirmed
admin@eshop.com,Admin123!,1946,pending,confirmed
admin@eshop.com,Admin123!,1947,pending,confirmed
admin@eshop.com,Admin123!,1944,pending,confirmed
admin@eshop.com,Admin123!,1945,pending,confirmed
admin@eshop.com,Admin123!,1948,pending,confirmed
admin@eshop.com,Admin123!,1949,pending,confirmed
admin@eshop.com,Admin123!,1953,pending,confirmed
admin@eshop.com,Admin123!,1951,pending,confirmed
admin@eshop.com,Admin123!,1952,pending,confirmed
admin@eshop.com,Admin123!,1950,pending,confirmed
admin@eshop.com,Admin123!,1954,pending,confirmed
admin@eshop.com,Admin123!,1958,pending,confirmed
admin@eshop.com,Admin123!,1955,pending,confirmed
admin@eshop.com,Admin123!,1959,pending,confirmed
admin@eshop.com,Admin123!,1956,pending,confirmed
admin@eshop.com,Admin123!,1960,pending,confirmed
admin@eshop.com,Admin123!,1957,pending,confirmed
admin@eshop.com,Admin123!,1966,pending,confirmed
admin@eshop.com,Admin123!,1968,pending,confirmed
admin@eshop.com,Admin123!,1967,pending,confirmed
admin@eshop.com,Admin123!,1961,pending,confirmed
admin@eshop.com,Admin123!,1962,pending,confirmed
admin@eshop.com,Admin123!,1963,pending,confirmed
admin@eshop.com,Admin123!,1964,pending,confirmed
admin@eshop.com,Admin123!,1965,pending,confirmed
admin@eshop.com,Admin123!,1969,pending,confirmed
admin@eshop.com,Admin123!,1974,pending,confirmed
admin@eshop.com,Admin123!,1970,pending,confirmed
admin@eshop.com,Admin123!,1971,pending,confirmed
admin@eshop.com,Admin123!,1975,pending,confirmed
admin@eshop.com,Admin123!,1972,pending,confirmed
admin@eshop.com,Admin123!,1973,pending,confirmed
admin@eshop.com,Admin123!,1976,pending,confirmed
admin@eshop.com,Admin123!,1977,pending,confirmed
admin@eshop.com,Admin123!,1989,pending,confirmed
admin@eshop.com,Admin123!,1978,pending,confirmed
admin@eshop.com,Admin123!,1979,pending,confirmed
admin@eshop.com,Admin123!,1980,pending,confirmed
admin@eshop.com,Admin123!,1981,pending,confirmed
admin@eshop.com,Admin123!,1986,pending,confirmed
admin@eshop.com,Admin123!,1982,pending,confirmed
admin@eshop.com,Admin123!,1987,pending,confirmed
admin@eshop.com,Admin123!,1983,pending,confirmed
admin@eshop.com,Admin123!,1988,pending,confirmed
admin@eshop.com,Admin123!,1990,pending,confirmed
admin@eshop.com,Admin123!,1984,pending,confirmed
admin@eshop.com,Admin123!,1985,pending,confirmed
admin@eshop.com,Admin123!,1991,pending,confirmed
admin@eshop.com,Admin123!,1992,pending,confirmed
admin@eshop.com,Admin123!,1993,pending,confirmed
admin@eshop.com,Admin123!,1994,pending,confirmed
admin@eshop.com,Admin123!,2001,pending,confirmed
admin@eshop.com,Admin123!,1999,pending,confirmed
admin@eshop.com,Admin123!,2000,pending,confirmed
admin@eshop.com,Admin123!,1995,pending,confirmed
admin@eshop.com,Admin123!,1996,pending,confirmed
admin@eshop.com,Admin123!,1997,pending,confirmed
admin@eshop.com,Admin123!,1998,pending,confirmed
admin@eshop.com,Admin123!,2002,pending,confirmed
admin@eshop.com,Admin123!,2003,pending,confirmed
admin@eshop.com,Admin123!,2007,pending,confirmed
admin@eshop.com,Admin123!,2004,pending,confirmed
admin@eshop.com,Admin123!,2005,pending,confirmed
admin@eshop.com,Admin123!,2006,pending,confirmed
admin@eshop.com,Admin123!,2014,pending,confirmed
admin@eshop.com,Admin123!,2012,pending,confirmed
admin@eshop.com,Admin123!,2013,pending,confirmed
admin@eshop.com,Admin123!,2008,pending,confirmed
admin@eshop.com,Admin123!,2009,pending,confirmed
admin@eshop.com,Admin123!,2010,pending,confirmed
admin@eshop.com,Admin123!,2011,pending,confirmed
admin@eshop.com,Admin123!,2015,pending,confirmed
admin@eshop.com,Admin123!,2016,pending,confirmed
admin@eshop.com,Admin123!,2024,pending,confirmed
admin@eshop.com,Admin123!,2017,pending,confirmed
admin@eshop.com,Admin123!,2026,pending,confirmed
admin@eshop.com,Admin123!,2018,pending,confirmed
admin@eshop.com,Admin123!,2020,pending,confirmed
admin@eshop.com,Admin123!,2019,pending,confirmed
admin@eshop.com,Admin123!,2025,pending,confirmed
admin@eshop.com,Admin123!,2021,pending,confirmed
admin@eshop.com,Admin123!,2022,pending,confirmed
admin@eshop.com,Admin123!,2023,pending,confirmed
admin@eshop.com,Admin123!,2031,pending,confirmed
admin@eshop.com,Admin123!,2027,pending,confirmed
admin@eshop.com,Admin123!,2035,pending,confirmed
admin@eshop.com,Admin123!,2033,pending,confirmed
admin@eshop.com,Admin123!,2028,pending,confirmed
admin@eshop.com,Admin123!,2029,pending,confirmed
admin@eshop.com,Admin123!,2030,pending,confirmed
admin@eshop.com,Admin123!,2036,pending,confirmed
admin@eshop.com,Admin123!,2034,pending,confirmed
admin@eshop.com,Admin123!,2032,pending,confirmed
admin@eshop.com,Admin123!,2037,pending,confirmed
admin@eshop.com,Admin123!,2039,pending,confirmed
admin@eshop.com,Admin123!,2038,pending,confirmed
admin@eshop.com,Admin123!,2048,pending,confirmed
admin@eshop.com,Admin123!,2040,pending,confirmed
admin@eshop.com,Admin123!,2041,pending,confirmed
admin@eshop.com,Admin123!,2042,pending,confirmed
admin@eshop.com,Admin123!,2043,pending,confirmed
admin@eshop.com,Admin123!,2046,pending,confirmed
admin@eshop.com,Admin123!,2044,pending,confirmed
admin@eshop.com,Admin123!,2045,pending,confirmed
admin@eshop.com,Admin123!,2047,pending,confirmed
admin@eshop.com,Admin123!,2049,pending,confirmed
admin@eshop.com,Admin123!,2051,pending,confirmed
admin@eshop.com,Admin123!,2050,pending,confirmed
admin@eshop.com,Admin123!,2058,pending,confirmed
admin@eshop.com,Admin123!,2052,pending,confirmed
admin@eshop.com,Admin123!,2053,pending,confirmed
admin@eshop.com,Admin123!,2054,pending,confirmed
admin@eshop.com,Admin123!,2062,pending,confirmed
admin@eshop.com,Admin123!,2055,pending,confirmed
admin@eshop.com,Admin123!,2059,pending,confirmed
admin@eshop.com,Admin123!,2060,pending,confirmed
admin@eshop.com,Admin123!,2061,pending,confirmed
admin@eshop.com,Admin123!,2056,pending,confirmed
admin@eshop.com,Admin123!,2057,pending,confirmed
admin@eshop.com,Admin123!,2063,pending,confirmed
admin@eshop.com,Admin123!,2064,pending,confirmed
admin@eshop.com,Admin123!,2071,pending,confirmed
admin@eshop.com,Admin123!,2069,pending,confirmed
admin@eshop.com,Admin123!,2070,pending,confirmed
admin@eshop.com,Admin123!,2065,pending,confirmed
admin@eshop.com,Admin123!,2066,pending,confirmed
admin@eshop.com,Admin123!,2067,pending,confirmed
admin@eshop.com,Admin123!,2068,pending,confirmed
admin@eshop.com,Admin123!,2072,pending,confirmed
admin@eshop.com,Admin123!,2073,pending,confirmed
admin@eshop.com,Admin123!,2074,pending,confirmed
admin@eshop.com,Admin123!,2075,pending,confirmed
admin@eshop.com,Admin123!,2087,pending,confirmed
admin@eshop.com,Admin123!,2076,pending,confirmed
admin@eshop.com,Admin123!,2078,pending,confirmed
admin@eshop.com,Admin123!,2077,pending,confirmed
admin@eshop.com,Admin123!,2086,pending,confirmed
admin@eshop.com,Admin123!,2085,pending,confirmed
admin@eshop.com,Admin123!,2079,pending,confirmed
admin@eshop.com,Admin123!,2080,pending,confirmed
admin@eshop.com,Admin123!,2081,pending,confirmed
admin@eshop.com,Admin123!,2082,pending,confirmed
admin@eshop.com,Admin123!,2083,pending,confirmed
admin@eshop.com,Admin123!,2084,pending,confirmed
admin@eshop.com,Admin123!,2088,pending,confirmed
admin@eshop.com,Admin123!,2093,pending,confirmed
admin@eshop.com,Admin123!,2089,pending,confirmed
admin@eshop.com,Admin123!,2090,pending,confirmed
admin@eshop.com,Admin123!,2091,pending,confirmed
admin@eshop.com,Admin123!,2092,pending,confirmed
admin@eshop.com,Admin123!,2094,pending,confirmed
admin@eshop.com,Admin123!,2096,pending,confirmed
admin@eshop.com,Admin123!,2095,pending,confirmed
admin@eshop.com,Admin123!,2099,pending,confirmed
admin@eshop.com,Admin123!,2097,pending,confirmed
admin@eshop.com,Admin123!,2098,pending,confirmed
admin@eshop.com,Admin123!,2109,pending,confirmed
admin@eshop.com,Admin123!,2104,pending,confirmed
admin@eshop.com,Admin123!,2100,pending,confirmed
admin@eshop.com,Admin123!,2105,pending,confirmed
admin@eshop.com,Admin123!,2101,pending,confirmed
admin@eshop.com,Admin123!,2106,pending,confirmed
admin@eshop.com,Admin123!,2107,pending,confirmed
admin@eshop.com,Admin123!,2108,pending,confirmed
admin@eshop.com,Admin123!,2102,pending,confirmed
admin@eshop.com,Admin123!,2103,pending,confirmed
admin@eshop.com,Admin123!,2111,pending,confirmed
admin@eshop.com,Admin123!,2112,pending,confirmed
admin@eshop.com,Admin123!,2110,pending,confirmed
admin@eshop.com,Admin123!,2113,pending,confirmed
admin@eshop.com,Admin123!,2117,pending,confirmed
admin@eshop.com,Admin123!,2118,pending,confirmed
admin@eshop.com,Admin123!,2114,pending,confirmed
admin@eshop.com,Admin123!,2115,pending,confirmed
admin@eshop.com,Admin123!,2119,pending,confirmed
admin@eshop.com,Admin123!,2116,pending,confirmed
admin@eshop.com,Admin123!,2120,pending,confirmed
admin@eshop.com,Admin123!,2121,pending,confirmed
admin@eshop.com,Admin123!,2131,pending,confirmed
admin@eshop.com,Admin123!,2130,pending,confirmed
admin@eshop.com,Admin123!,2122,pending,confirmed
admin@eshop.com,Admin123!,2123,pending,confirmed
admin@eshop.com,Admin123!,2125,pending,confirmed
admin@eshop.com,Admin123!,2124,pending,confirmed
admin@eshop.com,Admin123!,2126,pending,confirmed
admin@eshop.com,Admin123!,2129,pending,confirmed
admin@eshop.com,Admin123!,2127,pending,confirmed
admin@eshop.com,Admin123!,2128,pending,confirmed
admin@eshop.com,Admin123!,2132,pending,confirmed
admin@eshop.com,Admin123!,2133,pending,confirmed
admin@eshop.com,Admin123!,2145,pending,confirmed
admin@eshop.com,Admin123!,2134,pending,confirmed
admin@eshop.com,Admin123!,2142,pending,confirmed
admin@eshop.com,Admin123!,2143,pending,confirmed
admin@eshop.com,Admin123!,2144,pending,confirmed
admin@eshop.com,Admin123!,2135,pending,confirmed
admin@eshop.com,Admin123!,2136,pending,confirmed
admin@eshop.com,Admin123!,2137,pending,confirmed
admin@eshop.com,Admin123!,2138,pending,confirmed
admin@eshop.com,Admin123!,2139,pending,confirmed
admin@eshop.com,Admin123!,2140,pending,confirmed
admin@eshop.com,Admin123!,2141,pending,confirmed
admin@eshop.com,Admin123!,2146,pending,confirmed
admin@eshop.com,Admin123!,2152,pending,confirmed
admin@eshop.com,Admin123!,2151,pending,confirmed
admin@eshop.com,Admin123!,2147,pending,confirmed
admin@eshop.com,Admin123!,2148,pending,confirmed
admin@eshop.com,Admin123!,2149,pending,confirmed
admin@eshop.com,Admin123!,2153,pending,confirmed
admin@eshop.com,Admin123!,2150,pending,confirmed
admin@eshop.com,Admin123!,2156,pending,confirmed
admin@eshop.com,Admin123!,2154,pending,confirmed
admin@eshop.com,Admin123!,2155,pending,confirmed
admin@eshop.com,Admin123!,2157,pending,confirmed
admin@eshop.com,Admin123!,2158,pending,confirmed
admin@eshop.com,Admin123!,2159,pending,confirmed
admin@eshop.com,Admin123!,2165,pending,confirmed
admin@eshop.com,Admin123!,2160,pending,confirmed
admin@eshop.com,Admin123!,2164,pending,confirmed
admin@eshop.com,Admin123!,2168,pending,confirmed
admin@eshop.com,Admin123!,2166,pending,confirmed
admin@eshop.com,Admin123!,2161,pending,confirmed
admin@eshop.com,Admin123!,2162,pending,confirmed
admin@eshop.com,Admin123!,2163,pending,confirmed
admin@eshop.com,Admin123!,2169,pending,confirmed
admin@eshop.com,Admin123!,2167,pending,confirmed
admin@eshop.com,Admin123!,2170,pending,confirmed
admin@eshop.com,Admin123!,2171,pending,confirmed
admin@eshop.com,Admin123!,2175,pending,confirmed
admin@eshop.com,Admin123!,2176,pending,confirmed
admin@eshop.com,Admin123!,2174,pending,confirmed
admin@eshop.com,Admin123!,2172,pending,confirmed
admin@eshop.com,Admin123!,2173,pending,confirmed
admin@eshop.com,Admin123!,2177,pending,confirmed
admin@eshop.com,Admin123!,2189,pending,confirmed
admin@eshop.com,Admin123!,2178,pending,confirmed
admin@eshop.com,Admin123!,2182,pending,confirmed
admin@eshop.com,Admin123!,2180,pending,confirmed
admin@eshop.com,Admin123!,2181,pending,confirmed
admin@eshop.com,Admin123!,2179,pending,confirmed
admin@eshop.com,Admin123!,2190,pending,confirmed
admin@eshop.com,Admin123!,2183,pending,confirmed
admin@eshop.com,Admin123!,2191,pending,confirmed
admin@eshop.com,Admin123!,2184,pending,confirmed
admin@eshop.com,Admin123!,2195,pending,confirmed
admin@eshop.com,Admin123!,2193,pending,confirmed
admin@eshop.com,Admin123!,2194,pending,confirmed
admin@eshop.com,Admin123!,2185,pending,confirmed
admin@eshop.com,Admin123!,2186,pending,confirmed
admin@eshop.com,Admin123!,2187,pending,confirmed
admin@eshop.com,Admin123!,2188,pending,confirmed
admin@eshop.com,Admin123!,2192,pending,confirmed
admin@eshop.com,Admin123!,2196,pending,confirmed
admin@eshop.com,Admin123!,2197,pending,confirmed
admin@eshop.com,Admin123!,2200,pending,confirmed
admin@eshop.com,Admin123!,2201,pending,confirmed
admin@eshop.com,Admin123!,2199,pending,confirmed
admin@eshop.com,Admin123!,2198,pending,confirmed
admin@eshop.com,Admin123!,2202,pending,confirmed
admin@eshop.com,Admin123!,2204,pending,confirmed
admin@eshop.com,Admin123!,2203,pending,confirmed
admin@eshop.com,Admin123!,2215,pending,confirmed
admin@eshop.com,Admin123!,2205,pending,confirmed
admin@eshop.com,Admin123!,2212,pending,confirmed
admin@eshop.com,Admin123!,2206,pending,confirmed
admin@eshop.com,Admin123!,2213,pending,confirmed
admin@eshop.com,Admin123!,2207,pending,confirmed
admin@eshop.com,Admin123!,2214,pending,confirmed
admin@eshop.com,Admin123!,2216,pending,confirmed
admin@eshop.com,Admin123!,2217,pending,confirmed
admin@eshop.com,Admin123!,2208,pending,confirmed
admin@eshop.com,Admin123!,2209,pending,confirmed
admin@eshop.com,Admin123!,2210,pending,confirmed
admin@eshop.com,Admin123!,2211,pending,confirmed
admin@eshop.com,Admin123!,2220,pending,confirmed
admin@eshop.com,Admin123!,2218,pending,confirmed
admin@eshop.com,Admin123!,2219,pending,confirmed
admin@eshop.com,Admin123!,2221,pending,confirmed
admin@eshop.com,Admin123!,2222,pending,confirmed
admin@eshop.com,Admin123!,2223,pending,confirmed
admin@eshop.com,Admin123!,2224,pending,confirmed
admin@eshop.com,Admin123!,2226,pending,confirmed
admin@eshop.com,Admin123!,2225,pending,confirmed
admin@eshop.com,Admin123!,2236,pending,confirmed
admin@eshop.com,Admin123!,2227,pending,confirmed
admin@eshop.com,Admin123!,2229,pending,confirmed
admin@eshop.com,Admin123!,2228,pending,confirmed
admin@eshop.com,Admin123!,2238,pending,confirmed
admin@eshop.com,Admin123!,2230,pending,confirmed
admin@eshop.com,Admin123!,2231,pending,confirmed
admin@eshop.com,Admin123!,2237,pending,confirmed
admin@eshop.com,Admin123!,2232,pending,confirmed
admin@eshop.com,Admin123!,2240,pending,confirmed
admin@eshop.com,Admin123!,2239,pending,confirmed
admin@eshop.com,Admin123!,2233,pending,confirmed
admin@eshop.com,Admin123!,2234,pending,confirmed
admin@eshop.com,Admin123!,2235,pending,confirmed
admin@eshop.com,Admin123!,2243,pending,confirmed
admin@eshop.com,Admin123!,2242,pending,confirmed
admin@eshop.com,Admin123!,2241,pending,confirmed
admin@eshop.com,Admin123!,2244,pending,confirmed
admin@eshop.com,Admin123!,2245,pending,confirmed
admin@eshop.com,Admin123!,2249,pending,confirmed
admin@eshop.com,Admin123!,2246,pending,confirmed
admin@eshop.com,Admin123!,2248,pending,confirmed
admin@eshop.com,Admin123!,2247,pending,confirmed
admin@eshop.com,Admin123!,2250,pending,confirmed
admin@eshop.com,Admin123!,2261,pending,confirmed
admin@eshop.com,Admin123!,2260,pending,confirmed
admin@eshop.com,Admin123!,2253,pending,confirmed
admin@eshop.com,Admin123!,2262,pending,confirmed
admin@eshop.com,Admin123!,2251,pending,confirmed
admin@eshop.com,Admin123!,2252,pending,confirmed
admin@eshop.com,Admin123!,2254,pending,confirmed
admin@eshop.com,Admin123!,2255,pending,confirmed
admin@eshop.com,Admin123!,2256,pending,confirmed
admin@eshop.com,Admin123!,2257,pending,confirmed
admin@eshop.com,Admin123!,2258,pending,confirmed
admin@eshop.com,Admin123!,2259,pending,confirmed
admin@eshop.com,Admin123!,2263,pending,confirmed
admin@eshop.com,Admin123!,2268,pending,confirmed
admin@eshop.com,Admin123!,2269,pending,confirmed
admin@eshop.com,Admin123!,2270,pending,confirmed
admin@eshop.com,Admin123!,2264,pending,confirmed
admin@eshop.com,Admin123!,2274,pending,confirmed
admin@eshop.com,Admin123!,2265,pending,confirmed
admin@eshop.com,Admin123!,2266,pending,confirmed
admin@eshop.com,Admin123!,2267,pending,confirmed
admin@eshop.com,Admin123!,2273,pending,confirmed
admin@eshop.com,Admin123!,2271,pending,confirmed
admin@eshop.com,Admin123!,2272,pending,confirmed
admin@eshop.com,Admin123!,2275,pending,confirmed
admin@eshop.com,Admin123!,2277,pending,confirmed
admin@eshop.com,Admin123!,2276,pending,confirmed
admin@eshop.com,Admin123!,2278,pending,confirmed
admin@eshop.com,Admin123!,2285,pending,confirmed
admin@eshop.com,Admin123!,2286,pending,confirmed
admin@eshop.com,Admin123!,2284,pending,confirmed
admin@eshop.com,Admin123!,2279,pending,confirmed
admin@eshop.com,Admin123!,2280,pending,confirmed
admin@eshop.com,Admin123!,2281,pending,confirmed
admin@eshop.com,Admin123!,2282,pending,confirmed
admin@eshop.com,Admin123!,2283,pending,confirmed
admin@eshop.com,Admin123!,2287,pending,confirmed
admin@eshop.com,Admin123!,2288,pending,confirmed
admin@eshop.com,Admin123!,2289,pending,confirmed
admin@eshop.com,Admin123!,2294,pending,confirmed
admin@eshop.com,Admin123!,2290,pending,confirmed
admin@eshop.com,Admin123!,2299,pending,confirmed
admin@eshop.com,Admin123!,2291,pending,confirmed
admin@eshop.com,Admin123!,2292,pending,confirmed
admin@eshop.com,Admin123!,2293,pending,confirmed
admin@eshop.com,Admin123!,2300,pending,confirmed
admin@eshop.com,Admin123!,2298,pending,confirmed
admin@eshop.com,Admin123!,2295,pending,confirmed
admin@eshop.com,Admin123!,2296,pending,confirmed
admin@eshop.com,Admin123!,2297,pending,confirmed
admin@eshop.com,Admin123!,2301,pending,confirmed
admin@eshop.com,Admin123!,2302,pending,confirmed
admin@eshop.com,Admin123!,2303,pending,confirmed
admin@eshop.com,Admin123!,2310,pending,confirmed
admin@eshop.com,Admin123!,2309,pending,confirmed
admin@eshop.com,Admin123!,2311,pending,confirmed
admin@eshop.com,Admin123!,2304,pending,confirmed
admin@eshop.com,Admin123!,2305,pending,confirmed
admin@eshop.com,Admin123!,2306,pending,confirmed
admin@eshop.com,Admin123!,2307,pending,confirmed
admin@eshop.com,Admin123!,2308,pending,confirmed
admin@eshop.com,Admin123!,2312,pending,confirmed
admin@eshop.com,Admin123!,2316,pending,confirmed
admin@eshop.com,Admin123!,2314,pending,confirmed
admin@eshop.com,Admin123!,2317,pending,confirmed
admin@eshop.com,Admin123!,2315,pending,confirmed
admin@eshop.com,Admin123!,2313,pending,confirmed
admin@eshop.com,Admin123!,2323,pending,confirmed
admin@eshop.com,Admin123!,2320,pending,confirmed
admin@eshop.com,Admin123!,2318,pending,confirmed
admin@eshop.com,Admin123!,2319,pending,confirmed
admin@eshop.com,Admin123!,2324,pending,confirmed
admin@eshop.com,Admin123!,2325,pending,confirmed
admin@eshop.com,Admin123!,2321,pending,confirmed
admin@eshop.com,Admin123!,2322,pending,confirmed
admin@eshop.com,Admin123!,2327,pending,confirmed
admin@eshop.com,Admin123!,2326,pending,confirmed
admin@eshop.com,Admin123!,2333,pending,confirmed
admin@eshop.com,Admin123!,2328,pending,confirmed
admin@eshop.com,Admin123!,2329,pending,confirmed
admin@eshop.com,Admin123!,2330,pending,confirmed
admin@eshop.com,Admin123!,2331,pending,confirmed
admin@eshop.com,Admin123!,2335,pending,confirmed
admin@eshop.com,Admin123!,2332,pending,confirmed
admin@eshop.com,Admin123!,2334,pending,confirmed
admin@eshop.com,Admin123!,2339,pending,confirmed
admin@eshop.com,Admin123!,2336,pending,confirmed
admin@eshop.com,Admin123!,2337,pending,confirmed
admin@eshop.com,Admin123!,2346,pending,confirmed
admin@eshop.com,Admin123!,2338,pending,confirmed
admin@eshop.com,Admin123!,2343,pending,confirmed
admin@eshop.com,Admin123!,2340,pending,confirmed
admin@eshop.com,Admin123!,2344,pending,confirmed
admin@eshop.com,Admin123!,2341,pending,confirmed
admin@eshop.com,Admin123!,2345,pending,confirmed
admin@eshop.com,Admin123!,2347,pending,confirmed
admin@eshop.com,Admin123!,2342,pending,confirmed
admin@eshop.com,Admin123!,2349,pending,confirmed
admin@eshop.com,Admin123!,2350,pending,confirmed
admin@eshop.com,Admin123!,2348,pending,confirmed
admin@eshop.com,Admin123!,2351,pending,confirmed
admin@eshop.com,Admin123!,2357,pending,confirmed
admin@eshop.com,Admin123!,2352,pending,confirmed
admin@eshop.com,Admin123!,2353,pending,confirmed
admin@eshop.com,Admin123!,2354,pending,confirmed
admin@eshop.com,Admin123!,2358,pending,confirmed
admin@eshop.com,Admin123!,2355,pending,confirmed
admin@eshop.com,Admin123!,2356,pending,confirmed
admin@eshop.com,Admin123!,2359,pending,confirmed
admin@eshop.com,Admin123!,2360,pending,confirmed
admin@eshop.com,Admin123!,2363,pending,confirmed
admin@eshop.com,Admin123!,2362,pending,confirmed
admin@eshop.com,Admin123!,2361,pending,confirmed
admin@eshop.com,Admin123!,2364,pending,confirmed
admin@eshop.com,Admin123!,2365,pending,confirmed
admin@eshop.com,Admin123!,2366,pending,confirmed
admin@eshop.com,Admin123!,2367,pending,confirmed
admin@eshop.com,Admin123!,2368,pending,confirmed
admin@eshop.com,Admin123!,2369,pending,confirmed
admin@eshop.com,Admin123!,2370,pending,confirmed
admin@eshop.com,Admin123!,2374,pending,confirmed
admin@eshop.com,Admin123!,2375,pending,confirmed
admin@eshop.com,Admin123!,2373,pending,confirmed
admin@eshop.com,Admin123!,2371,pending,confirmed
admin@eshop.com,Admin123!,2372,pending,confirmed
admin@eshop.com,Admin123!,2378,pending,confirmed
admin@eshop.com,Admin123!,2382,pending,confirmed
admin@eshop.com,Admin123!,2377,pending,confirmed
admin@eshop.com,Admin123!,2376,pending,confirmed
admin@eshop.com,Admin123!,2383,pending,confirmed
admin@eshop.com,Admin123!,2384,pending,confirmed
admin@eshop.com,Admin123!,2379,pending,confirmed
admin@eshop.com,Admin123!,2380,pending,confirmed
admin@eshop.com,Admin123!,2381,pending,confirmed
admin@eshop.com,Admin123!,2385,pending,confirmed
admin@eshop.com,Admin123!,2386,pending,confirmed
admin@eshop.com,Admin123!,2387,pending,confirmed
admin@eshop.com,Admin123!,2388,pending,confirmed
admin@eshop.com,Admin123!,2393,pending,confirmed
admin@eshop.com,Admin123!,2394,pending,confirmed
admin@eshop.com,Admin123!,2392,pending,confirmed
admin@eshop.com,Admin123!,2389,pending,confirmed
admin@eshop.com,Admin123!,2390,pending,confirmed
admin@eshop.com,Admin123!,2391,pending,confirmed
admin@eshop.com,Admin123!,2395,pending,confirmed
admin@eshop.com,Admin123!,2403,pending,confirmed
admin@eshop.com,Admin123!,2401,pending,confirmed
admin@eshop.com,Admin123!,2402,pending,confirmed
admin@eshop.com,Admin123!,2396,pending,confirmed
admin@eshop.com,Admin123!,2397,pending,confirmed
admin@eshop.com,Admin123!,2398,pending,confirmed
admin@eshop.com,Admin123!,2399,pending,confirmed
admin@eshop.com,Admin123!,2400,pending,confirmed
admin@eshop.com,Admin123!,2406,pending,confirmed
admin@eshop.com,Admin123!,2404,pending,confirmed
admin@eshop.com,Admin123!,2405,pending,confirmed
admin@eshop.com,Admin123!,2407,pending,confirmed
admin@eshop.com,Admin123!,2409,pending,confirmed
admin@eshop.com,Admin123!,2408,pending,confirmed
admin@eshop.com,Admin123!,2413,pending,confirmed
admin@eshop.com,Admin123!,2410,pending,confirmed
admin@eshop.com,Admin123!,2411,pending,confirmed
admin@eshop.com,Admin123!,2415,pending,confirmed
admin@eshop.com,Admin123!,2412,pending,confirmed
admin@eshop.com,Admin123!,2416,pending,confirmed
admin@eshop.com,Admin123!,2414,pending,confirmed
admin@eshop.com,Admin123!,2418,pending,confirmed
admin@eshop.com,Admin123!,2419,pending,confirmed
admin@eshop.com,Admin123!,2417,pending,confirmed
admin@eshop.com,Admin123!,2421,pending,confirmed
admin@eshop.com,Admin123!,2422,pending,confirmed
admin@eshop.com,Admin123!,2420,pending,confirmed
admin@eshop.com,Admin123!,2424,pending,confirmed
admin@eshop.com,Admin123!,2432,pending,confirmed
admin@eshop.com,Admin123!,2423,pending,confirmed
admin@eshop.com,Admin123!,2427,pending,confirmed
admin@eshop.com,Admin123!,2428,pending,confirmed
admin@eshop.com,Admin123!,2429,pending,confirmed
admin@eshop.com,Admin123!,2431,pending,confirmed
admin@eshop.com,Admin123!,2425,pending,confirmed
admin@eshop.com,Admin123!,2426,pending,confirmed
admin@eshop.com,Admin123!,2430,pending,confirmed
admin@eshop.com,Admin123!,2433,pending,confirmed
admin@eshop.com,Admin123!,2441,pending,confirmed
admin@eshop.com,Admin123!,2440,pending,confirmed
admin@eshop.com,Admin123!,2439,pending,confirmed
admin@eshop.com,Admin123!,2434,pending,confirmed
admin@eshop.com,Admin123!,2435,pending,confirmed
admin@eshop.com,Admin123!,2436,pending,confirmed
admin@eshop.com,Admin123!,2437,pending,confirmed
admin@eshop.com,Admin123!,2438,pending,confirmed
admin@eshop.com,Admin123!,2442,pending,confirmed
admin@eshop.com,Admin123!,2446,pending,confirmed
admin@eshop.com,Admin123!,2444,pending,confirmed
admin@eshop.com,Admin123!,2445,pending,confirmed
admin@eshop.com,Admin123!,2443,pending,confirmed
admin@eshop.com,Admin123!,2453,pending,confirmed
admin@eshop.com,Admin123!,2450,pending,confirmed
admin@eshop.com,Admin123!,2448,pending,confirmed
admin@eshop.com,Admin123!,2449,pending,confirmed
admin@eshop.com,Admin123!,2447,pending,confirmed
admin@eshop.com,Admin123!,2457,pending,confirmed
admin@eshop.com,Admin123!,2454,pending,confirmed
admin@eshop.com,Admin123!,2452,pending,confirmed
admin@eshop.com,Admin123!,2455,pending,confirmed
admin@eshop.com,Admin123!,2451,pending,confirmed
admin@eshop.com,Admin123!,2456,pending,confirmed
admin@eshop.com,Admin123!,2459,pending,confirmed
admin@eshop.com,Admin123!,2458,pending,confirmed
admin@eshop.com,Admin123!,2462,pending,confirmed
admin@eshop.com,Admin123!,2460,pending,confirmed
admin@eshop.com,Admin123!,2461,pending,confirmed
admin@eshop.com,Admin123!,2463,pending,confirmed
admin@eshop.com,Admin123!,2465,pending,confirmed
admin@eshop.com,Admin123!,2466,pending,confirmed
admin@eshop.com,Admin123!,2464,pending,confirmed
admin@eshop.com,Admin123!,2469,pending,confirmed
admin@eshop.com,Admin123!,2468,pending,confirmed
admin@eshop.com,Admin123!,2467,pending,confirmed
admin@eshop.com,Admin123!,2471,pending,confirmed
admin@eshop.com,Admin123!,2473,pending,confirmed
admin@eshop.com,Admin123!,2470,pending,confirmed
admin@eshop.com,Admin123!,2475,pending,confirmed
admin@eshop.com,Admin123!,2476,pending,confirmed
admin@eshop.com,Admin123!,2478,pending,confirmed
admin@eshop.com,Admin123!,2479,pending,confirmed
admin@eshop.com,Admin123!,2477,pending,confirmed
admin@eshop.com,Admin123!,2472,pending,confirmed
admin@eshop.com,Admin123!,2474,pending,confirmed
admin@eshop.com,Admin123!,2480,pending,confirmed
admin@eshop.com,Admin123!,2481,pending,confirmed
admin@eshop.com,Admin123!,2483,pending,confirmed
admin@eshop.com,Admin123!,2482,pending,confirmed
admin@eshop.com,Admin123!,2486,pending,confirmed
admin@eshop.com,Admin123!,2487,pending,confirmed
admin@eshop.com,Admin123!,2485,pending,confirmed
admin@eshop.com,Admin123!,2484,pending,confirmed
admin@eshop.com,Admin123!,2488,pending,confirmed
admin@eshop.com,Admin123!,2489,pending,confirmed
admin@eshop.com,Admin123!,2490,pending,confirmed
admin@eshop.com,Admin123!,2494,pending,confirmed
admin@eshop.com,Admin123!,2491,pending,confirmed
admin@eshop.com,Admin123!,2497,pending,confirmed
admin@eshop.com,Admin123!,2492,pending,confirmed
admin@eshop.com,Admin123!,2498,pending,confirmed
admin@eshop.com,Admin123!,2500,pending,confirmed
admin@eshop.com,Admin123!,2499,pending,confirmed
admin@eshop.com,Admin123!,2493,pending,confirmed
admin@eshop.com,Admin123!,2501,pending,confirmed
admin@eshop.com,Admin123!,2495,pending,confirmed
admin@eshop.com,Admin123!,2496,pending,confirmed
admin@eshop.com,Admin123!,2504,pending,confirmed
admin@eshop.com,Admin123!,2502,pending,confirmed
admin@eshop.com,Admin123!,2503,pending,confirmed
admin@eshop.com,Admin123!,2507,pending,confirmed
admin@eshop.com,Admin123!,2508,pending,confirmed
admin@eshop.com,Admin123!,2505,pending,confirmed
admin@eshop.com,Admin123!,2506,pending,confirmed
admin@eshop.com,Admin123!,2509,pending,confirmed
admin@eshop.com,Admin123!,2510,pending,confirmed
admin@eshop.com,Admin123!,2512,pending,confirmed
admin@eshop.com,Admin123!,2511,pending,confirmed
admin@eshop.com,Admin123!,2513,pending,confirmed
admin@eshop.com,Admin123!,2524,pending,confirmed
admin@eshop.com,Admin123!,2525,pending,confirmed
admin@eshop.com,Admin123!,2523,pending,confirmed
admin@eshop.com,Admin123!,2514,pending,confirmed
admin@eshop.com,Admin123!,2515,pending,confirmed
admin@eshop.com,Admin123!,2516,pending,confirmed
admin@eshop.com,Admin123!,2517,pending,confirmed
admin@eshop.com,Admin123!,2518,pending,confirmed
admin@eshop.com,Admin123!,2519,pending,confirmed
admin@eshop.com,Admin123!,2520,pending,confirmed
admin@eshop.com,Admin123!,2521,pending,confirmed
admin@eshop.com,Admin123!,2522,pending,confirmed
admin@eshop.com,Admin123!,2526,pending,confirmed
admin@eshop.com,Admin123!,2527,pending,confirmed
admin@eshop.com,Admin123!,2530,pending,confirmed
admin@eshop.com,Admin123!,2528,pending,confirmed
admin@eshop.com,Admin123!,2529,pending,confirmed
admin@eshop.com,Admin123!,2534,pending,confirmed
admin@eshop.com,Admin123!,2533,pending,confirmed
admin@eshop.com,Admin123!,2532,pending,confirmed
admin@eshop.com,Admin123!,2531,pending,confirmed
admin@eshop.com,Admin123!,2535,pending,confirmed
admin@eshop.com,Admin123!,2542,pending,confirmed
admin@eshop.com,Admin123!,2546,pending,confirmed
admin@eshop.com,Admin123!,2544,pending,confirmed
admin@eshop.com,Admin123!,2536,pending,confirmed
admin@eshop.com,Admin123!,2537,pending,confirmed
admin@eshop.com,Admin123!,2538,pending,confirmed
admin@eshop.com,Admin123!,2539,pending,confirmed
admin@eshop.com,Admin123!,2540,pending,confirmed
admin@eshop.com,Admin123!,2541,pending,confirmed
admin@eshop.com,Admin123!,2547,pending,confirmed
admin@eshop.com,Admin123!,2545,pending,confirmed
admin@eshop.com,Admin123!,2543,pending,confirmed
admin@eshop.com,Admin123!,2548,pending,confirmed
admin@eshop.com,Admin123!,2549,pending,confirmed
admin@eshop.com,Admin123!,2550,pending,confirmed
admin@eshop.com,Admin123!,2556,pending,confirmed
admin@eshop.com,Admin123!,2552,pending,confirmed
admin@eshop.com,Admin123!,2553,pending,confirmed
admin@eshop.com,Admin123!,2554,pending,confirmed
admin@eshop.com,Admin123!,2551,pending,confirmed
admin@eshop.com,Admin123!,2555,pending,confirmed
admin@eshop.com,Admin123!,2558,pending,confirmed
admin@eshop.com,Admin123!,2557,pending,confirmed
admin@eshop.com,Admin123!,2559,pending,confirmed
admin@eshop.com,Admin123!,2571,pending,confirmed
admin@eshop.com,Admin123!,2572,pending,confirmed
admin@eshop.com,Admin123!,2573,pending,confirmed
admin@eshop.com,Admin123!,2560,pending,confirmed
admin@eshop.com,Admin123!,2561,pending,confirmed
admin@eshop.com,Admin123!,2562,pending,confirmed
admin@eshop.com,Admin123!,2563,pending,confirmed
admin@eshop.com,Admin123!,2564,pending,confirmed
admin@eshop.com,Admin123!,2565,pending,confirmed
admin@eshop.com,Admin123!,2566,pending,confirmed
admin@eshop.com,Admin123!,2567,pending,confirmed
admin@eshop.com,Admin123!,2568,pending,confirmed
admin@eshop.com,Admin123!,2569,pending,confirmed
admin@eshop.com,Admin123!,2570,pending,confirmed
admin@eshop.com,Admin123!,2574,pending,confirmed
admin@eshop.com,Admin123!,2575,pending,confirmed
admin@eshop.com,Admin123!,2576,pending,confirmed
admin@eshop.com,Admin123!,2580,pending,confirmed
admin@eshop.com,Admin123!,2581,pending,confirmed
admin@eshop.com,Admin123!,2579,pending,confirmed
admin@eshop.com,Admin123!,2577,pending,confirmed
admin@eshop.com,Admin123!,2578,pending,confirmed
admin@eshop.com,Admin123!,2582,pending,confirmed
admin@eshop.com,Admin123!,2583,pending,confirmed
admin@eshop.com,Admin123!,2596,pending,confirmed
admin@eshop.com,Admin123!,2598,pending,confirmed
admin@eshop.com,Admin123!,2597,pending,confirmed
admin@eshop.com,Admin123!,2584,pending,confirmed
admin@eshop.com,Admin123!,2585,pending,confirmed
admin@eshop.com,Admin123!,2586,pending,confirmed
admin@eshop.com,Admin123!,2587,pending,confirmed
admin@eshop.com,Admin123!,2588,pending,confirmed
admin@eshop.com,Admin123!,2589,pending,confirmed
admin@eshop.com,Admin123!,2590,pending,confirmed
admin@eshop.com,Admin123!,2591,pending,confirmed
admin@eshop.com,Admin123!,2592,pending,confirmed
admin@eshop.com,Admin123!,2593,pending,confirmed
admin@eshop.com,Admin123!,2594,pending,confirmed
admin@eshop.com,Admin123!,2595,pending,confirmed
admin@eshop.com,Admin123!,2599,pending,confirmed
admin@eshop.com,Admin123!,2602,pending,confirmed
admin@eshop.com,Admin123!,2600,pending,confirmed
admin@eshop.com,Admin123!,2601,pending,confirmed
admin@eshop.com,Admin123!,2603,pending,confirmed
admin@eshop.com,Admin123!,2604,pending,confirmed
admin@eshop.com,Admin123!,2605,pending,confirmed
admin@eshop.com,Admin123!,2606,pending,confirmed
admin@eshop.com,Admin123!,2607,pending,confirmed
admin@eshop.com,Admin123!,2608,pending,confirmed
admin@eshop.com,Admin123!,2620,pending,confirmed
admin@eshop.com,Admin123!,2621,pending,confirmed
admin@eshop.com,Admin123!,2622,pending,confirmed
admin@eshop.com,Admin123!,2609,pending,confirmed
admin@eshop.com,Admin123!,2610,pending,confirmed
admin@eshop.com,Admin123!,2611,pending,confirmed
admin@eshop.com,Admin123!,2612,pending,confirmed
admin@eshop.com,Admin123!,2613,pending,confirmed
admin@eshop.com,Admin123!,2614,pending,confirmed
admin@eshop.com,Admin123!,2615,pending,confirmed
admin@eshop.com,Admin123!,2616,pending,confirmed
admin@eshop.com,Admin123!,2617,pending,confirmed
admin@eshop.com,Admin123!,2618,pending,confirmed
admin@eshop.com,Admin123!,2619,pending,confirmed
admin@eshop.com,Admin123!,2623,pending,confirmed
admin@eshop.com,Admin123!,2627,pending,confirmed
admin@eshop.com,Admin123!,2625,pending,confirmed
admin@eshop.com,Admin123!,2626,pending,confirmed
admin@eshop.com,Admin123!,2624,pending,confirmed
admin@eshop.com,Admin123!,2628,pending,confirmed
admin@eshop.com,Admin123!,2630,pending,confirmed
admin@eshop.com,Admin123!,2629,pending,confirmed
admin@eshop.com,Admin123!,2642,pending,confirmed
admin@eshop.com,Admin123!,2631,pending,confirmed
admin@eshop.com,Admin123!,2632,pending,confirmed
admin@eshop.com,Admin123!,2640,pending,confirmed
admin@eshop.com,Admin123!,2633,pending,confirmed
admin@eshop.com,Admin123!,2634,pending,confirmed
admin@eshop.com,Admin123!,2635,pending,confirmed
admin@eshop.com,Admin123!,2639,pending,confirmed
admin@eshop.com,Admin123!,2636,pending,confirmed
admin@eshop.com,Admin123!,2644,pending,confirmed
admin@eshop.com,Admin123!,2641,pending,confirmed
admin@eshop.com,Admin123!,2643,pending,confirmed
admin@eshop.com,Admin123!,2637,pending,confirmed
admin@eshop.com,Admin123!,2638,pending,confirmed
admin@eshop.com,Admin123!,2646,pending,confirmed
admin@eshop.com,Admin123!,2645,pending,confirmed
admin@eshop.com,Admin123!,2647,pending,confirmed
admin@eshop.com,Admin123!,2648,pending,confirmed
admin@eshop.com,Admin123!,2652,pending,confirmed
admin@eshop.com,Admin123!,2653,pending,confirmed
admin@eshop.com,Admin123!,2654,pending,confirmed
admin@eshop.com,Admin123!,2649,pending,confirmed
admin@eshop.com,Admin123!,2650,pending,confirmed
admin@eshop.com,Admin123!,2651,pending,confirmed
admin@eshop.com,Admin123!,2655,pending,confirmed
admin@eshop.com,Admin123!,2656,pending,confirmed
admin@eshop.com,Admin123!,2657,pending,confirmed
admin@eshop.com,Admin123!,2658,pending,confirmed
admin@eshop.com,Admin123!,2659,pending,confirmed
admin@eshop.com,Admin123!,2669,pending,confirmed
admin@eshop.com,Admin123!,2667,pending,confirmed
admin@eshop.com,Admin123!,2668,pending,confirmed
admin@eshop.com,Admin123!,2660,pending,confirmed
admin@eshop.com,Admin123!,2661,pending,confirmed
admin@eshop.com,Admin123!,2662,pending,confirmed
admin@eshop.com,Admin123!,2663,pending,confirmed
admin@eshop.com,Admin123!,2664,pending,confirmed
admin@eshop.com,Admin123!,2665,pending,confirmed
admin@eshop.com,Admin123!,2666,pending,confirmed
admin@eshop.com,Admin123!,2670,pending,confirmed
admin@eshop.com,Admin123!,2671,pending,confirmed
admin@eshop.com,Admin123!,2672,pending,confirmed
admin@eshop.com,Admin123!,2673,pending,confirmed
admin@eshop.com,Admin123!,2675,pending,confirmed
admin@eshop.com,Admin123!,2674,pending,confirmed
admin@eshop.com,Admin123!,2678,pending,confirmed
admin@eshop.com,Admin123!,2676,pending,confirmed
admin@eshop.com,Admin123!,2677,pending,confirmed
admin@eshop.com,Admin123!,2679,pending,confirmed
admin@eshop.com,Admin123!,2680,pending,confirmed
admin@eshop.com,Admin123!,2691,pending,confirmed
admin@eshop.com,Admin123!,2681,pending,confirmed
admin@eshop.com,Admin123!,2689,pending,confirmed
admin@eshop.com,Admin123!,2690,pending,confirmed
admin@eshop.com,Admin123!,2684,pending,confirmed
admin@eshop.com,Admin123!,2682,pending,confirmed
admin@eshop.com,Admin123!,2683,pending,confirmed
admin@eshop.com,Admin123!,2688,pending,confirmed
admin@eshop.com,Admin123!,2685,pending,confirmed
admin@eshop.com,Admin123!,2686,pending,confirmed
admin@eshop.com,Admin123!,2687,pending,confirmed
admin@eshop.com,Admin123!,2692,pending,confirmed
admin@eshop.com,Admin123!,2693,pending,confirmed
admin@eshop.com,Admin123!,2696,pending,confirmed
admin@eshop.com,Admin123!,2699,pending,confirmed
admin@eshop.com,Admin123!,2695,pending,confirmed
admin@eshop.com,Admin123!,2694,pending,confirmed
admin@eshop.com,Admin123!,2698,pending,confirmed
admin@eshop.com,Admin123!,2697,pending,confirmed
admin@eshop.com,Admin123!,2700,pending,confirmed
admin@eshop.com,Admin123!,2701,pending,confirmed
admin@eshop.com,Admin123!,2702,pending,confirmed
admin@eshop.com,Admin123!,2713,pending,confirmed
admin@eshop.com,Admin123!,2704,pending,confirmed
admin@eshop.com,Admin123!,2705,pending,confirmed
admin@eshop.com,Admin123!,2703,pending,confirmed
admin@eshop.com,Admin123!,2711,pending,confirmed
admin@eshop.com,Admin123!,2712,pending,confirmed
admin@eshop.com,Admin123!,2706,pending,confirmed
admin@eshop.com,Admin123!,2707,pending,confirmed
admin@eshop.com,Admin123!,2708,pending,confirmed
admin@eshop.com,Admin123!,2709,pending,confirmed
admin@eshop.com,Admin123!,2710,pending,confirmed
admin@eshop.com,Admin123!,2714,pending,confirmed
admin@eshop.com,Admin123!,2718,pending,confirmed
admin@eshop.com,Admin123!,2716,pending,confirmed
admin@eshop.com,Admin123!,2717,pending,confirmed
admin@eshop.com,Admin123!,2715,pending,confirmed
admin@eshop.com,Admin123!,2724,pending,confirmed
admin@eshop.com,Admin123!,2722,pending,confirmed
admin@eshop.com,Admin123!,2723,pending,confirmed
admin@eshop.com,Admin123!,2721,pending,confirmed
admin@eshop.com,Admin123!,2719,pending,confirmed
admin@eshop.com,Admin123!,2720,pending,confirmed
admin@eshop.com,Admin123!,2725,pending,confirmed
admin@eshop.com,Admin123!,2727,pending,confirmed
admin@eshop.com,Admin123!,2726,pending,confirmed
admin@eshop.com,Admin123!,2735,pending,confirmed
admin@eshop.com,Admin123!,2728,pending,confirmed
admin@eshop.com,Admin123!,2734,pending,confirmed
admin@eshop.com,Admin123!,2736,pending,confirmed
admin@eshop.com,Admin123!,2729,pending,confirmed
admin@eshop.com,Admin123!,2730,pending,confirmed
admin@eshop.com,Admin123!,2731,pending,confirmed
admin@eshop.com,Admin123!,2732,pending,confirmed
admin@eshop.com,Admin123!,2733,pending,confirmed
admin@eshop.com,Admin123!,2742,pending,confirmed
admin@eshop.com,Admin123!,2737,pending,confirmed
admin@eshop.com,Admin123!,2738,pending,confirmed
admin@eshop.com,Admin123!,2750,pending,confirmed
admin@eshop.com,Admin123!,2739,pending,confirmed
admin@eshop.com,Admin123!,2743,pending,confirmed
admin@eshop.com,Admin123!,2749,pending,confirmed
admin@eshop.com,Admin123!,2748,pending,confirmed
admin@eshop.com,Admin123!,2740,pending,confirmed
admin@eshop.com,Admin123!,2741,pending,confirmed
admin@eshop.com,Admin123!,2744,pending,confirmed
admin@eshop.com,Admin123!,2745,pending,confirmed
admin@eshop.com,Admin123!,2746,pending,confirmed
admin@eshop.com,Admin123!,2747,pending,confirmed
admin@eshop.com,Admin123!,2751,pending,confirmed
admin@eshop.com,Admin123!,2752,pending,confirmed
admin@eshop.com,Admin123!,2753,pending,confirmed
admin@eshop.com,Admin123!,2754,pending,confirmed
admin@eshop.com,Admin123!,2759,pending,confirmed
admin@eshop.com,Admin123!,2755,pending,confirmed
admin@eshop.com,Admin123!,2756,pending,confirmed
admin@eshop.com,Admin123!,2757,pending,confirmed
admin@eshop.com,Admin123!,2758,pending,confirmed
admin@eshop.com,Admin123!,2760,pending,confirmed
admin@eshop.com,Admin123!,2771,pending,confirmed
admin@eshop.com,Admin123!,2762,pending,confirmed
admin@eshop.com,Admin123!,2763,pending,confirmed
admin@eshop.com,Admin123!,2761,pending,confirmed
admin@eshop.com,Admin123!,2772,pending,confirmed
admin@eshop.com,Admin123!,2770,pending,confirmed
admin@eshop.com,Admin123!,2764,pending,confirmed
admin@eshop.com,Admin123!,2765,pending,confirmed
admin@eshop.com,Admin123!,2766,pending,confirmed
admin@eshop.com,Admin123!,2767,pending,confirmed
admin@eshop.com,Admin123!,2768,pending,confirmed
admin@eshop.com,Admin123!,2769,pending,confirmed
admin@eshop.com,Admin123!,2773,pending,confirmed
admin@eshop.com,Admin123!,2774,pending,confirmed
admin@eshop.com,Admin123!,2775,pending,confirmed
admin@eshop.com,Admin123!,2776,pending,confirmed
admin@eshop.com,Admin123!,2779,pending,confirmed
admin@eshop.com,Admin123!,2777,pending,confirmed
admin@eshop.com,Admin123!,2780,pending,confirmed
admin@eshop.com,Admin123!,2778,pending,confirmed
admin@eshop.com,Admin123!,2781,pending,confirmed
admin@eshop.com,Admin123!,2785,pending,confirmed
admin@eshop.com,Admin123!,2783,pending,confirmed
admin@eshop.com,Admin123!,2784,pending,confirmed
admin@eshop.com,Admin123!,2782,pending,confirmed
admin@eshop.com,Admin123!,2786,pending,confirmed
admin@eshop.com,Admin123!,2787,pending,confirmed
admin@eshop.com,Admin123!,2795,pending,confirmed
admin@eshop.com,Admin123!,2789,pending,confirmed
admin@eshop.com,Admin123!,2794,pending,confirmed
admin@eshop.com,Admin123!,2788,pending,confirmed
admin@eshop.com,Admin123!,2796,pending,confirmed
admin@eshop.com,Admin123!,2790,pending,confirmed
admin@eshop.com,Admin123!,2791,pending,confirmed
admin@eshop.com,Admin123!,2792,pending,confirmed
admin@eshop.com,Admin123!,2793,pending,confirmed
admin@eshop.com,Admin123!,2798,pending,confirmed
admin@eshop.com,Admin123!,2797,pending,confirmed
admin@eshop.com,Admin123!,2804,pending,confirmed
admin@eshop.com,Admin123!,2799,pending,confirmed
admin@eshop.com,Admin123!,2800,pending,confirmed
admin@eshop.com,Admin123!,2808,pending,confirmed
admin@eshop.com,Admin123!,2801,pending,confirmed
admin@eshop.com,Admin123!,2802,pending,confirmed
admin@eshop.com,Admin123!,2803,pending,confirmed
admin@eshop.com,Admin123!,2806,pending,confirmed
admin@eshop.com,Admin123!,2810,pending,confirmed
admin@eshop.com,Admin123!,2805,pending,confirmed
admin@eshop.com,Admin123!,2809,pending,confirmed
admin@eshop.com,Admin123!,2807,pending,confirmed
admin@eshop.com,Admin123!,2811,pending,confirmed
admin@eshop.com,Admin123!,2812,pending,confirmed
admin@eshop.com,Admin123!,2813,pending,confirmed
admin@eshop.com,Admin123!,2819,pending,confirmed
admin@eshop.com,Admin123!,2814,pending,confirmed
admin@eshop.com,Admin123!,2818,pending,confirmed
admin@eshop.com,Admin123!,2816,pending,confirmed
admin@eshop.com,Admin123!,2817,pending,confirmed
admin@eshop.com,Admin123!,2815,pending,confirmed
admin@eshop.com,Admin123!,2821,pending,confirmed
admin@eshop.com,Admin123!,2820,pending,confirmed
admin@eshop.com,Admin123!,2826,pending,confirmed
admin@eshop.com,Admin123!,2822,pending,confirmed
admin@eshop.com,Admin123!,2823,pending,confirmed
admin@eshop.com,Admin123!,2830,pending,confirmed
admin@eshop.com,Admin123!,2831,pending,confirmed
admin@eshop.com,Admin123!,2824,pending,confirmed
admin@eshop.com,Admin123!,2827,pending,confirmed
admin@eshop.com,Admin123!,2825,pending,confirmed
admin@eshop.com,Admin123!,2828,pending,confirmed
admin@eshop.com,Admin123!,2832,pending,confirmed
admin@eshop.com,Admin123!,2829,pending,confirmed
admin@eshop.com,Admin123!,2833,pending,confirmed
admin@eshop.com,Admin123!,2835,pending,confirmed
admin@eshop.com,Admin123!,2834,pending,confirmed
admin@eshop.com,Admin123!,2836,pending,confirmed
admin@eshop.com,Admin123!,2842,pending,confirmed
admin@eshop.com,Admin123!,2837,pending,confirmed
admin@eshop.com,Admin123!,2838,pending,confirmed
admin@eshop.com,Admin123!,2844,pending,confirmed
admin@eshop.com,Admin123!,2839,pending,confirmed
admin@eshop.com,Admin123!,2843,pending,confirmed
admin@eshop.com,Admin123!,2841,pending,confirmed
admin@eshop.com,Admin123!,2845,pending,confirmed
admin@eshop.com,Admin123!,2840,pending,confirmed
admin@eshop.com,Admin123!,2846,pending,confirmed
admin@eshop.com,Admin123!,2858,pending,confirmed
admin@eshop.com,Admin123!,2849,pending,confirmed
admin@eshop.com,Admin123!,2850,pending,confirmed
admin@eshop.com,Admin123!,2860,pending,confirmed
admin@eshop.com,Admin123!,2847,pending,confirmed
admin@eshop.com,Admin123!,2859,pending,confirmed
admin@eshop.com,Admin123!,2851,pending,confirmed
admin@eshop.com,Admin123!,2848,pending,confirmed
admin@eshop.com,Admin123!,2852,pending,confirmed
admin@eshop.com,Admin123!,2853,pending,confirmed
admin@eshop.com,Admin123!,2854,pending,confirmed
admin@eshop.com,Admin123!,2855,pending,confirmed
admin@eshop.com,Admin123!,2856,pending,confirmed
admin@eshop.com,Admin123!,2857,pending,confirmed
admin@eshop.com,Admin123!,2861,pending,confirmed
admin@eshop.com,Admin123!,2862,pending,confirmed
admin@eshop.com,Admin123!,2866,pending,confirmed
admin@eshop.com,Admin123!,2870,pending,confirmed
admin@eshop.com,Admin123!,2867,pending,confirmed
admin@eshop.com,Admin123!,2868,pending,confirmed
admin@eshop.com,Admin123!,2863,pending,confirmed
admin@eshop.com,Admin123!,2864,pending,confirmed
admin@eshop.com,Admin123!,2865,pending,confirmed
admin@eshop.com,Admin123!,2871,pending,confirmed
admin@eshop.com,Admin123!,2869,pending,confirmed
admin@eshop.com,Admin123!,2872,pending,confirmed
admin@eshop.com,Admin123!,2873,pending,confirmed
admin@eshop.com,Admin123!,2881,pending,confirmed
admin@eshop.com,Admin123!,2882,pending,confirmed
admin@eshop.com,Admin123!,2883,pending,confirmed
admin@eshop.com,Admin123!,2874,pending,confirmed
admin@eshop.com,Admin123!,2875,pending,confirmed
admin@eshop.com,Admin123!,2876,pending,confirmed
admin@eshop.com,Admin123!,2877,pending,confirmed
admin@eshop.com,Admin123!,2878,pending,confirmed
admin@eshop.com,Admin123!,2879,pending,confirmed
admin@eshop.com,Admin123!,2880,pending,confirmed
admin@eshop.com,Admin123!,2888,pending,confirmed
admin@eshop.com,Admin123!,2884,pending,confirmed
admin@eshop.com,Admin123!,2889,pending,confirmed
admin@eshop.com,Admin123!,2890,pending,confirmed
admin@eshop.com,Admin123!,2891,pending,confirmed
admin@eshop.com,Admin123!,2885,pending,confirmed
admin@eshop.com,Admin123!,2886,pending,confirmed
admin@eshop.com,Admin123!,2887,pending,confirmed
admin@eshop.com,Admin123!,2894,pending,confirmed
admin@eshop.com,Admin123!,2895,pending,confirmed
admin@eshop.com,Admin123!,2896,pending,confirmed
admin@eshop.com,Admin123!,2892,pending,confirmed
admin@eshop.com,Admin123!,2893,pending,confirmed
admin@eshop.com,Admin123!,2897,pending,confirmed
admin@eshop.com,Admin123!,2898,pending,confirmed
admin@eshop.com,Admin123!,2906,pending,confirmed
admin@eshop.com,Admin123!,2899,pending,confirmed
admin@eshop.com,Admin123!,2903,pending,confirmed
admin@eshop.com,Admin123!,2904,pending,confirmed
admin@eshop.com,Admin123!,2905,pending,confirmed
admin@eshop.com,Admin123!,2900,pending,confirmed
admin@eshop.com,Admin123!,2901,pending,confirmed
admin@eshop.com,Admin123!,2902,pending,confirmed
admin@eshop.com,Admin123!,2907,pending,confirmed
admin@eshop.com,Admin123!,2908,pending,confirmed
admin@eshop.com,Admin123!,2913,pending,confirmed
admin@eshop.com,Admin123!,2910,pending,confirmed
admin@eshop.com,Admin123!,2909,pending,confirmed
admin@eshop.com,Admin123!,2912,pending,confirmed
admin@eshop.com,Admin123!,2914,pending,confirmed
admin@eshop.com,Admin123!,2911,pending,confirmed
admin@eshop.com,Admin123!,2915,pending,confirmed
admin@eshop.com,Admin123!,2916,pending,confirmed
admin@eshop.com,Admin123!,2920,pending,confirmed
admin@eshop.com,Admin123!,2921,pending,confirmed
admin@eshop.com,Admin123!,2919,pending,confirmed
admin@eshop.com,Admin123!,2917,pending,confirmed
admin@eshop.com,Admin123!,2918,pending,confirmed
admin@eshop.com,Admin123!,2922,pending,confirmed
admin@eshop.com,Admin123!,2929,pending,confirmed
admin@eshop.com,Admin123!,2930,pending,confirmed
admin@eshop.com,Admin123!,2928,pending,confirmed
admin@eshop.com,Admin123!,2923,pending,confirmed
admin@eshop.com,Admin123!,2924,pending,confirmed
admin@eshop.com,Admin123!,2925,pending,confirmed
admin@eshop.com,Admin123!,2926,pending,confirmed
admin@eshop.com,Admin123!,2927,pending,confirmed
admin@eshop.com,Admin123!,2931,pending,confirmed
admin@eshop.com,Admin123!,2932,pending,confirmed
admin@eshop.com,Admin123!,2933,pending,confirmed
admin@eshop.com,Admin123!,2934,pending,confirmed
admin@eshop.com,Admin123!,2935,pending,confirmed
admin@eshop.com,Admin123!,2940,pending,confirmed
admin@eshop.com,Admin123!,2939,pending,confirmed
admin@eshop.com,Admin123!,2938,pending,confirmed
admin@eshop.com,Admin123!,2936,pending,confirmed
admin@eshop.com,Admin123!,2937,pending,confirmed
admin@eshop.com,Admin123!,2945,pending,confirmed
admin@eshop.com,Admin123!,2947,pending,confirmed
admin@eshop.com,Admin123!,2941,pending,confirmed
admin@eshop.com,Admin123!,2949,pending,confirmed
admin@eshop.com,Admin123!,2944,pending,confirmed
admin@eshop.com,Admin123!,2942,pending,confirmed
admin@eshop.com,Admin123!,2943,pending,confirmed
admin@eshop.com,Admin123!,2953,pending,confirmed
admin@eshop.com,Admin123!,2955,pending,confirmed
admin@eshop.com,Admin123!,2948,pending,confirmed
admin@eshop.com,Admin123!,2946,pending,confirmed
admin@eshop.com,Admin123!,2954,pending,confirmed
admin@eshop.com,Admin123!,2950,pending,confirmed
admin@eshop.com,Admin123!,2951,pending,confirmed
admin@eshop.com,Admin123!,2952,pending,confirmed
admin@eshop.com,Admin123!,2956,pending,confirmed
admin@eshop.com,Admin123!,2960,pending,confirmed
admin@eshop.com,Admin123!,2961,pending,confirmed
admin@eshop.com,Admin123!,2962,pending,confirmed
admin@eshop.com,Admin123!,2957,pending,confirmed
admin@eshop.com,Admin123!,2958,pending,confirmed
admin@eshop.com,Admin123!,2959,pending,confirmed
admin@eshop.com,Admin123!,2963,pending,confirmed
admin@eshop.com,Admin123!,2965,pending,confirmed
admin@eshop.com,Admin123!,2964,pending,confirmed
admin@eshop.com,Admin123!,2973,pending,confirmed
admin@eshop.com,Admin123!,2966,pending,confirmed
admin@eshop.com,Admin123!,2967,pending,confirmed
admin@eshop.com,Admin123!,2968,pending,confirmed
admin@eshop.com,Admin123!,2975,pending,confirmed
admin@eshop.com,Admin123!,2969,pending,confirmed
admin@eshop.com,Admin123!,2974,pending,confirmed
admin@eshop.com,Admin123!,2976,pending,confirmed
admin@eshop.com,Admin123!,2977,pending,confirmed
admin@eshop.com,Admin123!,2970,pending,confirmed
admin@eshop.com,Admin123!,2971,pending,confirmed
admin@eshop.com,Admin123!,2972,pending,confirmed
admin@eshop.com,Admin123!,2979,pending,confirmed
admin@eshop.com,Admin123!,2978,pending,confirmed
admin@eshop.com,Admin123!,2980,pending,confirmed
admin@eshop.com,Admin123!,2981,pending,confirmed
admin@eshop.com,Admin123!,2982,pending,confirmed
admin@eshop.com,Admin123!,2987,pending,confirmed
admin@eshop.com,Admin123!,2983,pending,confirmed
admin@eshop.com,Admin123!,2984,pending,confirmed
admin@eshop.com,Admin123!,2988,pending,confirmed
admin@eshop.com,Admin123!,2986,pending,confirmed
admin@eshop.com,Admin123!,2985,pending,confirmed
admin@eshop.com,Admin123!,2989,pending,confirmed
admin@eshop.com,Admin123!,2990,pending,confirmed
admin@eshop.com,Admin123!,2993,pending,confirmed
admin@eshop.com,Admin123!,2992,pending,confirmed
admin@eshop.com,Admin123!,2991,pending,confirmed
admin@eshop.com,Admin123!,2995,pending,confirmed
admin@eshop.com,Admin123!,2997,pending,confirmed
admin@eshop.com,Admin123!,2994,pending,confirmed
admin@eshop.com,Admin123!,2998,pending,confirmed
admin@eshop.com,Admin123!,3000,pending,confirmed
admin@eshop.com,Admin123!,2996,pending,confirmed
admin@eshop.com,Admin123!,2999,pending,confirmed
admin@eshop.com,Admin123!,3001,pending,confirmed
admin@eshop.com,Admin123!,3005,pending,confirmed
admin@eshop.com,Admin123!,3002,pending,confirmed
admin@eshop.com,Admin123!,3004,pending,confirmed
admin@eshop.com,Admin123!,3003,pending,confirmed
admin@eshop.com,Admin123!,3006,pending,confirmed
admin@eshop.com,Admin123!,3007,pending,confirmed
admin@eshop.com,Admin123!,3012,pending,confirmed
admin@eshop.com,Admin123!,3008,pending,confirmed
admin@eshop.com,Admin123!,3009,pending,confirmed
admin@eshop.com,Admin123!,3013,pending,confirmed
admin@eshop.com,Admin123!,3011,pending,confirmed
admin@eshop.com,Admin123!,3010,pending,confirmed
admin@eshop.com,Admin123!,3014,pending,confirmed
admin@eshop.com,Admin123!,3015,pending,confirmed
admin@eshop.com,Admin123!,3019,pending,confirmed
admin@eshop.com,Admin123!,3017,pending,confirmed
admin@eshop.com,Admin123!,3016,pending,confirmed
admin@eshop.com,Admin123!,3018,pending,confirmed
admin@eshop.com,Admin123!,3023,pending,confirmed
admin@eshop.com,Admin123!,3021,pending,confirmed
admin@eshop.com,Admin123!,3022,pending,confirmed
admin@eshop.com,Admin123!,3020,pending,confirmed
admin@eshop.com,Admin123!,3024,pending,confirmed
admin@eshop.com,Admin123!,3027,pending,confirmed
admin@eshop.com,Admin123!,3028,pending,confirmed
admin@eshop.com,Admin123!,3029,pending,confirmed
admin@eshop.com,Admin123!,3025,pending,confirmed
admin@eshop.com,Admin123!,3026,pending,confirmed
admin@eshop.com,Admin123!,3030,pending,confirmed
admin@eshop.com,Admin123!,3035,pending,confirmed
admin@eshop.com,Admin123!,3031,pending,confirmed
admin@eshop.com,Admin123!,3036,pending,confirmed
admin@eshop.com,Admin123!,3037,pending,confirmed
admin@eshop.com,Admin123!,3039,pending,confirmed
admin@eshop.com,Admin123!,3032,pending,confirmed
admin@eshop.com,Admin123!,3033,pending,confirmed
admin@eshop.com,Admin123!,3034,pending,confirmed
admin@eshop.com,Admin123!,3038,pending,confirmed
admin@eshop.com,Admin123!,3040,pending,confirmed
admin@eshop.com,Admin123!,3041,pending,confirmed
admin@eshop.com,Admin123!,3043,pending,confirmed
admin@eshop.com,Admin123!,3044,pending,confirmed
admin@eshop.com,Admin123!,3042,pending,confirmed
admin@eshop.com,Admin123!,3045,pending,confirmed
admin@eshop.com,Admin123!,3051,pending,confirmed
admin@eshop.com,Admin123!,3050,pending,confirmed
admin@eshop.com,Admin123!,3047,pending,confirmed
admin@eshop.com,Admin123!,3048,pending,confirmed
admin@eshop.com,Admin123!,3049,pending,confirmed
admin@eshop.com,Admin123!,3052,pending,confirmed
admin@eshop.com,Admin123!,3046,pending,confirmed
admin@eshop.com,Admin123!,3053,pending,confirmed
admin@eshop.com,Admin123!,3054,pending,confirmed
admin@eshop.com,Admin123!,3055,pending,confirmed
admin@eshop.com,Admin123!,3056,pending,confirmed
admin@eshop.com,Admin123!,3057,pending,confirmed
admin@eshop.com,Admin123!,3058,pending,confirmed
admin@eshop.com,Admin123!,3064,pending,confirmed
admin@eshop.com,Admin123!,3059,pending,confirmed
admin@eshop.com,Admin123!,3060,pending,confirmed
admin@eshop.com,Admin123!,3065,pending,confirmed
admin@eshop.com,Admin123!,3061,pending,confirmed
admin@eshop.com,Admin123!,3062,pending,confirmed
admin@eshop.com,Admin123!,3063,pending,confirmed
admin@eshop.com,Admin123!,3066,pending,confirmed
admin@eshop.com,Admin123!,3073,pending,confirmed
admin@eshop.com,Admin123!,3074,pending,confirmed
admin@eshop.com,Admin123!,3072,pending,confirmed
admin@eshop.com,Admin123!,3067,pending,confirmed
admin@eshop.com,Admin123!,3068,pending,confirmed
admin@eshop.com,Admin123!,3069,pending,confirmed
admin@eshop.com,Admin123!,3070,pending,confirmed
admin@eshop.com,Admin123!,3071,pending,confirmed
admin@eshop.com,Admin123!,3075,pending,confirmed
admin@eshop.com,Admin123!,3079,pending,confirmed
admin@eshop.com,Admin123!,3077,pending,confirmed
admin@eshop.com,Admin123!,3078,pending,confirmed
admin@eshop.com,Admin123!,3076,pending,confirmed
admin@eshop.com,Admin123!,3084,pending,confirmed
admin@eshop.com,Admin123!,3080,pending,confirmed
admin@eshop.com,Admin123!,3085,pending,confirmed
admin@eshop.com,Admin123!,3081,pending,confirmed
admin@eshop.com,Admin123!,3086,pending,confirmed
admin@eshop.com,Admin123!,3087,pending,confirmed
admin@eshop.com,Admin123!,3088,pending,confirmed
admin@eshop.com,Admin123!,3082,pending,confirmed
admin@eshop.com,Admin123!,3083,pending,confirmed
admin@eshop.com,Admin123!,3089,pending,confirmed
admin@eshop.com,Admin123!,3090,pending,confirmed
admin@eshop.com,Admin123!,3096,pending,confirmed
admin@eshop.com,Admin123!,3094,pending,confirmed
admin@eshop.com,Admin123!,3091,pending,confirmed
admin@eshop.com,Admin123!,3093,pending,confirmed
admin@eshop.com,Admin123!,3092,pending,confirmed
admin@eshop.com,Admin123!,3095,pending,confirmed
admin@eshop.com,Admin123!,3099,pending,confirmed
admin@eshop.com,Admin123!,3097,pending,confirmed
admin@eshop.com,Admin123!,3098,pending,confirmed
admin@eshop.com,Admin123!,3100,pending,confirmed
admin@eshop.com,Admin123!,3101,pending,confirmed
admin@eshop.com,Admin123!,3110,pending,confirmed
admin@eshop.com,Admin123!,3102,pending,confirmed
admin@eshop.com,Admin123!,3109,pending,confirmed
admin@eshop.com,Admin123!,3113,pending,confirmed
admin@eshop.com,Admin123!,3108,pending,confirmed
admin@eshop.com,Admin123!,3103,pending,confirmed
admin@eshop.com,Admin123!,3104,pending,confirmed
admin@eshop.com,Admin123!,3105,pending,confirmed
admin@eshop.com,Admin123!,3106,pending,confirmed
admin@eshop.com,Admin123!,3107,pending,confirmed
admin@eshop.com,Admin123!,3111,pending,confirmed
admin@eshop.com,Admin123!,3114,pending,confirmed
admin@eshop.com,Admin123!,3112,pending,confirmed
admin@eshop.com,Admin123!,3115,pending,confirmed
admin@eshop.com,Admin123!,3116,pending,confirmed
admin@eshop.com,Admin123!,3117,pending,confirmed
admin@eshop.com,Admin123!,3119,pending,confirmed
admin@eshop.com,Admin123!,3118,pending,confirmed
admin@eshop.com,Admin123!,3124,pending,confirmed
admin@eshop.com,Admin123!,3120,pending,confirmed
admin@eshop.com,Admin123!,3121,pending,confirmed
admin@eshop.com,Admin123!,3123,pending,confirmed
admin@eshop.com,Admin123!,3122,pending,confirmed
admin@eshop.com,Admin123!,3125,pending,confirmed
admin@eshop.com,Admin123!,3126,pending,confirmed
admin@eshop.com,Admin123!,3131,pending,confirmed
admin@eshop.com,Admin123!,3130,pending,confirmed
admin@eshop.com,Admin123!,3129,pending,confirmed
admin@eshop.com,Admin123!,3127,pending,confirmed
admin@eshop.com,Admin123!,3128,pending,confirmed
admin@eshop.com,Admin123!,3135,pending,confirmed
admin@eshop.com,Admin123!,3133,pending,confirmed
admin@eshop.com,Admin123!,3132,pending,confirmed
admin@eshop.com,Admin123!,3139,pending,confirmed
admin@eshop.com,Admin123!,3134,pending,confirmed
admin@eshop.com,Admin123!,3138,pending,confirmed
admin@eshop.com,Admin123!,3136,pending,confirmed
admin@eshop.com,Admin123!,3137,pending,confirmed
admin@eshop.com,Admin123!,3140,pending,confirmed
admin@eshop.com,Admin123!,3141,pending,confirmed
admin@eshop.com,Admin123!,3142,pending,confirmed
admin@eshop.com,Admin123!,3143,pending,confirmed
admin@eshop.com,Admin123!,3144,pending,confirmed
admin@eshop.com,Admin123!,3145,pending,confirmed
admin@eshop.com,Admin123!,3146,pending,confirmed
admin@eshop.com,Admin123!,3153,pending,confirmed
admin@eshop.com,Admin123!,3155,pending,confirmed
admin@eshop.com,Admin123!,3154,pending,confirmed
admin@eshop.com,Admin123!,3147,pending,confirmed
admin@eshop.com,Admin123!,3148,pending,confirmed
admin@eshop.com,Admin123!,3149,pending,confirmed
admin@eshop.com,Admin123!,3150,pending,confirmed
admin@eshop.com,Admin123!,3151,pending,confirmed
admin@eshop.com,Admin123!,3152,pending,confirmed
admin@eshop.com,Admin123!,3156,pending,confirmed
admin@eshop.com,Admin123!,3157,pending,confirmed
admin@eshop.com,Admin123!,3171,pending,confirmed
admin@eshop.com,Admin123!,3158,pending,confirmed
admin@eshop.com,Admin123!,3162,pending,confirmed
admin@eshop.com,Admin123!,3160,pending,confirmed
admin@eshop.com,Admin123!,3161,pending,confirmed
admin@eshop.com,Admin123!,3159,pending,confirmed
admin@eshop.com,Admin123!,3169,pending,confirmed
admin@eshop.com,Admin123!,3163,pending,confirmed
admin@eshop.com,Admin123!,3164,pending,confirmed
admin@eshop.com,Admin123!,3166,pending,confirmed
admin@eshop.com,Admin123!,3165,pending,confirmed
admin@eshop.com,Admin123!,3167,pending,confirmed
admin@eshop.com,Admin123!,3170,pending,confirmed
admin@eshop.com,Admin123!,3168,pending,confirmed
admin@eshop.com,Admin123!,3172,pending,confirmed
admin@eshop.com,Admin123!,3176,pending,confirmed
admin@eshop.com,Admin123!,3177,pending,confirmed
admin@eshop.com,Admin123!,3175,pending,confirmed
admin@eshop.com,Admin123!,3173,pending,confirmed
admin@eshop.com,Admin123!,3174,pending,confirmed
admin@eshop.com,Admin123!,3178,pending,confirmed
admin@eshop.com,Admin123!,3179,pending,confirmed
admin@eshop.com,Admin123!,3181,pending,confirmed
admin@eshop.com,Admin123!,3182,pending,confirmed
admin@eshop.com,Admin123!,3180,pending,confirmed
admin@eshop.com,Admin123!,3184,pending,confirmed
admin@eshop.com,Admin123!,3191,pending,confirmed
admin@eshop.com,Admin123!,3183,pending,confirmed
admin@eshop.com,Admin123!,3188,pending,confirmed
admin@eshop.com,Admin123!,3185,pending,confirmed
admin@eshop.com,Admin123!,3187,pending,confirmed
admin@eshop.com,Admin123!,3192,pending,confirmed
admin@eshop.com,Admin123!,3193,pending,confirmed
admin@eshop.com,Admin123!,3189,pending,confirmed
admin@eshop.com,Admin123!,3186,pending,confirmed
admin@eshop.com,Admin123!,3190,pending,confirmed
admin@eshop.com,Admin123!,3194,pending,confirmed
admin@eshop.com,Admin123!,3195,pending,confirmed
admin@eshop.com,Admin123!,3196,pending,confirmed
admin@eshop.com,Admin123!,3197,pending,confirmed
admin@eshop.com,Admin123!,3202,pending,confirmed
admin@eshop.com,Admin123!,3198,pending,confirmed
admin@eshop.com,Admin123!,3199,pending,confirmed
admin@eshop.com,Admin123!,3200,pending,confirmed
admin@eshop.com,Admin123!,3203,pending,confirmed
admin@eshop.com,Admin123!,3201,pending,confirmed
admin@eshop.com,Admin123!,3204,pending,confirmed
admin@eshop.com,Admin123!,3211,pending,confirmed
admin@eshop.com,Admin123!,3205,pending,confirmed
admin@eshop.com,Admin123!,3213,pending,confirmed
admin@eshop.com,Admin123!,3206,pending,confirmed
admin@eshop.com,Admin123!,3210,pending,confirmed
admin@eshop.com,Admin123!,3207,pending,confirmed
admin@eshop.com,Admin123!,3216,pending,confirmed
admin@eshop.com,Admin123!,3214,pending,confirmed
admin@eshop.com,Admin123!,3212,pending,confirmed
admin@eshop.com,Admin123!,3208,pending,confirmed
admin@eshop.com,Admin123!,3209,pending,confirmed
admin@eshop.com,Admin123!,3217,pending,confirmed
admin@eshop.com,Admin123!,3215,pending,confirmed
admin@eshop.com,Admin123!,3218,pending,confirmed
admin@eshop.com,Admin123!,3219,pending,confirmed
admin@eshop.com,Admin123!,3227,pending,confirmed
admin@eshop.com,Admin123!,3220,pending,confirmed
admin@eshop.com,Admin123!,3224,pending,confirmed
admin@eshop.com,Admin123!,3225,pending,confirmed
admin@eshop.com,Admin123!,3226,pending,confirmed
admin@eshop.com,Admin123!,3221,pending,confirmed
admin@eshop.com,Admin123!,3222,pending,confirmed
admin@eshop.com,Admin123!,3223,pending,confirmed
admin@eshop.com,Admin123!,3229,pending,confirmed
admin@eshop.com,Admin123!,3228,pending,confirmed
admin@eshop.com,Admin123!,3235,pending,confirmed
admin@eshop.com,Admin123!,3233,pending,confirmed
admin@eshop.com,Admin123!,3230,pending,confirmed
admin@eshop.com,Admin123!,3231,pending,confirmed
admin@eshop.com,Admin123!,3232,pending,confirmed
admin@eshop.com,Admin123!,3236,pending,confirmed
admin@eshop.com,Admin123!,3234,pending,confirmed
admin@eshop.com,Admin123!,3237,pending,confirmed
admin@eshop.com,Admin123!,3238,pending,confirmed
admin@eshop.com,Admin123!,3239,pending,confirmed
admin@eshop.com,Admin123!,3240,pending,confirmed
admin@eshop.com,Admin123!,3242,pending,confirmed
admin@eshop.com,Admin123!,3241,pending,confirmed
admin@eshop.com,Admin123!,3249,pending,confirmed
admin@eshop.com,Admin123!,3247,pending,confirmed
admin@eshop.com,Admin123!,3243,pending,confirmed
admin@eshop.com,Admin123!,3246,pending,confirmed
admin@eshop.com,Admin123!,3244,pending,confirmed
admin@eshop.com,Admin123!,3245,pending,confirmed
admin@eshop.com,Admin123!,3248,pending,confirmed
admin@eshop.com,Admin123!,3250,pending,confirmed
admin@eshop.com,Admin123!,3251,pending,confirmed
admin@eshop.com,Admin123!,3252,pending,confirmed
admin@eshop.com,Admin123!,3253,pending,confirmed
admin@eshop.com,Admin123!,3254,pending,confirmed
admin@eshop.com,Admin123!,3255,pending,confirmed
admin@eshop.com,Admin123!,3259,pending,confirmed
admin@eshop.com,Admin123!,3260,pending,confirmed
admin@eshop.com,Admin123!,3261,pending,confirmed
admin@eshop.com,Admin123!,3256,pending,confirmed
admin@eshop.com,Admin123!,3257,pending,confirmed
admin@eshop.com,Admin123!,3258,pending,confirmed
admin@eshop.com,Admin123!,3266,pending,confirmed
admin@eshop.com,Admin123!,3262,pending,confirmed
admin@eshop.com,Admin123!,3267,pending,confirmed
admin@eshop.com,Admin123!,3268,pending,confirmed
admin@eshop.com,Admin123!,3263,pending,confirmed
admin@eshop.com,Admin123!,3264,pending,confirmed
admin@eshop.com,Admin123!,3265,pending,confirmed
admin@eshop.com,Admin123!,3269,pending,confirmed
admin@eshop.com,Admin123!,3275,pending,confirmed
admin@eshop.com,Admin123!,3276,pending,confirmed
admin@eshop.com,Admin123!,3277,pending,confirmed
admin@eshop.com,Admin123!,3270,pending,confirmed
admin@eshop.com,Admin123!,3271,pending,confirmed
admin@eshop.com,Admin123!,3272,pending,confirmed
admin@eshop.com,Admin123!,3273,pending,confirmed
admin@eshop.com,Admin123!,3274,pending,confirmed
admin@eshop.com,Admin123!,3282,pending,confirmed
admin@eshop.com,Admin123!,3278,pending,confirmed
admin@eshop.com,Admin123!,3283,pending,confirmed
admin@eshop.com,Admin123!,3281,pending,confirmed
admin@eshop.com,Admin123!,3279,pending,confirmed
admin@eshop.com,Admin123!,3280,pending,confirmed
admin@eshop.com,Admin123!,3284,pending,confirmed
admin@eshop.com,Admin123!,3285,pending,confirmed
admin@eshop.com,Admin123!,3290,pending,confirmed
admin@eshop.com,Admin123!,3298,pending,confirmed
admin@eshop.com,Admin123!,3286,pending,confirmed
admin@eshop.com,Admin123!,3287,pending,confirmed
admin@eshop.com,Admin123!,3288,pending,confirmed
admin@eshop.com,Admin123!,3289,pending,confirmed
admin@eshop.com,Admin123!,3291,pending,confirmed
admin@eshop.com,Admin123!,3293,pending,confirmed
admin@eshop.com,Admin123!,3297,pending,confirmed
admin@eshop.com,Admin123!,3294,pending,confirmed
admin@eshop.com,Admin123!,3299,pending,confirmed
admin@eshop.com,Admin123!,3295,pending,confirmed
admin@eshop.com,Admin123!,3292,pending,confirmed
admin@eshop.com,Admin123!,3296,pending,confirmed
admin@eshop.com,Admin123!,3300,pending,confirmed
admin@eshop.com,Admin123!,3302,pending,confirmed
admin@eshop.com,Admin123!,3303,pending,confirmed
admin@eshop.com,Admin123!,3304,pending,confirmed
admin@eshop.com,Admin123!,3301,pending,confirmed
admin@eshop.com,Admin123!,3309,pending,confirmed
admin@eshop.com,Admin123!,3305,pending,confirmed
admin@eshop.com,Admin123!,3307,pending,confirmed
admin@eshop.com,Admin123!,3306,pending,confirmed
admin@eshop.com,Admin123!,3308,pending,confirmed
admin@eshop.com,Admin123!,3310,pending,confirmed
admin@eshop.com,Admin123!,3312,pending,confirmed
admin@eshop.com,Admin123!,3313,pending,confirmed
admin@eshop.com,Admin123!,3311,pending,confirmed
admin@eshop.com,Admin123!,3315,pending,confirmed
admin@eshop.com,Admin123!,3319,pending,confirmed
admin@eshop.com,Admin123!,3314,pending,confirmed
admin@eshop.com,Admin123!,3318,pending,confirmed
admin@eshop.com,Admin123!,3316,pending,confirmed
admin@eshop.com,Admin123!,3317,pending,confirmed
admin@eshop.com,Admin123!,3320,pending,confirmed
admin@eshop.com,Admin123!,3321,pending,confirmed
admin@eshop.com,Admin123!,3322,pending,confirmed
admin@eshop.com,Admin123!,3323,pending,confirmed
admin@eshop.com,Admin123!,3324,pending,confirmed
admin@eshop.com,Admin123!,3325,pending,confirmed
admin@eshop.com,Admin123!,3326,pending,confirmed
admin@eshop.com,Admin123!,3334,pending,confirmed
admin@eshop.com,Admin123!,3327,pending,confirmed
admin@eshop.com,Admin123!,3331,pending,confirmed
admin@eshop.com,Admin123!,3332,pending,confirmed
admin@eshop.com,Admin123!,3333,pending,confirmed
admin@eshop.com,Admin123!,3328,pending,confirmed
admin@eshop.com,Admin123!,3329,pending,confirmed
admin@eshop.com,Admin123!,3330,pending,confirmed
admin@eshop.com,Admin123!,3335,pending,confirmed
admin@eshop.com,Admin123!,3343,pending,confirmed
admin@eshop.com,Admin123!,3341,pending,confirmed
admin@eshop.com,Admin123!,3342,pending,confirmed
admin@eshop.com,Admin123!,3336,pending,confirmed
admin@eshop.com,Admin123!,3337,pending,confirmed
admin@eshop.com,Admin123!,3338,pending,confirmed
admin@eshop.com,Admin123!,3339,pending,confirmed
admin@eshop.com,Admin123!,3340,pending,confirmed
admin@eshop.com,Admin123!,3344,pending,confirmed
admin@eshop.com,Admin123!,3345,pending,confirmed
admin@eshop.com,Admin123!,3346,pending,confirmed
admin@eshop.com,Admin123!,3360,pending,confirmed
admin@eshop.com,Admin123!,3347,pending,confirmed
admin@eshop.com,Admin123!,3356,pending,confirmed
admin@eshop.com,Admin123!,3357,pending,confirmed
admin@eshop.com,Admin123!,3358,pending,confirmed
admin@eshop.com,Admin123!,3348,pending,confirmed
admin@eshop.com,Admin123!,3349,pending,confirmed
admin@eshop.com,Admin123!,3350,pending,confirmed
admin@eshop.com,Admin123!,3351,pending,confirmed
admin@eshop.com,Admin123!,3352,pending,confirmed
admin@eshop.com,Admin123!,3353,pending,confirmed
admin@eshop.com,Admin123!,3354,pending,confirmed
admin@eshop.com,Admin123!,3355,pending,confirmed
admin@eshop.com,Admin123!,3359,pending,confirmed
admin@eshop.com,Admin123!,3365,pending,confirmed
admin@eshop.com,Admin123!,3364,pending,confirmed
admin@eshop.com,Admin123!,3361,pending,confirmed
admin@eshop.com,Admin123!,3362,pending,confirmed
admin@eshop.com,Admin123!,3363,pending,confirmed
admin@eshop.com,Admin123!,3366,pending,confirmed
admin@eshop.com,Admin123!,3367,pending,confirmed
admin@eshop.com,Admin123!,3374,pending,confirmed
admin@eshop.com,Admin123!,3368,pending,confirmed
admin@eshop.com,Admin123!,3372,pending,confirmed
admin@eshop.com,Admin123!,3379,pending,confirmed
admin@eshop.com,Admin123!,3371,pending,confirmed
admin@eshop.com,Admin123!,3369,pending,confirmed
admin@eshop.com,Admin123!,3370,pending,confirmed
admin@eshop.com,Admin123!,3378,pending,confirmed
admin@eshop.com,Admin123!,3383,pending,confirmed
admin@eshop.com,Admin123!,3384,pending,confirmed
admin@eshop.com,Admin123!,3373,pending,confirmed
admin@eshop.com,Admin123!,3382,pending,confirmed
admin@eshop.com,Admin123!,3375,pending,confirmed
admin@eshop.com,Admin123!,3376,pending,confirmed
admin@eshop.com,Admin123!,3377,pending,confirmed
admin@eshop.com,Admin123!,3380,pending,confirmed
admin@eshop.com,Admin123!,3381,pending,confirmed
admin@eshop.com,Admin123!,3385,pending,confirmed
admin@eshop.com,Admin123!,3386,pending,confirmed
admin@eshop.com,Admin123!,3390,pending,confirmed
admin@eshop.com,Admin123!,3391,pending,confirmed
admin@eshop.com,Admin123!,3389,pending,confirmed
admin@eshop.com,Admin123!,3387,pending,confirmed
admin@eshop.com,Admin123!,3388,pending,confirmed
admin@eshop.com,Admin123!,3392,pending,confirmed
admin@eshop.com,Admin123!,3408,pending,confirmed
admin@eshop.com,Admin123!,3393,pending,confirmed
admin@eshop.com,Admin123!,3407,pending,confirmed
admin@eshop.com,Admin123!,3394,pending,confirmed
admin@eshop.com,Admin123!,3402,pending,confirmed
admin@eshop.com,Admin123!,3400,pending,confirmed
admin@eshop.com,Admin123!,3401,pending,confirmed
admin@eshop.com,Admin123!,3395,pending,confirmed
admin@eshop.com,Admin123!,3396,pending,confirmed
admin@eshop.com,Admin123!,3397,pending,confirmed
admin@eshop.com,Admin123!,3398,pending,confirmed
admin@eshop.com,Admin123!,3399,pending,confirmed
admin@eshop.com,Admin123!,3409,pending,confirmed
admin@eshop.com,Admin123!,3403,pending,confirmed
admin@eshop.com,Admin123!,3404,pending,confirmed
admin@eshop.com,Admin123!,3405,pending,confirmed
admin@eshop.com,Admin123!,3406,pending,confirmed
admin@eshop.com,Admin123!,3410,pending,confirmed
admin@eshop.com,Admin123!,3411,pending,confirmed
admin@eshop.com,Admin123!,3414,pending,confirmed
admin@eshop.com,Admin123!,3412,pending,confirmed
admin@eshop.com,Admin123!,3413,pending,confirmed
admin@eshop.com,Admin123!,3415,pending,confirmed
admin@eshop.com,Admin123!,3416,pending,confirmed
admin@eshop.com,Admin123!,3419,pending,confirmed
admin@eshop.com,Admin123!,3418,pending,confirmed
admin@eshop.com,Admin123!,3431,pending,confirmed
admin@eshop.com,Admin123!,3417,pending,confirmed
admin@eshop.com,Admin123!,3424,pending,confirmed
admin@eshop.com,Admin123!,3430,pending,confirmed
admin@eshop.com,Admin123!,3425,pending,confirmed
admin@eshop.com,Admin123!,3426,pending,confirmed
admin@eshop.com,Admin123!,3432,pending,confirmed
admin@eshop.com,Admin123!,3420,pending,confirmed
admin@eshop.com,Admin123!,3421,pending,confirmed
admin@eshop.com,Admin123!,3422,pending,confirmed
admin@eshop.com,Admin123!,3423,pending,confirmed
admin@eshop.com,Admin123!,3427,pending,confirmed
admin@eshop.com,Admin123!,3428,pending,confirmed
admin@eshop.com,Admin123!,3429,pending,confirmed
admin@eshop.com,Admin123!,3440,pending,confirmed
admin@eshop.com,Admin123!,3433,pending,confirmed
admin@eshop.com,Admin123!,3436,pending,confirmed
admin@eshop.com,Admin123!,3435,pending,confirmed
admin@eshop.com,Admin123!,3439,pending,confirmed
admin@eshop.com,Admin123!,3434,pending,confirmed
admin@eshop.com,Admin123!,3437,pending,confirmed
admin@eshop.com,Admin123!,3438,pending,confirmed
admin@eshop.com,Admin123!,3441,pending,confirmed
admin@eshop.com,Admin123!,3452,pending,confirmed
admin@eshop.com,Admin123!,3442,pending,confirmed
admin@eshop.com,Admin123!,3446,pending,confirmed
admin@eshop.com,Admin123!,3444,pending,confirmed
admin@eshop.com,Admin123!,3445,pending,confirmed
admin@eshop.com,Admin123!,3443,pending,confirmed
admin@eshop.com,Admin123!,3448,pending,confirmed
admin@eshop.com,Admin123!,3450,pending,confirmed
admin@eshop.com,Admin123!,3451,pending,confirmed
admin@eshop.com,Admin123!,3453,pending,confirmed
admin@eshop.com,Admin123!,3447,pending,confirmed
admin@eshop.com,Admin123!,3454,pending,confirmed
admin@eshop.com,Admin123!,3449,pending,confirmed
admin@eshop.com,Admin123!,3455,pending,confirmed
admin@eshop.com,Admin123!,3457,pending,confirmed
admin@eshop.com,Admin123!,3456,pending,confirmed
admin@eshop.com,Admin123!,3458,pending,confirmed
admin@eshop.com,Admin123!,3464,pending,confirmed
admin@eshop.com,Admin123!,3463,pending,confirmed
admin@eshop.com,Admin123!,3465,pending,confirmed
admin@eshop.com,Admin123!,3459,pending,confirmed
admin@eshop.com,Admin123!,3460,pending,confirmed
admin@eshop.com,Admin123!,3461,pending,confirmed
admin@eshop.com,Admin123!,3462,pending,confirmed
admin@eshop.com,Admin123!,3466,pending,confirmed
admin@eshop.com,Admin123!,3467,pending,confirmed
admin@eshop.com,Admin123!,3468,pending,confirmed
admin@eshop.com,Admin123!,3474,pending,confirmed
admin@eshop.com,Admin123!,3469,pending,confirmed
admin@eshop.com,Admin123!,3470,pending,confirmed
admin@eshop.com,Admin123!,3475,pending,confirmed
admin@eshop.com,Admin123!,3471,pending,confirmed
admin@eshop.com,Admin123!,3472,pending,confirmed
admin@eshop.com,Admin123!,3473,pending,confirmed
admin@eshop.com,Admin123!,3478,pending,confirmed
admin@eshop.com,Admin123!,3480,pending,confirmed
admin@eshop.com,Admin123!,3479,pending,confirmed
admin@eshop.com,Admin123!,3476,pending,confirmed
admin@eshop.com,Admin123!,3477,pending,confirmed
admin@eshop.com,Admin123!,3481,pending,confirmed
admin@eshop.com,Admin123!,3482,pending,confirmed
admin@eshop.com,Admin123!,3483,pending,confirmed
admin@eshop.com,Admin123!,3484,pending,confirmed
admin@eshop.com,Admin123!,3487,pending,confirmed
admin@eshop.com,Admin123!,3485,pending,confirmed
admin@eshop.com,Admin123!,3486,pending,confirmed
admin@eshop.com,Admin123!,3488,pending,confirmed
admin@eshop.com,Admin123!,3490,pending,confirmed
admin@eshop.com,Admin123!,3489,pending,confirmed
admin@eshop.com,Admin123!,3499,pending,confirmed
admin@eshop.com,Admin123!,3491,pending,confirmed
admin@eshop.com,Admin123!,3495,pending,confirmed
admin@eshop.com,Admin123!,3493,pending,confirmed
admin@eshop.com,Admin123!,3494,pending,confirmed
admin@eshop.com,Admin123!,3492,pending,confirmed
admin@eshop.com,Admin123!,3501,pending,confirmed
admin@eshop.com,Admin123!,3498,pending,confirmed
admin@eshop.com,Admin123!,3502,pending,confirmed
admin@eshop.com,Admin123!,3497,pending,confirmed
admin@eshop.com,Admin123!,3496,pending,confirmed
admin@eshop.com,Admin123!,3500,pending,confirmed
admin@eshop.com,Admin123!,3503,pending,confirmed
admin@eshop.com,Admin123!,3504,pending,confirmed
admin@eshop.com,Admin123!,3505,pending,confirmed
admin@eshop.com,Admin123!,3512,pending,confirmed
admin@eshop.com,Admin123!,3513,pending,confirmed
admin@eshop.com,Admin123!,3514,pending,confirmed
admin@eshop.com,Admin123!,3506,pending,confirmed
admin@eshop.com,Admin123!,3507,pending,confirmed
admin@eshop.com,Admin123!,3508,pending,confirmed
admin@eshop.com,Admin123!,3509,pending,confirmed
admin@eshop.com,Admin123!,3510,pending,confirmed
admin@eshop.com,Admin123!,3511,pending,confirmed
admin@eshop.com,Admin123!,3515,pending,confirmed
admin@eshop.com,Admin123!,3520,pending,confirmed
admin@eshop.com,Admin123!,3521,pending,confirmed
admin@eshop.com,Admin123!,3519,pending,confirmed
admin@eshop.com,Admin123!,3516,pending,confirmed
admin@eshop.com,Admin123!,3517,pending,confirmed
admin@eshop.com,Admin123!,3518,pending,confirmed
admin@eshop.com,Admin123!,3522,pending,confirmed
admin@eshop.com,Admin123!,3526,pending,confirmed
admin@eshop.com,Admin123!,3524,pending,confirmed
admin@eshop.com,Admin123!,3525,pending,confirmed
admin@eshop.com,Admin123!,3523,pending,confirmed
admin@eshop.com,Admin123!,3527,pending,confirmed
admin@eshop.com,Admin123!,3535,pending,confirmed
admin@eshop.com,Admin123!,3529,pending,confirmed
admin@eshop.com,Admin123!,3534,pending,confirmed
admin@eshop.com,Admin123!,3528,pending,confirmed
admin@eshop.com,Admin123!,3533,pending,confirmed
admin@eshop.com,Admin123!,3530,pending,confirmed
admin@eshop.com,Admin123!,3531,pending,confirmed
admin@eshop.com,Admin123!,3532,pending,confirmed
admin@eshop.com,Admin123!,3536,pending,confirmed
admin@eshop.com,Admin123!,3539,pending,confirmed
admin@eshop.com,Admin123!,3537,pending,confirmed
admin@eshop.com,Admin123!,3538,pending,confirmed
admin@eshop.com,Admin123!,3540,pending,confirmed
admin@eshop.com,Admin123!,3541,pending,confirmed
admin@eshop.com,Admin123!,3547,pending,confirmed
admin@eshop.com,Admin123!,3542,pending,confirmed
admin@eshop.com,Admin123!,3543,pending,confirmed
admin@eshop.com,Admin123!,3544,pending,confirmed
admin@eshop.com,Admin123!,3545,pending,confirmed
admin@eshop.com,Admin123!,3548,pending,confirmed
admin@eshop.com,Admin123!,3546,pending,confirmed
admin@eshop.com,Admin123!,3550,pending,confirmed
admin@eshop.com,Admin123!,3551,pending,confirmed
admin@eshop.com,Admin123!,3549,pending,confirmed
admin@eshop.com,Admin123!,3552,pending,confirmed
admin@eshop.com,Admin123!,3559,pending,confirmed
admin@eshop.com,Admin123!,3558,pending,confirmed
admin@eshop.com,Admin123!,3561,pending,confirmed
admin@eshop.com,Admin123!,3553,pending,confirmed
admin@eshop.com,Admin123!,3554,pending,confirmed
admin@eshop.com,Admin123!,3555,pending,confirmed
admin@eshop.com,Admin123!,3556,pending,confirmed
admin@eshop.com,Admin123!,3557,pending,confirmed
admin@eshop.com,Admin123!,3560,pending,confirmed
admin@eshop.com,Admin123!,3562,pending,confirmed
admin@eshop.com,Admin123!,3563,pending,confirmed
admin@eshop.com,Admin123!,3564,pending,confirmed
admin@eshop.com,Admin123!,3565,pending,confirmed
admin@eshop.com,Admin123!,3571,pending,confirmed
admin@eshop.com,Admin123!,3566,pending,confirmed
admin@eshop.com,Admin123!,3572,pending,confirmed
admin@eshop.com,Admin123!,3573,pending,confirmed
admin@eshop.com,Admin123!,3567,pending,confirmed
admin@eshop.com,Admin123!,3568,pending,confirmed
admin@eshop.com,Admin123!,3569,pending,confirmed
admin@eshop.com,Admin123!,3570,pending,confirmed
admin@eshop.com,Admin123!,3574,pending,confirmed
admin@eshop.com,Admin123!,3582,pending,confirmed
admin@eshop.com,Admin123!,3583,pending,confirmed
admin@eshop.com,Admin123!,3581,pending,confirmed
admin@eshop.com,Admin123!,3575,pending,confirmed
admin@eshop.com,Admin123!,3576,pending,confirmed
admin@eshop.com,Admin123!,3577,pending,confirmed
admin@eshop.com,Admin123!,3578,pending,confirmed
admin@eshop.com,Admin123!,3579,pending,confirmed
admin@eshop.com,Admin123!,3580,pending,confirmed
admin@eshop.com,Admin123!,3584,pending,confirmed
admin@eshop.com,Admin123!,3586,pending,confirmed
admin@eshop.com,Admin123!,3585,pending,confirmed
admin@eshop.com,Admin123!,3590,pending,confirmed
admin@eshop.com,Admin123!,3589,pending,confirmed
admin@eshop.com,Admin123!,3588,pending,confirmed
admin@eshop.com,Admin123!,3587,pending,confirmed
admin@eshop.com,Admin123!,3598,pending,confirmed
admin@eshop.com,Admin123!,3596,pending,confirmed
admin@eshop.com,Admin123!,3597,pending,confirmed
admin@eshop.com,Admin123!,3591,pending,confirmed
admin@eshop.com,Admin123!,3592,pending,confirmed
admin@eshop.com,Admin123!,3593,pending,confirmed
admin@eshop.com,Admin123!,3594,pending,confirmed
admin@eshop.com,Admin123!,3595,pending,confirmed
admin@eshop.com,Admin123!,3599,pending,confirmed
admin@eshop.com,Admin123!,3607,pending,confirmed
admin@eshop.com,Admin123!,3608,pending,confirmed
admin@eshop.com,Admin123!,3609,pending,confirmed
admin@eshop.com,Admin123!,3600,pending,confirmed
admin@eshop.com,Admin123!,3601,pending,confirmed
admin@eshop.com,Admin123!,3602,pending,confirmed
admin@eshop.com,Admin123!,3603,pending,confirmed
admin@eshop.com,Admin123!,3604,pending,confirmed
admin@eshop.com,Admin123!,3605,pending,confirmed
admin@eshop.com,Admin123!,3606,pending,confirmed
admin@eshop.com,Admin123!,3610,pending,confirmed
admin@eshop.com,Admin123!,3611,pending,confirmed
admin@eshop.com,Admin123!,3614,pending,confirmed
admin@eshop.com,Admin123!,3615,pending,confirmed
admin@eshop.com,Admin123!,3612,pending,confirmed
admin@eshop.com,Admin123!,3613,pending,confirmed
admin@eshop.com,Admin123!,3619,pending,confirmed
admin@eshop.com,Admin123!,3620,pending,confirmed
admin@eshop.com,Admin123!,3617,pending,confirmed
admin@eshop.com,Admin123!,3616,pending,confirmed
admin@eshop.com,Admin123!,3618,pending,confirmed
admin@eshop.com,Admin123!,3621,pending,confirmed
admin@eshop.com,Admin123!,3623,pending,confirmed
admin@eshop.com,Admin123!,3622,pending,confirmed
admin@eshop.com,Admin123!,3626,pending,confirmed
admin@eshop.com,Admin123!,3625,pending,confirmed
admin@eshop.com,Admin123!,3624,pending,confirmed
admin@eshop.com,Admin123!,3627,pending,confirmed
admin@eshop.com,Admin123!,3634,pending,confirmed
admin@eshop.com,Admin123!,3628,pending,confirmed
admin@eshop.com,Admin123!,3629,pending,confirmed
admin@eshop.com,Admin123!,3630,pending,confirmed
admin@eshop.com,Admin123!,3631,pending,confirmed
admin@eshop.com,Admin123!,3635,pending,confirmed
admin@eshop.com,Admin123!,3632,pending,confirmed
admin@eshop.com,Admin123!,3633,pending,confirmed
admin@eshop.com,Admin123!,3636,pending,confirmed
admin@eshop.com,Admin123!,3639,pending,confirmed
admin@eshop.com,Admin123!,3647,pending,confirmed
admin@eshop.com,Admin123!,3638,pending,confirmed
admin@eshop.com,Admin123!,3637,pending,confirmed
admin@eshop.com,Admin123!,3648,pending,confirmed
admin@eshop.com,Admin123!,3646,pending,confirmed
admin@eshop.com,Admin123!,3640,pending,confirmed
admin@eshop.com,Admin123!,3641,pending,confirmed
admin@eshop.com,Admin123!,3642,pending,confirmed
admin@eshop.com,Admin123!,3643,pending,confirmed
admin@eshop.com,Admin123!,3644,pending,confirmed
admin@eshop.com,Admin123!,3645,pending,confirmed
admin@eshop.com,Admin123!,3649,pending,confirmed
admin@eshop.com,Admin123!,3650,pending,confirmed
admin@eshop.com,Admin123!,3651,pending,confirmed
admin@eshop.com,Admin123!,3652,pending,confirmed
admin@eshop.com,Admin123!,3657,pending,confirmed
admin@eshop.com,Admin123!,3653,pending,confirmed
admin@eshop.com,Admin123!,3658,pending,confirmed
admin@eshop.com,Admin123!,3659,pending,confirmed
admin@eshop.com,Admin123!,3660,pending,confirmed
admin@eshop.com,Admin123!,3654,pending,confirmed
admin@eshop.com,Admin123!,3655,pending,confirmed
admin@eshop.com,Admin123!,3656,pending,confirmed
admin@eshop.com,Admin123!,3661,pending,confirmed
admin@eshop.com,Admin123!,3662,pending,confirmed
admin@eshop.com,Admin123!,3663,pending,confirmed
admin@eshop.com,Admin123!,3671,pending,confirmed
admin@eshop.com,Admin123!,3670,pending,confirmed
admin@eshop.com,Admin123!,3669,pending,confirmed
admin@eshop.com,Admin123!,3664,pending,confirmed
admin@eshop.com,Admin123!,3665,pending,confirmed
admin@eshop.com,Admin123!,3666,pending,confirmed
admin@eshop.com,Admin123!,3667,pending,confirmed
admin@eshop.com,Admin123!,3668,pending,confirmed
admin@eshop.com,Admin123!,3680,pending,confirmed
admin@eshop.com,Admin123!,3672,pending,confirmed
admin@eshop.com,Admin123!,3682,pending,confirmed
admin@eshop.com,Admin123!,3681,pending,confirmed
admin@eshop.com,Admin123!,3679,pending,confirmed
admin@eshop.com,Admin123!,3673,pending,confirmed
admin@eshop.com,Admin123!,3674,pending,confirmed
admin@eshop.com,Admin123!,3675,pending,confirmed
admin@eshop.com,Admin123!,3676,pending,confirmed
admin@eshop.com,Admin123!,3677,pending,confirmed
admin@eshop.com,Admin123!,3678,pending,confirmed
admin@eshop.com,Admin123!,3683,pending,confirmed
admin@eshop.com,Admin123!,3684,pending,confirmed
admin@eshop.com,Admin123!,3686,pending,confirmed
admin@eshop.com,Admin123!,3685,pending,confirmed
admin@eshop.com,Admin123!,3687,pending,confirmed
admin@eshop.com,Admin123!,3690,pending,confirmed
admin@eshop.com,Admin123!,3691,pending,confirmed
admin@eshop.com,Admin123!,3689,pending,confirmed
admin@eshop.com,Admin123!,3688,pending,confirmed
admin@eshop.com,Admin123!,3694,pending,confirmed
admin@eshop.com,Admin123!,3692,pending,confirmed
admin@eshop.com,Admin123!,3693,pending,confirmed
admin@eshop.com,Admin123!,3695,pending,confirmed
admin@eshop.com,Admin123!,3696,pending,confirmed
admin@eshop.com,Admin123!,3697,pending,confirmed
admin@eshop.com,Admin123!,3708,pending,confirmed
admin@eshop.com,Admin123!,3706,pending,confirmed
admin@eshop.com,Admin123!,3707,pending,confirmed
admin@eshop.com,Admin123!,3698,pending,confirmed
admin@eshop.com,Admin123!,3699,pending,confirmed
admin@eshop.com,Admin123!,3700,pending,confirmed
admin@eshop.com,Admin123!,3701,pending,confirmed
admin@eshop.com,Admin123!,3702,pending,confirmed
admin@eshop.com,Admin123!,3703,pending,confirmed
admin@eshop.com,Admin123!,3704,pending,confirmed
admin@eshop.com,Admin123!,3705,pending,confirmed
admin@eshop.com,Admin123!,3709,pending,confirmed
admin@eshop.com,Admin123!,3713,pending,confirmed
admin@eshop.com,Admin123!,3711,pending,confirmed
admin@eshop.com,Admin123!,3712,pending,confirmed
admin@eshop.com,Admin123!,3710,pending,confirmed
admin@eshop.com,Admin123!,3714,pending,confirmed
admin@eshop.com,Admin123!,3717,pending,confirmed
admin@eshop.com,Admin123!,3718,pending,confirmed
admin@eshop.com,Admin123!,3719,pending,confirmed
admin@eshop.com,Admin123!,3715,pending,confirmed
admin@eshop.com,Admin123!,3716,pending,confirmed
admin@eshop.com,Admin123!,3721,pending,confirmed
admin@eshop.com,Admin123!,3720,pending,confirmed
admin@eshop.com,Admin123!,3722,pending,confirmed
admin@eshop.com,Admin123!,3732,pending,confirmed
admin@eshop.com,Admin123!,3733,pending,confirmed
admin@eshop.com,Admin123!,3731,pending,confirmed
admin@eshop.com,Admin123!,3723,pending,confirmed
admin@eshop.com,Admin123!,3724,pending,confirmed
admin@eshop.com,Admin123!,3725,pending,confirmed
admin@eshop.com,Admin123!,3726,pending,confirmed
admin@eshop.com,Admin123!,3727,pending,confirmed
admin@eshop.com,Admin123!,3728,pending,confirmed
admin@eshop.com,Admin123!,3729,pending,confirmed
admin@eshop.com,Admin123!,3730,pending,confirmed
admin@eshop.com,Admin123!,3734,pending,confirmed
admin@eshop.com,Admin123!,3739,pending,confirmed
admin@eshop.com,Admin123!,3740,pending,confirmed
admin@eshop.com,Admin123!,3741,pending,confirmed
admin@eshop.com,Admin123!,3735,pending,confirmed
admin@eshop.com,Admin123!,3736,pending,confirmed
admin@eshop.com,Admin123!,3737,pending,confirmed
admin@eshop.com,Admin123!,3738,pending,confirmed
admin@eshop.com,Admin123!,3742,pending,confirmed
admin@eshop.com,Admin123!,3743,pending,confirmed
admin@eshop.com,Admin123!,3744,pending,confirmed
admin@eshop.com,Admin123!,3752,pending,confirmed
admin@eshop.com,Admin123!,3745,pending,confirmed
admin@eshop.com,Admin123!,3746,pending,confirmed
admin@eshop.com,Admin123!,3749,pending,confirmed
admin@eshop.com,Admin123!,3751,pending,confirmed
admin@eshop.com,Admin123!,3754,pending,confirmed
admin@eshop.com,Admin123!,3753,pending,confirmed
admin@eshop.com,Admin123!,3747,pending,confirmed
admin@eshop.com,Admin123!,3748,pending,confirmed
admin@eshop.com,Admin123!,3755,pending,confirmed
admin@eshop.com,Admin123!,3750,pending,confirmed
admin@eshop.com,Admin123!,3757,pending,confirmed
admin@eshop.com,Admin123!,3758,pending,confirmed
admin@eshop.com,Admin123!,3756,pending,confirmed
admin@eshop.com,Admin123!,3761,pending,confirmed
admin@eshop.com,Admin123!,3760,pending,confirmed
admin@eshop.com,Admin123!,3759,pending,confirmed
admin@eshop.com,Admin123!,3762,pending,confirmed
admin@eshop.com,Admin123!,3766,pending,confirmed
admin@eshop.com,Admin123!,3765,pending,confirmed
admin@eshop.com,Admin123!,3763,pending,confirmed
admin@eshop.com,Admin123!,3764,pending,confirmed
admin@eshop.com,Admin123!,3767,pending,confirmed
admin@eshop.com,Admin123!,3768,pending,confirmed
admin@eshop.com,Admin123!,3769,pending,confirmed
admin@eshop.com,Admin123!,3770,pending,confirmed
admin@eshop.com,Admin123!,3777,pending,confirmed
admin@eshop.com,Admin123!,3779,pending,confirmed
admin@eshop.com,Admin123!,3778,pending,confirmed
admin@eshop.com,Admin123!,3771,pending,confirmed
admin@eshop.com,Admin123!,3772,pending,confirmed
admin@eshop.com,Admin123!,3773,pending,confirmed
admin@eshop.com,Admin123!,3774,pending,confirmed
admin@eshop.com,Admin123!,3775,pending,confirmed
admin@eshop.com,Admin123!,3776,pending,confirmed
admin@eshop.com,Admin123!,3780,pending,confirmed
admin@eshop.com,Admin123!,3784,pending,confirmed
admin@eshop.com,Admin123!,3786,pending,confirmed
admin@eshop.com,Admin123!,3785,pending,confirmed
admin@eshop.com,Admin123!,3783,pending,confirmed
admin@eshop.com,Admin123!,3781,pending,confirmed
admin@eshop.com,Admin123!,3782,pending,confirmed
admin@eshop.com,Admin123!,3787,pending,confirmed
admin@eshop.com,Admin123!,3789,pending,confirmed
admin@eshop.com,Admin123!,3790,pending,confirmed
admin@eshop.com,Admin123!,3791,pending,confirmed
admin@eshop.com,Admin123!,3788,pending,confirmed
admin@eshop.com,Admin123!,3792,pending,confirmed
admin@eshop.com,Admin123!,3800,pending,confirmed
admin@eshop.com,Admin123!,3801,pending,confirmed
admin@eshop.com,Admin123!,3802,pending,confirmed
admin@eshop.com,Admin123!,3793,pending,confirmed
admin@eshop.com,Admin123!,3794,pending,confirmed
admin@eshop.com,Admin123!,3795,pending,confirmed
admin@eshop.com,Admin123!,3796,pending,confirmed
admin@eshop.com,Admin123!,3797,pending,confirmed
admin@eshop.com,Admin123!,3798,pending,confirmed
admin@eshop.com,Admin123!,3799,pending,confirmed
admin@eshop.com,Admin123!,3803,pending,confirmed
admin@eshop.com,Admin123!,3804,pending,confirmed
admin@eshop.com,Admin123!,3810,pending,confirmed
admin@eshop.com,Admin123!,3815,pending,confirmed
admin@eshop.com,Admin123!,3805,pending,confirmed
admin@eshop.com,Admin123!,3806,pending,confirmed
admin@eshop.com,Admin123!,3807,pending,confirmed
admin@eshop.com,Admin123!,3809,pending,confirmed
admin@eshop.com,Admin123!,3808,pending,confirmed
admin@eshop.com,Admin123!,3813,pending,confirmed
admin@eshop.com,Admin123!,3811,pending,confirmed
admin@eshop.com,Admin123!,3816,pending,confirmed
admin@eshop.com,Admin123!,3814,pending,confirmed
admin@eshop.com,Admin123!,3812,pending,confirmed
admin@eshop.com,Admin123!,3817,pending,confirmed
admin@eshop.com,Admin123!,3826,pending,confirmed
admin@eshop.com,Admin123!,3827,pending,confirmed
admin@eshop.com,Admin123!,3828,pending,confirmed
admin@eshop.com,Admin123!,3818,pending,confirmed
admin@eshop.com,Admin123!,3819,pending,confirmed
admin@eshop.com,Admin123!,3820,pending,confirmed
admin@eshop.com,Admin123!,3821,pending,confirmed
admin@eshop.com,Admin123!,3822,pending,confirmed
admin@eshop.com,Admin123!,3823,pending,confirmed
admin@eshop.com,Admin123!,3824,pending,confirmed
admin@eshop.com,Admin123!,3825,pending,confirmed
admin@eshop.com,Admin123!,3829,pending,confirmed
admin@eshop.com,Admin123!,3835,pending,confirmed
admin@eshop.com,Admin123!,3833,pending,confirmed
admin@eshop.com,Admin123!,3834,pending,confirmed
admin@eshop.com,Admin123!,3830,pending,confirmed
admin@eshop.com,Admin123!,3831,pending,confirmed
admin@eshop.com,Admin123!,3832,pending,confirmed
admin@eshop.com,Admin123!,3836,pending,confirmed
admin@eshop.com,Admin123!,3840,pending,confirmed
admin@eshop.com,Admin123!,3838,pending,confirmed
admin@eshop.com,Admin123!,3839,pending,confirmed
admin@eshop.com,Admin123!,3837,pending,confirmed
admin@eshop.com,Admin123!,3852,pending,confirmed
admin@eshop.com,Admin123!,3849,pending,confirmed
admin@eshop.com,Admin123!,3850,pending,confirmed
admin@eshop.com,Admin123!,3847,pending,confirmed
admin@eshop.com,Admin123!,3841,pending,confirmed
admin@eshop.com,Admin123!,3842,pending,confirmed
admin@eshop.com,Admin123!,3843,pending,confirmed
admin@eshop.com,Admin123!,3844,pending,confirmed
admin@eshop.com,Admin123!,3845,pending,confirmed
admin@eshop.com,Admin123!,3846,pending,confirmed
admin@eshop.com,Admin123!,3851,pending,confirmed
admin@eshop.com,Admin123!,3848,pending,confirmed
admin@eshop.com,Admin123!,3853,pending,confirmed
admin@eshop.com,Admin123!,3856,pending,confirmed
admin@eshop.com,Admin123!,3857,pending,confirmed
admin@eshop.com,Admin123!,3854,pending,confirmed
admin@eshop.com,Admin123!,3855,pending,confirmed
admin@eshop.com,Admin123!,3858,pending,confirmed
admin@eshop.com,Admin123!,3859,pending,confirmed
admin@eshop.com,Admin123!,3860,pending,confirmed
admin@eshop.com,Admin123!,3863,pending,confirmed
admin@eshop.com,Admin123!,3862,pending,confirmed
admin@eshop.com,Admin123!,3861,pending,confirmed
admin@eshop.com,Admin123!,3864,pending,confirmed
admin@eshop.com,Admin123!,3865,pending,confirmed
admin@eshop.com,Admin123!,3867,pending,confirmed
admin@eshop.com,Admin123!,3868,pending,confirmed
admin@eshop.com,Admin123!,3866,pending,confirmed
admin@eshop.com,Admin123!,3869,pending,confirmed
admin@eshop.com,Admin123!,3870,pending,confirmed
admin@eshop.com,Admin123!,3871,pending,confirmed
admin@eshop.com,Admin123!,3872,pending,confirmed
admin@eshop.com,Admin123!,3875,pending,confirmed
admin@eshop.com,Admin123!,3873,pending,confirmed
admin@eshop.com,Admin123!,3877,pending,confirmed
admin@eshop.com,Admin123!,3878,pending,confirmed
admin@eshop.com,Admin123!,3876,pending,confirmed
admin@eshop.com,Admin123!,3874,pending,confirmed
admin@eshop.com,Admin123!,3879,pending,confirmed
admin@eshop.com,Admin123!,3882,pending,confirmed
admin@eshop.com,Admin123!,3883,pending,confirmed
admin@eshop.com,Admin123!,3881,pending,confirmed
admin@eshop.com,Admin123!,3880,pending,confirmed
admin@eshop.com,Admin123!,3885,pending,confirmed
admin@eshop.com,Admin123!,3884,pending,confirmed
admin@eshop.com,Admin123!,3886,pending,confirmed
admin@eshop.com,Admin123!,3887,pending,confirmed
admin@eshop.com,Admin123!,3888,pending,confirmed
admin@eshop.com,Admin123!,3893,pending,confirmed
admin@eshop.com,Admin123!,3894,pending,confirmed
admin@eshop.com,Admin123!,3895,pending,confirmed
admin@eshop.com,Admin123!,3889,pending,confirmed
admin@eshop.com,Admin123!,3890,pending,confirmed
admin@eshop.com,Admin123!,3891,pending,confirmed
admin@eshop.com,Admin123!,3892,pending,confirmed
admin@eshop.com,Admin123!,3904,pending,confirmed
admin@eshop.com,Admin123!,3896,pending,confirmed
admin@eshop.com,Admin123!,3902,pending,confirmed
admin@eshop.com,Admin123!,3903,pending,confirmed
admin@eshop.com,Admin123!,3897,pending,confirmed
admin@eshop.com,Admin123!,3898,pending,confirmed
admin@eshop.com,Admin123!,3899,pending,confirmed
admin@eshop.com,Admin123!,3900,pending,confirmed
admin@eshop.com,Admin123!,3901,pending,confirmed
admin@eshop.com,Admin123!,3907,pending,confirmed
admin@eshop.com,Admin123!,3905,pending,confirmed
admin@eshop.com,Admin123!,3906,pending,confirmed
admin@eshop.com,Admin123!,3908,pending,confirmed
admin@eshop.com,Admin123!,3911,pending,confirmed
admin@eshop.com,Admin123!,3912,pending,confirmed
admin@eshop.com,Admin123!,3909,pending,confirmed
admin@eshop.com,Admin123!,3910,pending,confirmed
admin@eshop.com,Admin123!,3913,pending,confirmed
admin@eshop.com,Admin123!,3920,pending,confirmed
admin@eshop.com,Admin123!,3919,pending,confirmed
admin@eshop.com,Admin123!,3918,pending,confirmed
admin@eshop.com,Admin123!,3914,pending,confirmed
admin@eshop.com,Admin123!,3915,pending,confirmed
admin@eshop.com,Admin123!,3916,pending,confirmed
admin@eshop.com,Admin123!,3917,pending,confirmed
admin@eshop.com,Admin123!,3921,pending,confirmed
admin@eshop.com,Admin123!,3925,pending,confirmed
admin@eshop.com,Admin123!,3923,pending,confirmed
admin@eshop.com,Admin123!,3924,pending,confirmed
admin@eshop.com,Admin123!,3922,pending,confirmed
admin@eshop.com,Admin123!,3932,pending,confirmed
admin@eshop.com,Admin123!,3929,pending,confirmed
admin@eshop.com,Admin123!,3930,pending,confirmed
admin@eshop.com,Admin123!,3931,pending,confirmed
admin@eshop.com,Admin123!,3926,pending,confirmed
admin@eshop.com,Admin123!,3927,pending,confirmed
admin@eshop.com,Admin123!,3928,pending,confirmed
admin@eshop.com,Admin123!,3933,pending,confirmed
admin@eshop.com,Admin123!,3935,pending,confirmed
admin@eshop.com,Admin123!,3941,pending,confirmed
admin@eshop.com,Admin123!,3940,pending,confirmed
admin@eshop.com,Admin123!,3942,pending,confirmed
admin@eshop.com,Admin123!,3934,pending,confirmed
admin@eshop.com,Admin123!,3936,pending,confirmed
admin@eshop.com,Admin123!,3937,pending,confirmed
admin@eshop.com,Admin123!,3938,pending,confirmed
admin@eshop.com,Admin123!,3939,pending,confirmed
admin@eshop.com,Admin123!,3943,pending,confirmed
admin@eshop.com,Admin123!,3944,pending,confirmed
admin@eshop.com,Admin123!,3945,pending,confirmed
admin@eshop.com,Admin123!,3953,pending,confirmed
admin@eshop.com,Admin123!,3946,pending,confirmed
admin@eshop.com,Admin123!,3947,pending,confirmed
admin@eshop.com,Admin123!,3948,pending,confirmed
admin@eshop.com,Admin123!,3949,pending,confirmed
admin@eshop.com,Admin123!,3957,pending,confirmed
admin@eshop.com,Admin123!,3950,pending,confirmed
admin@eshop.com,Admin123!,3956,pending,confirmed
admin@eshop.com,Admin123!,3954,pending,confirmed
admin@eshop.com,Admin123!,3955,pending,confirmed
admin@eshop.com,Admin123!,3951,pending,confirmed
admin@eshop.com,Admin123!,3952,pending,confirmed
admin@eshop.com,Admin123!,3958,pending,confirmed
admin@eshop.com,Admin123!,3960,pending,confirmed
admin@eshop.com,Admin123!,3959,pending,confirmed
admin@eshop.com,Admin123!,3961,pending,confirmed
admin@eshop.com,Admin123!,3964,pending,confirmed
admin@eshop.com,Admin123!,3965,pending,confirmed
admin@eshop.com,Admin123!,3966,pending,confirmed
admin@eshop.com,Admin123!,3962,pending,confirmed
admin@eshop.com,Admin123!,3963,pending,confirmed
admin@eshop.com,Admin123!,3967,pending,confirmed
admin@eshop.com,Admin123!,3968,pending,confirmed
admin@eshop.com,Admin123!,3969,pending,confirmed
admin@eshop.com,Admin123!,3978,pending,confirmed
admin@eshop.com,Admin123!,3970,pending,confirmed
admin@eshop.com,Admin123!,3975,pending,confirmed
admin@eshop.com,Admin123!,3976,pending,confirmed
admin@eshop.com,Admin123!,3977,pending,confirmed
admin@eshop.com,Admin123!,3971,pending,confirmed
admin@eshop.com,Admin123!,3972,pending,confirmed
admin@eshop.com,Admin123!,3973,pending,confirmed
admin@eshop.com,Admin123!,3974,pending,confirmed
admin@eshop.com,Admin123!,3983,pending,confirmed
admin@eshop.com,Admin123!,3981,pending,confirmed
admin@eshop.com,Admin123!,3982,pending,confirmed
admin@eshop.com,Admin123!,3979,pending,confirmed
admin@eshop.com,Admin123!,3980,pending,confirmed
admin@eshop.com,Admin123!,3984,pending,confirmed
admin@eshop.com,Admin123!,3988,pending,confirmed
admin@eshop.com,Admin123!,3986,pending,confirmed
admin@eshop.com,Admin123!,3987,pending,confirmed
admin@eshop.com,Admin123!,3985,pending,confirmed
admin@eshop.com,Admin123!,3989,pending,confirmed
admin@eshop.com,Admin123!,3990,pending,confirmed
admin@eshop.com,Admin123!,3993,pending,confirmed
admin@eshop.com,Admin123!,4005,pending,confirmed
admin@eshop.com,Admin123!,3996,pending,confirmed
admin@eshop.com,Admin123!,3991,pending,confirmed
admin@eshop.com,Admin123!,4004,pending,confirmed
admin@eshop.com,Admin123!,3994,pending,confirmed
admin@eshop.com,Admin123!,4003,pending,confirmed
admin@eshop.com,Admin123!,3992,pending,confirmed
admin@eshop.com,Admin123!,3995,pending,confirmed
admin@eshop.com,Admin123!,3997,pending,confirmed
admin@eshop.com,Admin123!,3998,pending,confirmed
admin@eshop.com,Admin123!,3999,pending,confirmed
admin@eshop.com,Admin123!,4000,pending,confirmed
admin@eshop.com,Admin123!,4001,pending,confirmed
admin@eshop.com,Admin123!,4002,pending,confirmed
admin@eshop.com,Admin123!,4006,pending,confirmed
admin@eshop.com,Admin123!,4010,pending,confirmed
admin@eshop.com,Admin123!,4008,pending,confirmed
admin@eshop.com,Admin123!,4009,pending,confirmed
admin@eshop.com,Admin123!,4007,pending,confirmed
admin@eshop.com,Admin123!,4014,pending,confirmed
admin@eshop.com,Admin123!,4011,pending,confirmed
admin@eshop.com,Admin123!,4012,pending,confirmed
admin@eshop.com,Admin123!,4013,pending,confirmed
admin@eshop.com,Admin123!,4015,pending,confirmed
admin@eshop.com,Admin123!,4017,pending,confirmed
admin@eshop.com,Admin123!,4027,pending,confirmed
admin@eshop.com,Admin123!,4025,pending,confirmed
admin@eshop.com,Admin123!,4016,pending,confirmed
admin@eshop.com,Admin123!,4026,pending,confirmed
admin@eshop.com,Admin123!,4018,pending,confirmed
admin@eshop.com,Admin123!,4019,pending,confirmed
admin@eshop.com,Admin123!,4020,pending,confirmed
admin@eshop.com,Admin123!,4021,pending,confirmed
admin@eshop.com,Admin123!,4022,pending,confirmed
admin@eshop.com,Admin123!,4023,pending,confirmed
admin@eshop.com,Admin123!,4024,pending,confirmed
admin@eshop.com,Admin123!,4028,pending,confirmed
admin@eshop.com,Admin123!,4036,pending,confirmed
admin@eshop.com,Admin123!,4032,pending,confirmed
admin@eshop.com,Admin123!,4037,pending,confirmed
admin@eshop.com,Admin123!,4029,pending,confirmed
admin@eshop.com,Admin123!,4030,pending,confirmed
admin@eshop.com,Admin123!,4031,pending,confirmed
admin@eshop.com,Admin123!,4035,pending,confirmed
admin@eshop.com,Admin123!,4038,pending,confirmed
admin@eshop.com,Admin123!,4033,pending,confirmed
admin@eshop.com,Admin123!,4034,pending,confirmed
admin@eshop.com,Admin123!,4039,pending,confirmed
admin@eshop.com,Admin123!,4040,pending,confirmed
admin@eshop.com,Admin123!,4041,pending,confirmed
admin@eshop.com,Admin123!,4042,pending,confirmed
admin@eshop.com,Admin123!,4050,pending,confirmed
admin@eshop.com,Admin123!,4048,pending,confirmed
admin@eshop.com,Admin123!,4049,pending,confirmed
admin@eshop.com,Admin123!,4043,pending,confirmed
admin@eshop.com,Admin123!,4044,pending,confirmed
admin@eshop.com,Admin123!,4045,pending,confirmed
admin@eshop.com,Admin123!,4046,pending,confirmed
admin@eshop.com,Admin123!,4047,pending,confirmed
admin@eshop.com,Admin123!,4051,pending,confirmed
admin@eshop.com,Admin123!,4052,pending,confirmed
admin@eshop.com,Admin123!,4053,pending,confirmed
admin@eshop.com,Admin123!,4054,pending,confirmed
admin@eshop.com,Admin123!,4059,pending,confirmed
admin@eshop.com,Admin123!,4055,pending,confirmed
admin@eshop.com,Admin123!,4056,pending,confirmed
admin@eshop.com,Admin123!,4060,pending,confirmed
admin@eshop.com,Admin123!,4057,pending,confirmed
admin@eshop.com,Admin123!,4058,pending,confirmed
admin@eshop.com,Admin123!,4065,pending,confirmed
admin@eshop.com,Admin123!,4061,pending,confirmed
admin@eshop.com,Admin123!,4063,pending,confirmed
admin@eshop.com,Admin123!,4064,pending,confirmed
admin@eshop.com,Admin123!,4062,pending,confirmed
admin@eshop.com,Admin123!,4066,pending,confirmed
admin@eshop.com,Admin123!,4070,pending,confirmed
admin@eshop.com,Admin123!,4071,pending,confirmed
admin@eshop.com,Admin123!,4072,pending,confirmed
admin@eshop.com,Admin123!,4067,pending,confirmed
admin@eshop.com,Admin123!,4068,pending,confirmed
admin@eshop.com,Admin123!,4069,pending,confirmed
admin@eshop.com,Admin123!,4073,pending,confirmed
admin@eshop.com,Admin123!,4074,pending,confirmed
admin@eshop.com,Admin123!,4075,pending,confirmed
admin@eshop.com,Admin123!,4078,pending,confirmed
admin@eshop.com,Admin123!,4076,pending,confirmed
admin@eshop.com,Admin123!,4080,pending,confirmed
admin@eshop.com,Admin123!,4084,pending,confirmed
admin@eshop.com,Admin123!,4079,pending,confirmed
admin@eshop.com,Admin123!,4077,pending,confirmed
admin@eshop.com,Admin123!,4087,pending,confirmed
admin@eshop.com,Admin123!,4083,pending,confirmed
admin@eshop.com,Admin123!,4085,pending,confirmed
admin@eshop.com,Admin123!,4086,pending,confirmed
admin@eshop.com,Admin123!,4081,pending,confirmed
admin@eshop.com,Admin123!,4082,pending,confirmed
admin@eshop.com,Admin123!,4088,pending,confirmed
admin@eshop.com,Admin123!,4089,pending,confirmed
admin@eshop.com,Admin123!,4090,pending,confirmed
admin@eshop.com,Admin123!,4097,pending,confirmed
admin@eshop.com,Admin123!,4098,pending,confirmed
admin@eshop.com,Admin123!,4099,pending,confirmed
admin@eshop.com,Admin123!,4091,pending,confirmed
admin@eshop.com,Admin123!,4092,pending,confirmed
admin@eshop.com,Admin123!,4093,pending,confirmed
admin@eshop.com,Admin123!,4094,pending,confirmed
admin@eshop.com,Admin123!,4095,pending,confirmed
admin@eshop.com,Admin123!,4096,pending,confirmed
admin@eshop.com,Admin123!,4100,pending,confirmed
admin@eshop.com,Admin123!,4101,pending,confirmed
admin@eshop.com,Admin123!,4102,pending,confirmed
admin@eshop.com,Admin123!,4108,pending,confirmed
admin@eshop.com,Admin123!,4103,pending,confirmed
admin@eshop.com,Admin123!,4107,pending,confirmed
admin@eshop.com,Admin123!,4105,pending,confirmed
admin@eshop.com,Admin123!,4106,pending,confirmed
admin@eshop.com,Admin123!,4104,pending,confirmed
admin@eshop.com,Admin123!,4112,pending,confirmed
admin@eshop.com,Admin123!,4110,pending,confirmed
admin@eshop.com,Admin123!,4111,pending,confirmed
admin@eshop.com,Admin123!,4109,pending,confirmed
admin@eshop.com,Admin123!,4113,pending,confirmed
admin@eshop.com,Admin123!,4115,pending,confirmed
admin@eshop.com,Admin123!,4114,pending,confirmed
admin@eshop.com,Admin123!,4118,pending,confirmed
admin@eshop.com,Admin123!,4116,pending,confirmed
admin@eshop.com,Admin123!,4120,pending,confirmed
admin@eshop.com,Admin123!,4121,pending,confirmed
admin@eshop.com,Admin123!,4119,pending,confirmed
admin@eshop.com,Admin123!,4117,pending,confirmed
admin@eshop.com,Admin123!,4122,pending,confirmed
admin@eshop.com,Admin123!,4123,pending,confirmed
admin@eshop.com,Admin123!,4124,pending,confirmed
admin@eshop.com,Admin123!,4127,pending,confirmed
admin@eshop.com,Admin123!,4125,pending,confirmed
admin@eshop.com,Admin123!,4128,pending,confirmed
admin@eshop.com,Admin123!,4132,pending,confirmed
admin@eshop.com,Admin123!,4130,pending,confirmed
admin@eshop.com,Admin123!,4126,pending,confirmed
admin@eshop.com,Admin123!,4134,pending,confirmed
admin@eshop.com,Admin123!,4133,pending,confirmed
admin@eshop.com,Admin123!,4131,pending,confirmed
admin@eshop.com,Admin123!,4129,pending,confirmed
admin@eshop.com,Admin123!,4136,pending,confirmed
admin@eshop.com,Admin123!,4135,pending,confirmed
admin@eshop.com,Admin123!,4137,pending,confirmed
admin@eshop.com,Admin123!,4147,pending,confirmed
admin@eshop.com,Admin123!,4138,pending,confirmed
admin@eshop.com,Admin123!,4141,pending,confirmed
admin@eshop.com,Admin123!,4145,pending,confirmed
admin@eshop.com,Admin123!,4140,pending,confirmed
admin@eshop.com,Admin123!,4139,pending,confirmed
admin@eshop.com,Admin123!,4146,pending,confirmed
admin@eshop.com,Admin123!,4143,pending,confirmed
admin@eshop.com,Admin123!,4144,pending,confirmed
admin@eshop.com,Admin123!,4142,pending,confirmed
admin@eshop.com,Admin123!,4148,pending,confirmed
admin@eshop.com,Admin123!,4149,pending,confirmed
admin@eshop.com,Admin123!,4150,pending,confirmed
admin@eshop.com,Admin123!,4155,pending,confirmed
admin@eshop.com,Admin123!,4156,pending,confirmed
admin@eshop.com,Admin123!,4157,pending,confirmed
admin@eshop.com,Admin123!,4151,pending,confirmed
admin@eshop.com,Admin123!,4152,pending,confirmed
admin@eshop.com,Admin123!,4153,pending,confirmed
admin@eshop.com,Admin123!,4154,pending,confirmed
admin@eshop.com,Admin123!,4158,pending,confirmed
admin@eshop.com,Admin123!,4163,pending,confirmed
admin@eshop.com,Admin123!,4164,pending,confirmed
admin@eshop.com,Admin123!,4165,pending,confirmed
admin@eshop.com,Admin123!,4159,pending,confirmed
admin@eshop.com,Admin123!,4160,pending,confirmed
admin@eshop.com,Admin123!,4161,pending,confirmed
admin@eshop.com,Admin123!,4162,pending,confirmed
admin@eshop.com,Admin123!,4166,pending,confirmed
admin@eshop.com,Admin123!,4171,pending,confirmed
admin@eshop.com,Admin123!,4172,pending,confirmed
admin@eshop.com,Admin123!,4170,pending,confirmed
admin@eshop.com,Admin123!,4167,pending,confirmed
admin@eshop.com,Admin123!,4168,pending,confirmed
admin@eshop.com,Admin123!,4169,pending,confirmed
admin@eshop.com,Admin123!,4173,pending,confirmed
admin@eshop.com,Admin123!,4177,pending,confirmed
admin@eshop.com,Admin123!,4178,pending,confirmed
admin@eshop.com,Admin123!,4176,pending,confirmed
admin@eshop.com,Admin123!,4174,pending,confirmed
admin@eshop.com,Admin123!,4175,pending,confirmed
admin@eshop.com,Admin123!,4179,pending,confirmed
admin@eshop.com,Admin123!,4181,pending,confirmed
admin@eshop.com,Admin123!,4180,pending,confirmed
admin@eshop.com,Admin123!,4182,pending,confirmed
admin@eshop.com,Admin123!,4183,pending,confirmed
admin@eshop.com,Admin123!,4191,pending,confirmed
admin@eshop.com,Admin123!,4188,pending,confirmed
admin@eshop.com,Admin123!,4192,pending,confirmed
admin@eshop.com,Admin123!,4193,pending,confirmed
admin@eshop.com,Admin123!,4184,pending,confirmed
admin@eshop.com,Admin123!,4185,pending,confirmed
admin@eshop.com,Admin123!,4186,pending,confirmed
admin@eshop.com,Admin123!,4187,pending,confirmed
admin@eshop.com,Admin123!,4190,pending,confirmed
admin@eshop.com,Admin123!,4189,pending,confirmed
admin@eshop.com,Admin123!,4194,pending,confirmed
admin@eshop.com,Admin123!,4195,pending,confirmed
admin@eshop.com,Admin123!,4196,pending,confirmed
admin@eshop.com,Admin123!,4197,pending,confirmed
admin@eshop.com,Admin123!,4204,pending,confirmed
admin@eshop.com,Admin123!,4199,pending,confirmed
admin@eshop.com,Admin123!,4200,pending,confirmed
admin@eshop.com,Admin123!,4198,pending,confirmed
admin@eshop.com,Admin123!,4205,pending,confirmed
admin@eshop.com,Admin123!,4203,pending,confirmed
admin@eshop.com,Admin123!,4201,pending,confirmed
admin@eshop.com,Admin123!,4202,pending,confirmed
admin@eshop.com,Admin123!,4206,pending,confirmed
admin@eshop.com,Admin123!,4207,pending,confirmed
admin@eshop.com,Admin123!,4217,pending,confirmed
admin@eshop.com,Admin123!,4218,pending,confirmed
admin@eshop.com,Admin123!,4219,pending,confirmed
admin@eshop.com,Admin123!,4208,pending,confirmed
admin@eshop.com,Admin123!,4209,pending,confirmed
admin@eshop.com,Admin123!,4210,pending,confirmed
admin@eshop.com,Admin123!,4211,pending,confirmed
admin@eshop.com,Admin123!,4212,pending,confirmed
admin@eshop.com,Admin123!,4213,pending,confirmed
admin@eshop.com,Admin123!,4214,pending,confirmed
admin@eshop.com,Admin123!,4215,pending,confirmed
admin@eshop.com,Admin123!,4216,pending,confirmed
admin@eshop.com,Admin123!,4220,pending,confirmed
admin@eshop.com,Admin123!,4221,pending,confirmed
admin@eshop.com,Admin123!,4222,pending,confirmed
admin@eshop.com,Admin123!,4224,pending,confirmed
admin@eshop.com,Admin123!,4223,pending,confirmed
admin@eshop.com,Admin123!,4226,pending,confirmed
admin@eshop.com,Admin123!,4225,pending,confirmed
admin@eshop.com,Admin123!,4227,pending,confirmed
admin@eshop.com,Admin123!,4229,pending,confirmed
admin@eshop.com,Admin123!,4228,pending,confirmed
admin@eshop.com,Admin123!,4230,pending,confirmed
admin@eshop.com,Admin123!,4231,pending,confirmed
admin@eshop.com,Admin123!,4234,pending,confirmed
admin@eshop.com,Admin123!,4238,pending,confirmed
admin@eshop.com,Admin123!,4233,pending,confirmed
admin@eshop.com,Admin123!,4235,pending,confirmed
admin@eshop.com,Admin123!,4232,pending,confirmed
admin@eshop.com,Admin123!,4237,pending,confirmed
admin@eshop.com,Admin123!,4236,pending,confirmed
admin@eshop.com,Admin123!,4240,pending,confirmed
admin@eshop.com,Admin123!,4241,pending,confirmed
admin@eshop.com,Admin123!,4239,pending,confirmed
admin@eshop.com,Admin123!,4242,pending,confirmed
admin@eshop.com,Admin123!,4243,pending,confirmed
admin@eshop.com,Admin123!,4244,pending,confirmed
admin@eshop.com,Admin123!,4250,pending,confirmed
admin@eshop.com,Admin123!,4247,pending,confirmed
admin@eshop.com,Admin123!,4245,pending,confirmed
admin@eshop.com,Admin123!,4248,pending,confirmed
admin@eshop.com,Admin123!,4246,pending,confirmed
admin@eshop.com,Admin123!,4252,pending,confirmed
admin@eshop.com,Admin123!,4249,pending,confirmed
admin@eshop.com,Admin123!,4253,pending,confirmed
admin@eshop.com,Admin123!,4251,pending,confirmed
admin@eshop.com,Admin123!,4254,pending,confirmed
admin@eshop.com,Admin123!,4255,pending,confirmed
admin@eshop.com,Admin123!,4263,pending,confirmed
admin@eshop.com,Admin123!,4256,pending,confirmed
admin@eshop.com,Admin123!,4264,pending,confirmed
admin@eshop.com,Admin123!,4265,pending,confirmed
admin@eshop.com,Admin123!,4257,pending,confirmed
admin@eshop.com,Admin123!,4258,pending,confirmed
admin@eshop.com,Admin123!,4259,pending,confirmed
admin@eshop.com,Admin123!,4260,pending,confirmed
admin@eshop.com,Admin123!,4261,pending,confirmed
admin@eshop.com,Admin123!,4262,pending,confirmed
admin@eshop.com,Admin123!,4266,pending,confirmed
admin@eshop.com,Admin123!,4267,pending,confirmed
admin@eshop.com,Admin123!,4268,pending,confirmed
admin@eshop.com,Admin123!,4271,pending,confirmed
admin@eshop.com,Admin123!,4269,pending,confirmed
admin@eshop.com,Admin123!,4270,pending,confirmed
admin@eshop.com,Admin123!,4277,pending,confirmed
admin@eshop.com,Admin123!,4276,pending,confirmed
admin@eshop.com,Admin123!,4278,pending,confirmed
admin@eshop.com,Admin123!,4272,pending,confirmed
admin@eshop.com,Admin123!,4273,pending,confirmed
admin@eshop.com,Admin123!,4274,pending,confirmed
admin@eshop.com,Admin123!,4275,pending,confirmed
admin@eshop.com,Admin123!,4279,pending,confirmed
admin@eshop.com,Admin123!,4280,pending,confirmed
admin@eshop.com,Admin123!,4281,pending,confirmed
admin@eshop.com,Admin123!,4290,pending,confirmed
admin@eshop.com,Admin123!,4282,pending,confirmed
admin@eshop.com,Admin123!,4283,pending,confirmed
admin@eshop.com,Admin123!,4286,pending,confirmed
admin@eshop.com,Admin123!,4284,pending,confirmed
admin@eshop.com,Admin123!,4285,pending,confirmed
admin@eshop.com,Admin123!,4288,pending,confirmed
admin@eshop.com,Admin123!,4289,pending,confirmed
admin@eshop.com,Admin123!,4287,pending,confirmed
admin@eshop.com,Admin123!,4291,pending,confirmed
admin@eshop.com,Admin123!,4300,pending,confirmed
admin@eshop.com,Admin123!,4298,pending,confirmed
admin@eshop.com,Admin123!,4299,pending,confirmed
admin@eshop.com,Admin123!,4292,pending,confirmed
admin@eshop.com,Admin123!,4293,pending,confirmed
admin@eshop.com,Admin123!,4294,pending,confirmed
admin@eshop.com,Admin123!,4295,pending,confirmed
admin@eshop.com,Admin123!,4296,pending,confirmed
admin@eshop.com,Admin123!,4297,pending,confirmed
admin@eshop.com,Admin123!,4301,pending,confirmed
admin@eshop.com,Admin123!,4302,pending,confirmed
admin@eshop.com,Admin123!,4303,pending,confirmed
admin@eshop.com,Admin123!,4311,pending,confirmed
admin@eshop.com,Admin123!,4304,pending,confirmed
admin@eshop.com,Admin123!,4305,pending,confirmed
admin@eshop.com,Admin123!,4306,pending,confirmed
admin@eshop.com,Admin123!,4307,pending,confirmed
admin@eshop.com,Admin123!,4309,pending,confirmed
admin@eshop.com,Admin123!,4308,pending,confirmed
admin@eshop.com,Admin123!,4312,pending,confirmed
admin@eshop.com,Admin123!,4310,pending,confirmed
admin@eshop.com,Admin123!,4313,pending,confirmed
admin@eshop.com,Admin123!,4314,pending,confirmed
admin@eshop.com,Admin123!,4315,pending,confirmed
admin@eshop.com,Admin123!,4316,pending,confirmed
admin@eshop.com,Admin123!,4320,pending,confirmed
admin@eshop.com,Admin123!,4321,pending,confirmed
admin@eshop.com,Admin123!,4322,pending,confirmed
admin@eshop.com,Admin123!,4317,pending,confirmed
admin@eshop.com,Admin123!,4318,pending,confirmed
admin@eshop.com,Admin123!,4319,pending,confirmed
admin@eshop.com,Admin123!,4326,pending,confirmed
admin@eshop.com,Admin123!,4323,pending,confirmed
admin@eshop.com,Admin123!,4324,pending,confirmed
admin@eshop.com,Admin123!,4325,pending,confirmed
admin@eshop.com,Admin123!,4328,pending,confirmed
admin@eshop.com,Admin123!,4327,pending,confirmed
admin@eshop.com,Admin123!,4329,pending,confirmed
admin@eshop.com,Admin123!,4336,pending,confirmed
admin@eshop.com,Admin123!,4337,pending,confirmed
admin@eshop.com,Admin123!,4335,pending,confirmed
admin@eshop.com,Admin123!,4330,pending,confirmed
admin@eshop.com,Admin123!,4331,pending,confirmed
admin@eshop.com,Admin123!,4332,pending,confirmed
admin@eshop.com,Admin123!,4333,pending,confirmed
admin@eshop.com,Admin123!,4334,pending,confirmed
admin@eshop.com,Admin123!,4338,pending,confirmed
admin@eshop.com,Admin123!,4343,pending,confirmed
admin@eshop.com,Admin123!,4344,pending,confirmed
admin@eshop.com,Admin123!,4345,pending,confirmed
admin@eshop.com,Admin123!,4339,pending,confirmed
admin@eshop.com,Admin123!,4340,pending,confirmed
admin@eshop.com,Admin123!,4341,pending,confirmed
admin@eshop.com,Admin123!,4342,pending,confirmed
admin@eshop.com,Admin123!,4346,pending,confirmed
admin@eshop.com,Admin123!,4349,pending,confirmed
admin@eshop.com,Admin123!,4350,pending,confirmed
admin@eshop.com,Admin123!,4351,pending,confirmed
admin@eshop.com,Admin123!,4347,pending,confirmed
admin@eshop.com,Admin123!,4348,pending,confirmed
admin@eshop.com,Admin123!,4352,pending,confirmed
admin@eshop.com,Admin123!,4353,pending,confirmed
admin@eshop.com,Admin123!,4356,pending,confirmed
admin@eshop.com,Admin123!,4357,pending,confirmed
admin@eshop.com,Admin123!,4358,pending,confirmed
admin@eshop.com,Admin123!,4359,pending,confirmed
admin@eshop.com,Admin123!,4354,pending,confirmed
admin@eshop.com,Admin123!,4355,pending,confirmed
admin@eshop.com,Admin123!,4360,pending,confirmed
admin@eshop.com,Admin123!,4361,pending,confirmed
admin@eshop.com,Admin123!,4362,pending,confirmed
admin@eshop.com,Admin123!,4372,pending,confirmed
admin@eshop.com,Admin123!,4363,pending,confirmed
admin@eshop.com,Admin123!,4370,pending,confirmed
admin@eshop.com,Admin123!,4366,pending,confirmed
admin@eshop.com,Admin123!,4371,pending,confirmed
admin@eshop.com,Admin123!,4364,pending,confirmed
admin@eshop.com,Admin123!,4365,pending,confirmed
admin@eshop.com,Admin123!,4373,pending,confirmed
admin@eshop.com,Admin123!,4369,pending,confirmed
admin@eshop.com,Admin123!,4367,pending,confirmed
admin@eshop.com,Admin123!,4368,pending,confirmed
admin@eshop.com,Admin123!,4374,pending,confirmed
admin@eshop.com,Admin123!,4375,pending,confirmed
admin@eshop.com,Admin123!,4376,pending,confirmed
admin@eshop.com,Admin123!,4377,pending,confirmed
admin@eshop.com,Admin123!,4379,pending,confirmed
admin@eshop.com,Admin123!,4383,pending,confirmed
admin@eshop.com,Admin123!,4384,pending,confirmed
admin@eshop.com,Admin123!,4378,pending,confirmed
admin@eshop.com,Admin123!,4385,pending,confirmed
admin@eshop.com,Admin123!,4382,pending,confirmed
admin@eshop.com,Admin123!,4380,pending,confirmed
admin@eshop.com,Admin123!,4381,pending,confirmed
admin@eshop.com,Admin123!,4386,pending,confirmed
admin@eshop.com,Admin123!,4387,pending,confirmed
admin@eshop.com,Admin123!,4388,pending,confirmed
admin@eshop.com,Admin123!,4394,pending,confirmed
admin@eshop.com,Admin123!,4395,pending,confirmed
admin@eshop.com,Admin123!,4393,pending,confirmed
admin@eshop.com,Admin123!,4389,pending,confirmed
admin@eshop.com,Admin123!,4390,pending,confirmed
admin@eshop.com,Admin123!,4391,pending,confirmed
admin@eshop.com,Admin123!,4392,pending,confirmed
admin@eshop.com,Admin123!,4397,pending,confirmed
admin@eshop.com,Admin123!,4396,pending,confirmed
admin@eshop.com,Admin123!,4398,pending,confirmed
admin@eshop.com,Admin123!,4403,pending,confirmed
admin@eshop.com,Admin123!,4399,pending,confirmed
admin@eshop.com,Admin123!,4400,pending,confirmed
admin@eshop.com,Admin123!,4401,pending,confirmed
admin@eshop.com,Admin123!,4402,pending,confirmed
admin@eshop.com,Admin123!,4409,pending,confirmed
admin@eshop.com,Admin123!,4410,pending,confirmed
admin@eshop.com,Admin123!,4408,pending,confirmed
admin@eshop.com,Admin123!,4404,pending,confirmed
admin@eshop.com,Admin123!,4405,pending,confirmed
admin@eshop.com,Admin123!,4406,pending,confirmed
admin@eshop.com,Admin123!,4407,pending,confirmed
admin@eshop.com,Admin123!,4411,pending,confirmed
admin@eshop.com,Admin123!,4412,pending,confirmed
admin@eshop.com,Admin123!,4413,pending,confirmed
admin@eshop.com,Admin123!,4418,pending,confirmed
admin@eshop.com,Admin123!,4419,pending,confirmed
admin@eshop.com,Admin123!,4420,pending,confirmed
admin@eshop.com,Admin123!,4414,pending,confirmed
admin@eshop.com,Admin123!,4415,pending,confirmed
admin@eshop.com,Admin123!,4416,pending,confirmed
admin@eshop.com,Admin123!,4417,pending,confirmed
admin@eshop.com,Admin123!,4421,pending,confirmed
admin@eshop.com,Admin123!,4429,pending,confirmed
admin@eshop.com,Admin123!,4430,pending,confirmed
admin@eshop.com,Admin123!,4431,pending,confirmed
admin@eshop.com,Admin123!,4422,pending,confirmed
admin@eshop.com,Admin123!,4423,pending,confirmed
admin@eshop.com,Admin123!,4424,pending,confirmed
admin@eshop.com,Admin123!,4425,pending,confirmed
admin@eshop.com,Admin123!,4426,pending,confirmed
admin@eshop.com,Admin123!,4427,pending,confirmed
admin@eshop.com,Admin123!,4428,pending,confirmed
admin@eshop.com,Admin123!,4432,pending,confirmed
admin@eshop.com,Admin123!,4434,pending,confirmed
admin@eshop.com,Admin123!,4433,pending,confirmed
admin@eshop.com,Admin123!,4439,pending,confirmed
admin@eshop.com,Admin123!,4435,pending,confirmed
admin@eshop.com,Admin123!,4438,pending,confirmed
admin@eshop.com,Admin123!,4436,pending,confirmed
admin@eshop.com,Admin123!,4437,pending,confirmed
admin@eshop.com,Admin123!,4442,pending,confirmed
admin@eshop.com,Admin123!,4440,pending,confirmed
admin@eshop.com,Admin123!,4441,pending,confirmed
admin@eshop.com,Admin123!,4443,pending,confirmed
admin@eshop.com,Admin123!,4444,pending,confirmed
admin@eshop.com,Admin123!,4456,pending,confirmed
admin@eshop.com,Admin123!,4445,pending,confirmed
admin@eshop.com,Admin123!,4452,pending,confirmed
admin@eshop.com,Admin123!,4450,pending,confirmed
admin@eshop.com,Admin123!,4451,pending,confirmed
admin@eshop.com,Admin123!,4446,pending,confirmed
admin@eshop.com,Admin123!,4447,pending,confirmed
admin@eshop.com,Admin123!,4448,pending,confirmed
admin@eshop.com,Admin123!,4449,pending,confirmed
admin@eshop.com,Admin123!,4457,pending,confirmed
admin@eshop.com,Admin123!,4453,pending,confirmed
admin@eshop.com,Admin123!,4454,pending,confirmed
admin@eshop.com,Admin123!,4455,pending,confirmed
admin@eshop.com,Admin123!,4458,pending,confirmed
admin@eshop.com,Admin123!,4459,pending,confirmed
admin@eshop.com,Admin123!,4460,pending,confirmed
admin@eshop.com,Admin123!,4463,pending,confirmed
admin@eshop.com,Admin123!,4464,pending,confirmed
admin@eshop.com,Admin123!,4465,pending,confirmed
admin@eshop.com,Admin123!,4461,pending,confirmed
admin@eshop.com,Admin123!,4462,pending,confirmed
admin@eshop.com,Admin123!,4466,pending,confirmed
admin@eshop.com,Admin123!,4467,pending,confirmed
admin@eshop.com,Admin123!,4468,pending,confirmed
admin@eshop.com,Admin123!,4473,pending,confirmed
admin@eshop.com,Admin123!,4469,pending,confirmed
admin@eshop.com,Admin123!,4471,pending,confirmed
admin@eshop.com,Admin123!,4472,pending,confirmed
admin@eshop.com,Admin123!,4474,pending,confirmed
admin@eshop.com,Admin123!,4470,pending,confirmed
admin@eshop.com,Admin123!,4480,pending,confirmed
admin@eshop.com,Admin123!,4481,pending,confirmed
admin@eshop.com,Admin123!,4482,pending,confirmed
admin@eshop.com,Admin123!,4475,pending,confirmed
admin@eshop.com,Admin123!,4476,pending,confirmed
admin@eshop.com,Admin123!,4477,pending,confirmed
admin@eshop.com,Admin123!,4478,pending,confirmed
admin@eshop.com,Admin123!,4479,pending,confirmed
admin@eshop.com,Admin123!,4483,pending,confirmed
admin@eshop.com,Admin123!,4484,pending,confirmed
admin@eshop.com,Admin123!,4485,pending,confirmed
admin@eshop.com,Admin123!,4489,pending,confirmed
admin@eshop.com,Admin123!,4490,pending,confirmed
admin@eshop.com,Admin123!,4488,pending,confirmed
admin@eshop.com,Admin123!,4486,pending,confirmed
admin@eshop.com,Admin123!,4487,pending,confirmed
admin@eshop.com,Admin123!,4491,pending,confirmed
admin@eshop.com,Admin123!,4495,pending,confirmed
admin@eshop.com,Admin123!,4496,pending,confirmed
admin@eshop.com,Admin123!,4497,pending,confirmed
admin@eshop.com,Admin123!,4492,pending,confirmed
admin@eshop.com,Admin123!,4493,pending,confirmed
admin@eshop.com,Admin123!,4494,pending,confirmed
admin@eshop.com,Admin123!,4498,pending,confirmed
admin@eshop.com,Admin123!,4505,pending,confirmed
admin@eshop.com,Admin123!,4506,pending,confirmed
admin@eshop.com,Admin123!,4507,pending,confirmed
admin@eshop.com,Admin123!,4499,pending,confirmed
admin@eshop.com,Admin123!,4500,pending,confirmed
admin@eshop.com,Admin123!,4501,pending,confirmed
admin@eshop.com,Admin123!,4502,pending,confirmed
admin@eshop.com,Admin123!,4503,pending,confirmed
admin@eshop.com,Admin123!,4504,pending,confirmed
admin@eshop.com,Admin123!,4508,pending,confirmed
admin@eshop.com,Admin123!,4509,pending,confirmed
admin@eshop.com,Admin123!,4512,pending,confirmed
admin@eshop.com,Admin123!,4514,pending,confirmed
admin@eshop.com,Admin123!,4515,pending,confirmed
admin@eshop.com,Admin123!,4510,pending,confirmed
admin@eshop.com,Admin123!,4511,pending,confirmed
admin@eshop.com,Admin123!,4513,pending,confirmed
admin@eshop.com,Admin123!,4516,pending,confirmed
admin@eshop.com,Admin123!,4517,pending,confirmed
admin@eshop.com,Admin123!,4529,pending,confirmed
admin@eshop.com,Admin123!,4518,pending,confirmed
admin@eshop.com,Admin123!,4519,pending,confirmed
admin@eshop.com,Admin123!,4520,pending,confirmed
admin@eshop.com,Admin123!,4521,pending,confirmed
admin@eshop.com,Admin123!,4530,pending,confirmed
admin@eshop.com,Admin123!,4531,pending,confirmed
admin@eshop.com,Admin123!,4532,pending,confirmed
admin@eshop.com,Admin123!,4522,pending,confirmed
admin@eshop.com,Admin123!,4523,pending,confirmed
admin@eshop.com,Admin123!,4524,pending,confirmed
admin@eshop.com,Admin123!,4525,pending,confirmed
admin@eshop.com,Admin123!,4526,pending,confirmed
admin@eshop.com,Admin123!,4527,pending,confirmed
admin@eshop.com,Admin123!,4528,pending,confirmed
admin@eshop.com,Admin123!,4533,pending,confirmed
admin@eshop.com,Admin123!,4534,pending,confirmed
admin@eshop.com,Admin123!,4535,pending,confirmed
admin@eshop.com,Admin123!,4544,pending,confirmed
admin@eshop.com,Admin123!,4552,pending,confirmed
admin@eshop.com,Admin123!,4553,pending,confirmed
admin@eshop.com,Admin123!,4536,pending,confirmed
admin@eshop.com,Admin123!,4537,pending,confirmed
admin@eshop.com,Admin123!,4538,pending,confirmed
admin@eshop.com,Admin123!,4539,pending,confirmed
admin@eshop.com,Admin123!,4540,pending,confirmed
admin@eshop.com,Admin123!,4541,pending,confirmed
admin@eshop.com,Admin123!,4542,pending,confirmed
admin@eshop.com,Admin123!,4543,pending,confirmed
admin@eshop.com,Admin123!,4551,pending,confirmed
admin@eshop.com,Admin123!,4554,pending,confirmed
admin@eshop.com,Admin123!,4545,pending,confirmed
admin@eshop.com,Admin123!,4546,pending,confirmed
admin@eshop.com,Admin123!,4547,pending,confirmed
admin@eshop.com,Admin123!,4548,pending,confirmed
admin@eshop.com,Admin123!,4549,pending,confirmed
admin@eshop.com,Admin123!,4550,pending,confirmed
admin@eshop.com,Admin123!,4555,pending,confirmed
admin@eshop.com,Admin123!,4556,pending,confirmed
admin@eshop.com,Admin123!,4557,pending,confirmed
admin@eshop.com,Admin123!,4558,pending,confirmed
admin@eshop.com,Admin123!,4559,pending,confirmed
admin@eshop.com,Admin123!,4560,pending,confirmed
admin@eshop.com,Admin123!,4568,pending,confirmed
admin@eshop.com,Admin123!,4566,pending,confirmed
admin@eshop.com,Admin123!,4567,pending,confirmed
admin@eshop.com,Admin123!,4561,pending,confirmed
admin@eshop.com,Admin123!,4562,pending,confirmed
admin@eshop.com,Admin123!,4563,pending,confirmed
admin@eshop.com,Admin123!,4564,pending,confirmed
admin@eshop.com,Admin123!,4565,pending,confirmed
admin@eshop.com,Admin123!,4569,pending,confirmed
admin@eshop.com,Admin123!,4581,pending,confirmed
admin@eshop.com,Admin123!,4582,pending,confirmed
admin@eshop.com,Admin123!,4576,pending,confirmed
admin@eshop.com,Admin123!,4570,pending,confirmed
admin@eshop.com,Admin123!,4571,pending,confirmed
admin@eshop.com,Admin123!,4572,pending,confirmed
admin@eshop.com,Admin123!,4573,pending,confirmed
admin@eshop.com,Admin123!,4574,pending,confirmed
admin@eshop.com,Admin123!,4575,pending,confirmed
admin@eshop.com,Admin123!,4580,pending,confirmed
admin@eshop.com,Admin123!,4577,pending,confirmed
admin@eshop.com,Admin123!,4578,pending,confirmed
admin@eshop.com,Admin123!,4579,pending,confirmed
admin@eshop.com,Admin123!,4583,pending,confirmed
admin@eshop.com,Admin123!,4585,pending,confirmed
admin@eshop.com,Admin123!,4586,pending,confirmed
admin@eshop.com,Admin123!,4587,pending,confirmed
admin@eshop.com,Admin123!,4584,pending,confirmed
admin@eshop.com,Admin123!,4591,pending,confirmed
admin@eshop.com,Admin123!,4592,pending,confirmed
admin@eshop.com,Admin123!,4593,pending,confirmed
admin@eshop.com,Admin123!,4588,pending,confirmed
admin@eshop.com,Admin123!,4589,pending,confirmed
admin@eshop.com,Admin123!,4590,pending,confirmed
admin@eshop.com,Admin123!,4594,pending,confirmed
admin@eshop.com,Admin123!,4605,pending,confirmed
admin@eshop.com,Admin123!,4606,pending,confirmed
admin@eshop.com,Admin123!,4607,pending,confirmed
admin@eshop.com,Admin123!,4595,pending,confirmed
admin@eshop.com,Admin123!,4596,pending,confirmed
admin@eshop.com,Admin123!,4597,pending,confirmed
admin@eshop.com,Admin123!,4598,pending,confirmed
admin@eshop.com,Admin123!,4599,pending,confirmed
admin@eshop.com,Admin123!,4600,pending,confirmed
admin@eshop.com,Admin123!,4601,pending,confirmed
admin@eshop.com,Admin123!,4602,pending,confirmed
admin@eshop.com,Admin123!,4603,pending,confirmed
admin@eshop.com,Admin123!,4604,pending,confirmed
admin@eshop.com,Admin123!,4608,pending,confirmed
admin@eshop.com,Admin123!,4609,pending,confirmed
admin@eshop.com,Admin123!,4613,pending,confirmed
admin@eshop.com,Admin123!,4611,pending,confirmed
admin@eshop.com,Admin123!,4612,pending,confirmed
admin@eshop.com,Admin123!,4610,pending,confirmed
admin@eshop.com,Admin123!,4614,pending,confirmed
admin@eshop.com,Admin123!,4618,pending,confirmed
admin@eshop.com,Admin123!,4617,pending,confirmed
admin@eshop.com,Admin123!,4616,pending,confirmed
admin@eshop.com,Admin123!,4615,pending,confirmed
admin@eshop.com,Admin123!,4619,pending,confirmed
admin@eshop.com,Admin123!,4620,pending,confirmed
admin@eshop.com,Admin123!,4629,pending,confirmed
admin@eshop.com,Admin123!,4621,pending,confirmed
admin@eshop.com,Admin123!,4622,pending,confirmed
admin@eshop.com,Admin123!,4628,pending,confirmed
admin@eshop.com,Admin123!,4623,pending,confirmed
admin@eshop.com,Admin123!,4624,pending,confirmed
admin@eshop.com,Admin123!,4632,pending,confirmed
admin@eshop.com,Admin123!,4634,pending,confirmed
admin@eshop.com,Admin123!,4630,pending,confirmed
admin@eshop.com,Admin123!,4633,pending,confirmed
admin@eshop.com,Admin123!,4625,pending,confirmed
admin@eshop.com,Admin123!,4626,pending,confirmed
admin@eshop.com,Admin123!,4627,pending,confirmed
admin@eshop.com,Admin123!,4631,pending,confirmed
admin@eshop.com,Admin123!,4635,pending,confirmed
admin@eshop.com,Admin123!,4636,pending,confirmed
admin@eshop.com,Admin123!,4640,pending,confirmed
admin@eshop.com,Admin123!,4637,pending,confirmed
admin@eshop.com,Admin123!,4638,pending,confirmed
admin@eshop.com,Admin123!,4639,pending,confirmed
admin@eshop.com,Admin123!,4641,pending,confirmed
admin@eshop.com,Admin123!,4643,pending,confirmed
admin@eshop.com,Admin123!,4642,pending,confirmed
admin@eshop.com,Admin123!,4646,pending,confirmed
admin@eshop.com,Admin123!,4647,pending,confirmed
admin@eshop.com,Admin123!,4644,pending,confirmed
admin@eshop.com,Admin123!,4645,pending,confirmed
admin@eshop.com,Admin123!,4658,pending,confirmed
admin@eshop.com,Admin123!,4659,pending,confirmed
admin@eshop.com,Admin123!,4657,pending,confirmed
admin@eshop.com,Admin123!,4648,pending,confirmed
admin@eshop.com,Admin123!,4649,pending,confirmed
admin@eshop.com,Admin123!,4650,pending,confirmed
admin@eshop.com,Admin123!,4651,pending,confirmed
admin@eshop.com,Admin123!,4652,pending,confirmed
admin@eshop.com,Admin123!,4653,pending,confirmed
admin@eshop.com,Admin123!,4654,pending,confirmed
admin@eshop.com,Admin123!,4655,pending,confirmed
admin@eshop.com,Admin123!,4656,pending,confirmed
admin@eshop.com,Admin123!,4660,pending,confirmed
admin@eshop.com,Admin123!,4664,pending,confirmed
admin@eshop.com,Admin123!,4663,pending,confirmed
admin@eshop.com,Admin123!,4662,pending,confirmed
admin@eshop.com,Admin123!,4661,pending,confirmed
admin@eshop.com,Admin123!,4665,pending,confirmed
admin@eshop.com,Admin123!,4666,pending,confirmed
admin@eshop.com,Admin123!,4668,pending,confirmed
admin@eshop.com,Admin123!,4667,pending,confirmed
admin@eshop.com,Admin123!,4669,pending,confirmed
admin@eshop.com,Admin123!,4670,pending,confirmed
admin@eshop.com,Admin123!,4671,pending,confirmed
admin@eshop.com,Admin123!,4682,pending,confirmed
admin@eshop.com,Admin123!,4683,pending,confirmed
admin@eshop.com,Admin123!,4681,pending,confirmed
admin@eshop.com,Admin123!,4672,pending,confirmed
admin@eshop.com,Admin123!,4673,pending,confirmed
admin@eshop.com,Admin123!,4674,pending,confirmed
admin@eshop.com,Admin123!,4675,pending,confirmed
admin@eshop.com,Admin123!,4676,pending,confirmed
admin@eshop.com,Admin123!,4677,pending,confirmed
admin@eshop.com,Admin123!,4678,pending,confirmed
admin@eshop.com,Admin123!,4679,pending,confirmed
admin@eshop.com,Admin123!,4680,pending,confirmed
admin@eshop.com,Admin123!,4684,pending,confirmed
admin@eshop.com,Admin123!,4692,pending,confirmed
admin@eshop.com,Admin123!,4690,pending,confirmed
admin@eshop.com,Admin123!,4691,pending,confirmed
admin@eshop.com,Admin123!,4685,pending,confirmed
admin@eshop.com,Admin123!,4686,pending,confirmed
admin@eshop.com,Admin123!,4687,pending,confirmed
admin@eshop.com,Admin123!,4688,pending,confirmed
admin@eshop.com,Admin123!,4689,pending,confirmed
admin@eshop.com,Admin123!,4693,pending,confirmed
admin@eshop.com,Admin123!,4694,pending,confirmed
admin@eshop.com,Admin123!,4703,pending,confirmed
admin@eshop.com,Admin123!,4699,pending,confirmed
admin@eshop.com,Admin123!,4705,pending,confirmed
admin@eshop.com,Admin123!,4695,pending,confirmed
admin@eshop.com,Admin123!,4696,pending,confirmed
admin@eshop.com,Admin123!,4697,pending,confirmed
admin@eshop.com,Admin123!,4698,pending,confirmed
admin@eshop.com,Admin123!,4704,pending,confirmed
admin@eshop.com,Admin123!,4700,pending,confirmed
admin@eshop.com,Admin123!,4701,pending,confirmed
admin@eshop.com,Admin123!,4702,pending,confirmed
admin@eshop.com,Admin123!,4706,pending,confirmed
admin@eshop.com,Admin123!,4718,pending,confirmed
admin@eshop.com,Admin123!,4716,pending,confirmed
admin@eshop.com,Admin123!,4717,pending,confirmed
admin@eshop.com,Admin123!,4707,pending,confirmed
admin@eshop.com,Admin123!,4708,pending,confirmed
admin@eshop.com,Admin123!,4709,pending,confirmed
admin@eshop.com,Admin123!,4710,pending,confirmed
admin@eshop.com,Admin123!,4711,pending,confirmed
admin@eshop.com,Admin123!,4712,pending,confirmed
admin@eshop.com,Admin123!,4713,pending,confirmed
admin@eshop.com,Admin123!,4714,pending,confirmed
admin@eshop.com,Admin123!,4715,pending,confirmed
admin@eshop.com,Admin123!,4719,pending,confirmed
admin@eshop.com,Admin123!,4721,pending,confirmed
admin@eshop.com,Admin123!,4723,pending,confirmed
admin@eshop.com,Admin123!,4727,pending,confirmed
admin@eshop.com,Admin123!,4720,pending,confirmed
admin@eshop.com,Admin123!,4725,pending,confirmed
admin@eshop.com,Admin123!,4726,pending,confirmed
admin@eshop.com,Admin123!,4722,pending,confirmed
admin@eshop.com,Admin123!,4724,pending,confirmed
admin@eshop.com,Admin123!,4728,pending,confirmed
admin@eshop.com,Admin123!,4741,pending,confirmed
admin@eshop.com,Admin123!,4742,pending,confirmed
admin@eshop.com,Admin123!,4743,pending,confirmed
admin@eshop.com,Admin123!,4729,pending,confirmed
admin@eshop.com,Admin123!,4730,pending,confirmed
admin@eshop.com,Admin123!,4731,pending,confirmed
admin@eshop.com,Admin123!,4732,pending,confirmed
admin@eshop.com,Admin123!,4733,pending,confirmed
admin@eshop.com,Admin123!,4734,pending,confirmed
admin@eshop.com,Admin123!,4735,pending,confirmed
admin@eshop.com,Admin123!,4736,pending,confirmed
admin@eshop.com,Admin123!,4737,pending,confirmed
admin@eshop.com,Admin123!,4738,pending,confirmed
admin@eshop.com,Admin123!,4739,pending,confirmed
admin@eshop.com,Admin123!,4740,pending,confirmed
admin@eshop.com,Admin123!,4744,pending,confirmed
admin@eshop.com,Admin123!,4745,pending,confirmed
admin@eshop.com,Admin123!,4747,pending,confirmed
admin@eshop.com,Admin123!,4750,pending,confirmed
admin@eshop.com,Admin123!,4751,pending,confirmed
admin@eshop.com,Admin123!,4746,pending,confirmed
admin@eshop.com,Admin123!,4752,pending,confirmed
admin@eshop.com,Admin123!,4748,pending,confirmed
admin@eshop.com,Admin123!,4749,pending,confirmed
admin@eshop.com,Admin123!,4753,pending,confirmed
admin@eshop.com,Admin123!,4768,pending,confirmed
admin@eshop.com,Admin123!,4769,pending,confirmed
admin@eshop.com,Admin123!,4767,pending,confirmed
admin@eshop.com,Admin123!,4754,pending,confirmed
admin@eshop.com,Admin123!,4755,pending,confirmed
admin@eshop.com,Admin123!,4756,pending,confirmed
admin@eshop.com,Admin123!,4757,pending,confirmed
admin@eshop.com,Admin123!,4758,pending,confirmed
admin@eshop.com,Admin123!,4759,pending,confirmed
admin@eshop.com,Admin123!,4760,pending,confirmed
admin@eshop.com,Admin123!,4761,pending,confirmed
admin@eshop.com,Admin123!,4762,pending,confirmed
admin@eshop.com,Admin123!,4763,pending,confirmed
admin@eshop.com,Admin123!,4764,pending,confirmed
admin@eshop.com,Admin123!,4765,pending,confirmed
admin@eshop.com,Admin123!,4766,pending,confirmed
admin@eshop.com,Admin123!,4770,pending,confirmed
admin@eshop.com,Admin123!,4775,pending,confirmed
admin@eshop.com,Admin123!,4776,pending,confirmed
admin@eshop.com,Admin123!,4777,pending,confirmed
admin@eshop.com,Admin123!,4771,pending,confirmed
admin@eshop.com,Admin123!,4772,pending,confirmed
admin@eshop.com,Admin123!,4773,pending,confirmed
admin@eshop.com,Admin123!,4774,pending,confirmed
admin@eshop.com,Admin123!,4778,pending,confirmed
admin@eshop.com,Admin123!,4794,pending,confirmed
admin@eshop.com,Admin123!,4779,pending,confirmed
admin@eshop.com,Admin123!,4780,pending,confirmed
admin@eshop.com,Admin123!,4781,pending,confirmed
admin@eshop.com,Admin123!,4782,pending,confirmed
admin@eshop.com,Admin123!,4787,pending,confirmed
admin@eshop.com,Admin123!,4783,pending,confirmed
admin@eshop.com,Admin123!,4784,pending,confirmed
admin@eshop.com,Admin123!,4785,pending,confirmed
admin@eshop.com,Admin123!,4789,pending,confirmed
admin@eshop.com,Admin123!,4786,pending,confirmed
admin@eshop.com,Admin123!,4793,pending,confirmed
admin@eshop.com,Admin123!,4790,pending,confirmed
admin@eshop.com,Admin123!,4795,pending,confirmed
admin@eshop.com,Admin123!,4791,pending,confirmed
admin@eshop.com,Admin123!,4788,pending,confirmed
admin@eshop.com,Admin123!,4792,pending,confirmed
admin@eshop.com,Admin123!,4796,pending,confirmed
admin@eshop.com,Admin123!,4797,pending,confirmed
admin@eshop.com,Admin123!,4798,pending,confirmed
admin@eshop.com,Admin123!,4799,pending,confirmed
admin@eshop.com,Admin123!,4800,pending,confirmed
admin@eshop.com,Admin123!,4802,pending,confirmed
admin@eshop.com,Admin123!,4801,pending,confirmed
admin@eshop.com,Admin123!,4806,pending,confirmed
admin@eshop.com,Admin123!,4803,pending,confirmed
admin@eshop.com,Admin123!,4807,pending,confirmed
admin@eshop.com,Admin123!,4813,pending,confirmed
admin@eshop.com,Admin123!,4811,pending,confirmed
admin@eshop.com,Admin123!,4804,pending,confirmed
admin@eshop.com,Admin123!,4805,pending,confirmed
admin@eshop.com,Admin123!,4815,pending,confirmed
admin@eshop.com,Admin123!,4817,pending,confirmed
admin@eshop.com,Admin123!,4812,pending,confirmed
admin@eshop.com,Admin123!,4808,pending,confirmed
admin@eshop.com,Admin123!,4809,pending,confirmed
admin@eshop.com,Admin123!,4810,pending,confirmed
admin@eshop.com,Admin123!,4816,pending,confirmed
admin@eshop.com,Admin123!,4814,pending,confirmed
admin@eshop.com,Admin123!,4818,pending,confirmed
admin@eshop.com,Admin123!,4819,pending,confirmed
admin@eshop.com,Admin123!,4820,pending,confirmed
admin@eshop.com,Admin123!,4821,pending,confirmed
admin@eshop.com,Admin123!,4826,pending,confirmed
admin@eshop.com,Admin123!,4824,pending,confirmed
admin@eshop.com,Admin123!,4825,pending,confirmed
admin@eshop.com,Admin123!,4822,pending,confirmed
admin@eshop.com,Admin123!,4823,pending,confirmed
admin@eshop.com,Admin123!,4827,pending,confirmed
admin@eshop.com,Admin123!,4835,pending,confirmed
admin@eshop.com,Admin123!,4836,pending,confirmed
admin@eshop.com,Admin123!,4834,pending,confirmed
admin@eshop.com,Admin123!,4828,pending,confirmed
admin@eshop.com,Admin123!,4829,pending,confirmed
admin@eshop.com,Admin123!,4830,pending,confirmed
admin@eshop.com,Admin123!,4831,pending,confirmed
admin@eshop.com,Admin123!,4832,pending,confirmed
admin@eshop.com,Admin123!,4833,pending,confirmed
admin@eshop.com,Admin123!,4837,pending,confirmed
admin@eshop.com,Admin123!,4842,pending,confirmed
admin@eshop.com,Admin123!,4840,pending,confirmed
admin@eshop.com,Admin123!,4841,pending,confirmed
admin@eshop.com,Admin123!,4838,pending,confirmed
admin@eshop.com,Admin123!,4839,pending,confirmed
admin@eshop.com,Admin123!,4843,pending,confirmed
admin@eshop.com,Admin123!,4847,pending,confirmed
admin@eshop.com,Admin123!,4848,pending,confirmed
admin@eshop.com,Admin123!,4846,pending,confirmed
admin@eshop.com,Admin123!,4844,pending,confirmed
admin@eshop.com,Admin123!,4845,pending,confirmed
admin@eshop.com,Admin123!,4849,pending,confirmed
admin@eshop.com,Admin123!,4850,pending,confirmed
admin@eshop.com,Admin123!,4851,pending,confirmed
admin@eshop.com,Admin123!,4864,pending,confirmed
admin@eshop.com,Admin123!,4852,pending,confirmed
admin@eshop.com,Admin123!,4856,pending,confirmed
admin@eshop.com,Admin123!,4860,pending,confirmed
admin@eshop.com,Admin123!,4863,pending,confirmed
admin@eshop.com,Admin123!,4853,pending,confirmed
admin@eshop.com,Admin123!,4854,pending,confirmed
admin@eshop.com,Admin123!,4855,pending,confirmed
admin@eshop.com,Admin123!,4859,pending,confirmed
admin@eshop.com,Admin123!,4862,pending,confirmed
admin@eshop.com,Admin123!,4857,pending,confirmed
admin@eshop.com,Admin123!,4858,pending,confirmed
admin@eshop.com,Admin123!,4861,pending,confirmed
admin@eshop.com,Admin123!,4866,pending,confirmed
admin@eshop.com,Admin123!,4865,pending,confirmed
admin@eshop.com,Admin123!,4867,pending,confirmed
admin@eshop.com,Admin123!,4872,pending,confirmed
admin@eshop.com,Admin123!,4873,pending,confirmed
admin@eshop.com,Admin123!,4874,pending,confirmed
admin@eshop.com,Admin123!,4868,pending,confirmed
admin@eshop.com,Admin123!,4869,pending,confirmed
admin@eshop.com,Admin123!,4870,pending,confirmed
admin@eshop.com,Admin123!,4871,pending,confirmed
admin@eshop.com,Admin123!,4875,pending,confirmed
admin@eshop.com,Admin123!,4876,pending,confirmed
admin@eshop.com,Admin123!,4878,pending,confirmed
admin@eshop.com,Admin123!,4879,pending,confirmed
admin@eshop.com,Admin123!,4877,pending,confirmed
admin@eshop.com,Admin123!,4880,pending,confirmed
admin@eshop.com,Admin123!,4884,pending,confirmed
admin@eshop.com,Admin123!,4882,pending,confirmed
admin@eshop.com,Admin123!,4883,pending,confirmed
admin@eshop.com,Admin123!,4885,pending,confirmed
admin@eshop.com,Admin123!,4889,pending,confirmed
admin@eshop.com,Admin123!,4881,pending,confirmed
admin@eshop.com,Admin123!,4890,pending,confirmed
admin@eshop.com,Admin123!,4886,pending,confirmed
admin@eshop.com,Admin123!,4887,pending,confirmed
admin@eshop.com,Admin123!,4888,pending,confirmed
admin@eshop.com,Admin123!,4900,pending,confirmed
admin@eshop.com,Admin123!,4891,pending,confirmed
admin@eshop.com,Admin123!,4899,pending,confirmed
admin@eshop.com,Admin123!,4897,pending,confirmed
admin@eshop.com,Admin123!,4898,pending,confirmed
admin@eshop.com,Admin123!,4892,pending,confirmed
admin@eshop.com,Admin123!,4893,pending,confirmed
admin@eshop.com,Admin123!,4894,pending,confirmed
admin@eshop.com,Admin123!,4895,pending,confirmed
admin@eshop.com,Admin123!,4896,pending,confirmed
admin@eshop.com,Admin123!,4901,pending,confirmed
admin@eshop.com,Admin123!,4903,pending,confirmed
admin@eshop.com,Admin123!,4904,pending,confirmed
admin@eshop.com,Admin123!,4905,pending,confirmed
admin@eshop.com,Admin123!,4902,pending,confirmed
admin@eshop.com,Admin123!,4909,pending,confirmed
admin@eshop.com,Admin123!,4907,pending,confirmed
admin@eshop.com,Admin123!,4908,pending,confirmed
admin@eshop.com,Admin123!,4906,pending,confirmed
admin@eshop.com,Admin123!,4922,pending,confirmed
admin@eshop.com,Admin123!,4910,pending,confirmed
admin@eshop.com,Admin123!,4923,pending,confirmed
admin@eshop.com,Admin123!,4924,pending,confirmed
admin@eshop.com,Admin123!,4911,pending,confirmed
admin@eshop.com,Admin123!,4912,pending,confirmed
admin@eshop.com,Admin123!,4913,pending,confirmed
admin@eshop.com,Admin123!,4914,pending,confirmed
admin@eshop.com,Admin123!,4915,pending,confirmed
admin@eshop.com,Admin123!,4916,pending,confirmed
admin@eshop.com,Admin123!,4917,pending,confirmed
admin@eshop.com,Admin123!,4918,pending,confirmed
admin@eshop.com,Admin123!,4919,pending,confirmed
admin@eshop.com,Admin123!,4920,pending,confirmed
admin@eshop.com,Admin123!,4921,pending,confirmed
admin@eshop.com,Admin123!,4925,pending,confirmed
admin@eshop.com,Admin123!,4926,pending,confirmed
admin@eshop.com,Admin123!,4930,pending,confirmed
admin@eshop.com,Admin123!,4928,pending,confirmed
admin@eshop.com,Admin123!,4927,pending,confirmed
admin@eshop.com,Admin123!,4931,pending,confirmed
admin@eshop.com,Admin123!,4929,pending,confirmed
admin@eshop.com,Admin123!,4934,pending,confirmed
admin@eshop.com,Admin123!,4932,pending,confirmed
admin@eshop.com,Admin123!,4933,pending,confirmed
admin@eshop.com,Admin123!,4935,pending,confirmed
admin@eshop.com,Admin123!,4936,pending,confirmed
admin@eshop.com,Admin123!,4937,pending,confirmed
admin@eshop.com,Admin123!,4938,pending,confirmed
admin@eshop.com,Admin123!,4949,pending,confirmed
admin@eshop.com,Admin123!,4939,pending,confirmed
admin@eshop.com,Admin123!,4942,pending,confirmed
admin@eshop.com,Admin123!,4946,pending,confirmed
admin@eshop.com,Admin123!,4941,pending,confirmed
admin@eshop.com,Admin123!,4940,pending,confirmed
admin@eshop.com,Admin123!,4947,pending,confirmed
admin@eshop.com,Admin123!,4950,pending,confirmed
admin@eshop.com,Admin123!,4948,pending,confirmed
admin@eshop.com,Admin123!,4943,pending,confirmed
admin@eshop.com,Admin123!,4944,pending,confirmed
admin@eshop.com,Admin123!,4945,pending,confirmed
admin@eshop.com,Admin123!,4951,pending,confirmed
admin@eshop.com,Admin123!,4952,pending,confirmed
admin@eshop.com,Admin123!,4956,pending,confirmed
admin@eshop.com,Admin123!,4957,pending,confirmed
admin@eshop.com,Admin123!,4955,pending,confirmed
admin@eshop.com,Admin123!,4953,pending,confirmed
admin@eshop.com,Admin123!,4954,pending,confirmed
admin@eshop.com,Admin123!,4958,pending,confirmed
admin@eshop.com,Admin123!,4966,pending,confirmed
admin@eshop.com,Admin123!,4964,pending,confirmed
admin@eshop.com,Admin123!,4965,pending,confirmed
admin@eshop.com,Admin123!,4959,pending,confirmed
admin@eshop.com,Admin123!,4960,pending,confirmed
admin@eshop.com,Admin123!,4961,pending,confirmed
admin@eshop.com,Admin123!,4962,pending,confirmed
admin@eshop.com,Admin123!,4963,pending,confirmed
admin@eshop.com,Admin123!,4967,pending,confirmed
admin@eshop.com,Admin123!,4973,pending,confirmed
admin@eshop.com,Admin123!,4974,pending,confirmed
admin@eshop.com,Admin123!,4975,pending,confirmed
admin@eshop.com,Admin123!,4968,pending,confirmed
admin@eshop.com,Admin123!,4969,pending,confirmed
admin@eshop.com,Admin123!,4970,pending,confirmed
admin@eshop.com,Admin123!,4971,pending,confirmed
admin@eshop.com,Admin123!,4972,pending,confirmed
admin@eshop.com,Admin123!,4977,pending,confirmed
admin@eshop.com,Admin123!,4976,pending,confirmed
admin@eshop.com,Admin123!,4978,pending,confirmed
admin@eshop.com,Admin123!,4979,pending,confirmed
admin@eshop.com,Admin123!,4980,pending,confirmed
admin@eshop.com,Admin123!,4982,pending,confirmed
admin@eshop.com,Admin123!,4981,pending,confirmed
admin@eshop.com,Admin123!,4991,pending,confirmed
admin@eshop.com,Admin123!,4983,pending,confirmed
admin@eshop.com,Admin123!,4986,pending,confirmed
admin@eshop.com,Admin123!,4984,pending,confirmed
admin@eshop.com,Admin123!,4985,pending,confirmed
admin@eshop.com,Admin123!,4995,pending,confirmed
admin@eshop.com,Admin123!,4987,pending,confirmed
admin@eshop.com,Admin123!,4994,pending,confirmed
admin@eshop.com,Admin123!,4992,pending,confirmed
admin@eshop.com,Admin123!,4993,pending,confirmed
admin@eshop.com,Admin123!,4988,pending,confirmed
admin@eshop.com,Admin123!,4989,pending,confirmed
admin@eshop.com,Admin123!,4990,pending,confirmed
admin@eshop.com,Admin123!,4996,pending,confirmed
admin@eshop.com,Admin123!,4997,pending,confirmed
admin@eshop.com,Admin123!,4998,pending,confirmed
admin@eshop.com,Admin123!,4999,pending,confirmed
admin@eshop.com,Admin123!,5000,pending,confirmed
admin@eshop.com,Admin123!,5001,pending,confirmed
admin@eshop.com,Admin123!,5004,pending,confirmed
admin@eshop.com,Admin123!,5006,pending,confirmed
admin@eshop.com,Admin123!,5005,pending,confirmed
admin@eshop.com,Admin123!,5002,pending,confirmed
admin@eshop.com,Admin123!,5003,pending,confirmed
admin@eshop.com,Admin123!,5008,pending,confirmed
admin@eshop.com,Admin123!,5007,pending,confirmed
admin@eshop.com,Admin123!,5009,pending,confirmed
admin@eshop.com,Admin123!,5010,pending,confirmed
admin@eshop.com,Admin123!,5016,pending,confirmed
admin@eshop.com,Admin123!,5015,pending,confirmed
admin@eshop.com,Admin123!,5011,pending,confirmed
admin@eshop.com,Admin123!,5013,pending,confirmed
admin@eshop.com,Admin123!,5014,pending,confirmed
admin@eshop.com,Admin123!,5012,pending,confirmed
admin@eshop.com,Admin123!,5017,pending,confirmed
admin@eshop.com,Admin123!,5021,pending,confirmed
admin@eshop.com,Admin123!,5022,pending,confirmed
admin@eshop.com,Admin123!,5023,pending,confirmed
admin@eshop.com,Admin123!,5018,pending,confirmed
admin@eshop.com,Admin123!,5019,pending,confirmed
admin@eshop.com,Admin123!,5020,pending,confirmed
admin@eshop.com,Admin123!,5024,pending,confirmed
admin@eshop.com,Admin123!,5025,pending,confirmed
admin@eshop.com,Admin123!,5028,pending,confirmed
admin@eshop.com,Admin123!,5026,pending,confirmed
admin@eshop.com,Admin123!,5027,pending,confirmed
admin@eshop.com,Admin123!,5029,pending,confirmed
admin@eshop.com,Admin123!,5030,pending,confirmed
admin@eshop.com,Admin123!,5034,pending,confirmed
admin@eshop.com,Admin123!,5035,pending,confirmed
admin@eshop.com,Admin123!,5031,pending,confirmed
admin@eshop.com,Admin123!,5036,pending,confirmed
admin@eshop.com,Admin123!,5033,pending,confirmed
admin@eshop.com,Admin123!,5038,pending,confirmed
admin@eshop.com,Admin123!,5032,pending,confirmed
admin@eshop.com,Admin123!,5037,pending,confirmed
admin@eshop.com,Admin123!,5040,pending,confirmed
admin@eshop.com,Admin123!,5041,pending,confirmed
admin@eshop.com,Admin123!,5045,pending,confirmed
admin@eshop.com,Admin123!,5039,pending,confirmed
admin@eshop.com,Admin123!,5046,pending,confirmed
admin@eshop.com,Admin123!,5044,pending,confirmed
admin@eshop.com,Admin123!,5042,pending,confirmed
admin@eshop.com,Admin123!,5043,pending,confirmed
admin@eshop.com,Admin123!,5047,pending,confirmed
admin@eshop.com,Admin123!,5052,pending,confirmed
admin@eshop.com,Admin123!,5053,pending,confirmed
admin@eshop.com,Admin123!,5054,pending,confirmed
admin@eshop.com,Admin123!,5048,pending,confirmed
admin@eshop.com,Admin123!,5049,pending,confirmed
admin@eshop.com,Admin123!,5050,pending,confirmed
admin@eshop.com,Admin123!,5051,pending,confirmed
admin@eshop.com,Admin123!,5055,pending,confirmed
admin@eshop.com,Admin123!,5057,pending,confirmed
admin@eshop.com,Admin123!,5058,pending,confirmed
admin@eshop.com,Admin123!,5069,pending,confirmed
admin@eshop.com,Admin123!,5067,pending,confirmed
admin@eshop.com,Admin123!,5056,pending,confirmed
admin@eshop.com,Admin123!,5068,pending,confirmed
admin@eshop.com,Admin123!,5059,pending,confirmed
admin@eshop.com,Admin123!,5060,pending,confirmed
admin@eshop.com,Admin123!,5061,pending,confirmed
admin@eshop.com,Admin123!,5062,pending,confirmed
admin@eshop.com,Admin123!,5063,pending,confirmed
admin@eshop.com,Admin123!,5064,pending,confirmed
admin@eshop.com,Admin123!,5065,pending,confirmed
admin@eshop.com,Admin123!,5066,pending,confirmed
admin@eshop.com,Admin123!,5070,pending,confirmed
admin@eshop.com,Admin123!,5078,pending,confirmed
admin@eshop.com,Admin123!,5079,pending,confirmed
admin@eshop.com,Admin123!,5077,pending,confirmed
admin@eshop.com,Admin123!,5071,pending,confirmed
admin@eshop.com,Admin123!,5072,pending,confirmed
admin@eshop.com,Admin123!,5073,pending,confirmed
admin@eshop.com,Admin123!,5074,pending,confirmed
admin@eshop.com,Admin123!,5075,pending,confirmed
admin@eshop.com,Admin123!,5076,pending,confirmed
admin@eshop.com,Admin123!,5080,pending,confirmed
admin@eshop.com,Admin123!,5081,pending,confirmed
admin@eshop.com,Admin123!,5092,pending,confirmed
admin@eshop.com,Admin123!,5091,pending,confirmed
admin@eshop.com,Admin123!,5090,pending,confirmed
admin@eshop.com,Admin123!,5082,pending,confirmed
admin@eshop.com,Admin123!,5083,pending,confirmed
admin@eshop.com,Admin123!,5084,pending,confirmed
admin@eshop.com,Admin123!,5085,pending,confirmed
admin@eshop.com,Admin123!,5086,pending,confirmed
admin@eshop.com,Admin123!,5087,pending,confirmed
admin@eshop.com,Admin123!,5088,pending,confirmed
admin@eshop.com,Admin123!,5089,pending,confirmed
admin@eshop.com,Admin123!,5093,pending,confirmed
admin@eshop.com,Admin123!,5097,pending,confirmed
admin@eshop.com,Admin123!,5101,pending,confirmed
admin@eshop.com,Admin123!,5096,pending,confirmed
admin@eshop.com,Admin123!,5094,pending,confirmed
admin@eshop.com,Admin123!,5095,pending,confirmed
admin@eshop.com,Admin123!,5103,pending,confirmed
admin@eshop.com,Admin123!,5102,pending,confirmed
admin@eshop.com,Admin123!,5100,pending,confirmed
admin@eshop.com,Admin123!,5098,pending,confirmed
admin@eshop.com,Admin123!,5099,pending,confirmed
admin@eshop.com,Admin123!,5104,pending,confirmed
admin@eshop.com,Admin123!,5105,pending,confirmed
admin@eshop.com,Admin123!,5107,pending,confirmed
admin@eshop.com,Admin123!,5108,pending,confirmed
admin@eshop.com,Admin123!,5106,pending,confirmed
admin@eshop.com,Admin123!,5109,pending,confirmed
admin@eshop.com,Admin123!,5111,pending,confirmed
admin@eshop.com,Admin123!,5117,pending,confirmed
admin@eshop.com,Admin123!,5110,pending,confirmed
admin@eshop.com,Admin123!,5113,pending,confirmed
admin@eshop.com,Admin123!,5112,pending,confirmed
admin@eshop.com,Admin123!,5115,pending,confirmed
admin@eshop.com,Admin123!,5116,pending,confirmed
admin@eshop.com,Admin123!,5114,pending,confirmed
admin@eshop.com,Admin123!,5118,pending,confirmed
admin@eshop.com,Admin123!,5122,pending,confirmed
admin@eshop.com,Admin123!,5127,pending,confirmed
admin@eshop.com,Admin123!,5128,pending,confirmed
admin@eshop.com,Admin123!,5119,pending,confirmed
admin@eshop.com,Admin123!,5120,pending,confirmed
admin@eshop.com,Admin123!,5121,pending,confirmed
admin@eshop.com,Admin123!,5126,pending,confirmed
admin@eshop.com,Admin123!,5129,pending,confirmed
admin@eshop.com,Admin123!,5123,pending,confirmed
admin@eshop.com,Admin123!,5124,pending,confirmed
admin@eshop.com,Admin123!,5125,pending,confirmed
admin@eshop.com,Admin123!,5130,pending,confirmed
admin@eshop.com,Admin123!,5132,pending,confirmed
admin@eshop.com,Admin123!,5133,pending,confirmed
admin@eshop.com,Admin123!,5135,pending,confirmed
admin@eshop.com,Admin123!,5131,pending,confirmed
admin@eshop.com,Admin123!,5136,pending,confirmed
admin@eshop.com,Admin123!,5134,pending,confirmed
admin@eshop.com,Admin123!,5137,pending,confirmed
admin@eshop.com,Admin123!,5152,pending,confirmed
admin@eshop.com,Admin123!,5153,pending,confirmed
admin@eshop.com,Admin123!,5154,pending,confirmed
admin@eshop.com,Admin123!,5138,pending,confirmed
admin@eshop.com,Admin123!,5139,pending,confirmed
admin@eshop.com,Admin123!,5140,pending,confirmed
admin@eshop.com,Admin123!,5141,pending,confirmed
admin@eshop.com,Admin123!,5142,pending,confirmed
admin@eshop.com,Admin123!,5143,pending,confirmed
admin@eshop.com,Admin123!,5144,pending,confirmed
admin@eshop.com,Admin123!,5145,pending,confirmed
admin@eshop.com,Admin123!,5146,pending,confirmed
admin@eshop.com,Admin123!,5147,pending,confirmed
admin@eshop.com,Admin123!,5148,pending,confirmed
admin@eshop.com,Admin123!,5149,pending,confirmed
admin@eshop.com,Admin123!,5150,pending,confirmed
admin@eshop.com,Admin123!,5151,pending,confirmed
admin@eshop.com,Admin123!,5155,pending,confirmed
admin@eshop.com,Admin123!,5156,pending,confirmed
admin@eshop.com,Admin123!,5157,pending,confirmed
admin@eshop.com,Admin123!,5158,pending,confirmed
admin@eshop.com,Admin123!,5159,pending,confirmed
admin@eshop.com,Admin123!,5161,pending,confirmed
admin@eshop.com,Admin123!,5160,pending,confirmed
admin@eshop.com,Admin123!,5176,pending,confirmed
admin@eshop.com,Admin123!,5162,pending,confirmed
admin@eshop.com,Admin123!,5170,pending,confirmed
admin@eshop.com,Admin123!,5178,pending,confirmed
admin@eshop.com,Admin123!,5169,pending,confirmed
admin@eshop.com,Admin123!,5163,pending,confirmed
admin@eshop.com,Admin123!,5164,pending,confirmed
admin@eshop.com,Admin123!,5165,pending,confirmed
admin@eshop.com,Admin123!,5166,pending,confirmed
admin@eshop.com,Admin123!,5167,pending,confirmed
admin@eshop.com,Admin123!,5168,pending,confirmed
admin@eshop.com,Admin123!,5180,pending,confirmed
admin@eshop.com,Admin123!,5179,pending,confirmed
admin@eshop.com,Admin123!,5177,pending,confirmed
admin@eshop.com,Admin123!,5171,pending,confirmed
admin@eshop.com,Admin123!,5172,pending,confirmed
admin@eshop.com,Admin123!,5173,pending,confirmed
admin@eshop.com,Admin123!,5174,pending,confirmed
admin@eshop.com,Admin123!,5175,pending,confirmed
admin@eshop.com,Admin123!,5184,pending,confirmed
admin@eshop.com,Admin123!,5181,pending,confirmed
admin@eshop.com,Admin123!,5182,pending,confirmed
admin@eshop.com,Admin123!,5183,pending,confirmed
admin@eshop.com,Admin123!,5185,pending,confirmed
admin@eshop.com,Admin123!,5190,pending,confirmed
admin@eshop.com,Admin123!,5188,pending,confirmed
admin@eshop.com,Admin123!,5202,pending,confirmed
admin@eshop.com,Admin123!,5186,pending,confirmed
admin@eshop.com,Admin123!,5203,pending,confirmed
admin@eshop.com,Admin123!,5201,pending,confirmed
admin@eshop.com,Admin123!,5189,pending,confirmed
admin@eshop.com,Admin123!,5187,pending,confirmed
admin@eshop.com,Admin123!,5191,pending,confirmed
admin@eshop.com,Admin123!,5192,pending,confirmed
admin@eshop.com,Admin123!,5193,pending,confirmed
admin@eshop.com,Admin123!,5194,pending,confirmed
admin@eshop.com,Admin123!,5195,pending,confirmed
admin@eshop.com,Admin123!,5196,pending,confirmed
admin@eshop.com,Admin123!,5197,pending,confirmed
admin@eshop.com,Admin123!,5198,pending,confirmed
admin@eshop.com,Admin123!,5199,pending,confirmed
admin@eshop.com,Admin123!,5200,pending,confirmed
admin@eshop.com,Admin123!,5204,pending,confirmed
admin@eshop.com,Admin123!,5208,pending,confirmed
admin@eshop.com,Admin123!,5209,pending,confirmed
admin@eshop.com,Admin123!,5207,pending,confirmed
admin@eshop.com,Admin123!,5205,pending,confirmed
admin@eshop.com,Admin123!,5206,pending,confirmed
admin@eshop.com,Admin123!,5210,pending,confirmed
admin@eshop.com,Admin123!,5213,pending,confirmed
admin@eshop.com,Admin123!,5223,pending,confirmed
admin@eshop.com,Admin123!,5212,pending,confirmed
admin@eshop.com,Admin123!,5211,pending,confirmed
admin@eshop.com,Admin123!,5225,pending,confirmed
admin@eshop.com,Admin123!,5224,pending,confirmed
admin@eshop.com,Admin123!,5214,pending,confirmed
admin@eshop.com,Admin123!,5215,pending,confirmed
admin@eshop.com,Admin123!,5216,pending,confirmed
admin@eshop.com,Admin123!,5217,pending,confirmed
admin@eshop.com,Admin123!,5218,pending,confirmed
admin@eshop.com,Admin123!,5219,pending,confirmed
admin@eshop.com,Admin123!,5220,pending,confirmed
admin@eshop.com,Admin123!,5221,pending,confirmed
admin@eshop.com,Admin123!,5222,pending,confirmed
admin@eshop.com,Admin123!,5227,pending,confirmed
admin@eshop.com,Admin123!,5226,pending,confirmed
admin@eshop.com,Admin123!,5228,pending,confirmed
admin@eshop.com,Admin123!,5229,pending,confirmed
admin@eshop.com,Admin123!,5234,pending,confirmed
admin@eshop.com,Admin123!,5230,pending,confirmed
admin@eshop.com,Admin123!,5231,pending,confirmed
admin@eshop.com,Admin123!,5232,pending,confirmed
admin@eshop.com,Admin123!,5233,pending,confirmed
admin@eshop.com,Admin123!,5235,pending,confirmed
admin@eshop.com,Admin123!,5239,pending,confirmed
admin@eshop.com,Admin123!,5240,pending,confirmed
admin@eshop.com,Admin123!,5242,pending,confirmed
admin@eshop.com,Admin123!,5236,pending,confirmed
admin@eshop.com,Admin123!,5246,pending,confirmed
admin@eshop.com,Admin123!,5245,pending,confirmed
admin@eshop.com,Admin123!,5247,pending,confirmed
admin@eshop.com,Admin123!,5237,pending,confirmed
admin@eshop.com,Admin123!,5238,pending,confirmed
admin@eshop.com,Admin123!,5241,pending,confirmed
admin@eshop.com,Admin123!,5243,pending,confirmed
admin@eshop.com,Admin123!,5244,pending,confirmed
admin@eshop.com,Admin123!,5248,pending,confirmed
admin@eshop.com,Admin123!,5252,pending,confirmed
admin@eshop.com,Admin123!,5250,pending,confirmed
admin@eshop.com,Admin123!,5251,pending,confirmed
admin@eshop.com,Admin123!,5249,pending,confirmed
admin@eshop.com,Admin123!,5257,pending,confirmed
admin@eshop.com,Admin123!,5256,pending,confirmed
admin@eshop.com,Admin123!,5254,pending,confirmed
admin@eshop.com,Admin123!,5255,pending,confirmed
admin@eshop.com,Admin123!,5253,pending,confirmed
admin@eshop.com,Admin123!,5258,pending,confirmed
admin@eshop.com,Admin123!,5259,pending,confirmed
admin@eshop.com,Admin123!,5260,pending,confirmed
admin@eshop.com,Admin123!,5261,pending,confirmed
admin@eshop.com,Admin123!,5262,pending,confirmed
admin@eshop.com,Admin123!,5271,pending,confirmed
admin@eshop.com,Admin123!,5269,pending,confirmed
admin@eshop.com,Admin123!,5270,pending,confirmed
admin@eshop.com,Admin123!,5263,pending,confirmed
admin@eshop.com,Admin123!,5264,pending,confirmed
admin@eshop.com,Admin123!,5265,pending,confirmed
admin@eshop.com,Admin123!,5266,pending,confirmed
admin@eshop.com,Admin123!,5267,pending,confirmed
admin@eshop.com,Admin123!,5268,pending,confirmed
admin@eshop.com,Admin123!,5272,pending,confirmed
admin@eshop.com,Admin123!,5280,pending,confirmed
admin@eshop.com,Admin123!,5281,pending,confirmed
admin@eshop.com,Admin123!,5279,pending,confirmed
admin@eshop.com,Admin123!,5273,pending,confirmed
admin@eshop.com,Admin123!,5274,pending,confirmed
admin@eshop.com,Admin123!,5275,pending,confirmed
admin@eshop.com,Admin123!,5276,pending,confirmed
admin@eshop.com,Admin123!,5277,pending,confirmed
admin@eshop.com,Admin123!,5278,pending,confirmed
admin@eshop.com,Admin123!,5282,pending,confirmed
admin@eshop.com,Admin123!,5283,pending,confirmed
admin@eshop.com,Admin123!,5284,pending,confirmed
admin@eshop.com,Admin123!,5286,pending,confirmed
admin@eshop.com,Admin123!,5285,pending,confirmed
admin@eshop.com,Admin123!,5287,pending,confirmed
admin@eshop.com,Admin123!,5288,pending,confirmed
admin@eshop.com,Admin123!,5289,pending,confirmed
admin@eshop.com,Admin123!,5292,pending,confirmed
admin@eshop.com,Admin123!,5293,pending,confirmed
admin@eshop.com,Admin123!,5290,pending,confirmed
admin@eshop.com,Admin123!,5291,pending,confirmed
admin@eshop.com,Admin123!,5294,pending,confirmed
admin@eshop.com,Admin123!,5295,pending,confirmed
admin@eshop.com,Admin123!,5296,pending,confirmed
admin@eshop.com,Admin123!,5297,pending,confirmed
admin@eshop.com,Admin123!,5305,pending,confirmed
admin@eshop.com,Admin123!,5306,pending,confirmed
admin@eshop.com,Admin123!,5307,pending,confirmed
admin@eshop.com,Admin123!,5298,pending,confirmed
admin@eshop.com,Admin123!,5299,pending,confirmed
admin@eshop.com,Admin123!,5300,pending,confirmed
admin@eshop.com,Admin123!,5301,pending,confirmed
admin@eshop.com,Admin123!,5302,pending,confirmed
admin@eshop.com,Admin123!,5303,pending,confirmed
admin@eshop.com,Admin123!,5304,pending,confirmed
admin@eshop.com,Admin123!,5308,pending,confirmed
admin@eshop.com,Admin123!,5309,pending,confirmed
admin@eshop.com,Admin123!,5310,pending,confirmed
admin@eshop.com,Admin123!,5311,pending,confirmed
admin@eshop.com,Admin123!,5318,pending,confirmed
admin@eshop.com,Admin123!,5316,pending,confirmed
admin@eshop.com,Admin123!,5317,pending,confirmed
admin@eshop.com,Admin123!,5312,pending,confirmed
admin@eshop.com,Admin123!,5313,pending,confirmed
admin@eshop.com,Admin123!,5314,pending,confirmed
admin@eshop.com,Admin123!,5315,pending,confirmed
admin@eshop.com,Admin123!,5319,pending,confirmed
admin@eshop.com,Admin123!,5327,pending,confirmed
admin@eshop.com,Admin123!,5325,pending,confirmed
admin@eshop.com,Admin123!,5326,pending,confirmed
admin@eshop.com,Admin123!,5320,pending,confirmed
admin@eshop.com,Admin123!,5321,pending,confirmed
admin@eshop.com,Admin123!,5322,pending,confirmed
admin@eshop.com,Admin123!,5323,pending,confirmed
admin@eshop.com,Admin123!,5324,pending,confirmed
admin@eshop.com,Admin123!,5328,pending,confirmed
admin@eshop.com,Admin123!,5330,pending,confirmed
admin@eshop.com,Admin123!,5331,pending,confirmed
admin@eshop.com,Admin123!,5332,pending,confirmed
admin@eshop.com,Admin123!,5329,pending,confirmed
admin@eshop.com,Admin123!,5333,pending,confirmed
admin@eshop.com,Admin123!,5338,pending,confirmed
admin@eshop.com,Admin123!,5339,pending,confirmed
admin@eshop.com,Admin123!,5340,pending,confirmed
admin@eshop.com,Admin123!,5334,pending,confirmed
admin@eshop.com,Admin123!,5335,pending,confirmed
admin@eshop.com,Admin123!,5336,pending,confirmed
admin@eshop.com,Admin123!,5337,pending,confirmed
admin@eshop.com,Admin123!,5341,pending,confirmed
admin@eshop.com,Admin123!,5343,pending,confirmed
admin@eshop.com,Admin123!,5342,pending,confirmed
admin@eshop.com,Admin123!,5354,pending,confirmed
admin@eshop.com,Admin123!,5344,pending,confirmed
admin@eshop.com,Admin123!,5345,pending,confirmed
admin@eshop.com,Admin123!,5346,pending,confirmed
admin@eshop.com,Admin123!,5347,pending,confirmed
admin@eshop.com,Admin123!,5353,pending,confirmed
admin@eshop.com,Admin123!,5348,pending,confirmed
admin@eshop.com,Admin123!,5352,pending,confirmed
admin@eshop.com,Admin123!,5351,pending,confirmed
admin@eshop.com,Admin123!,5350,pending,confirmed
admin@eshop.com,Admin123!,5349,pending,confirmed
admin@eshop.com,Admin123!,5355,pending,confirmed
admin@eshop.com,Admin123!,5356,pending,confirmed
admin@eshop.com,Admin123!,5357,pending,confirmed
admin@eshop.com,Admin123!,5365,pending,confirmed
admin@eshop.com,Admin123!,5358,pending,confirmed
admin@eshop.com,Admin123!,5363,pending,confirmed
admin@eshop.com,Admin123!,5359,pending,confirmed
admin@eshop.com,Admin123!,5362,pending,confirmed
admin@eshop.com,Admin123!,5366,pending,confirmed
admin@eshop.com,Admin123!,5364,pending,confirmed
admin@eshop.com,Admin123!,5360,pending,confirmed
admin@eshop.com,Admin123!,5361,pending,confirmed
admin@eshop.com,Admin123!,5367,pending,confirmed
admin@eshop.com,Admin123!,5368,pending,confirmed
admin@eshop.com,Admin123!,5369,pending,confirmed
admin@eshop.com,Admin123!,5377,pending,confirmed
admin@eshop.com,Admin123!,5375,pending,confirmed
admin@eshop.com,Admin123!,5378,pending,confirmed
admin@eshop.com,Admin123!,5370,pending,confirmed
admin@eshop.com,Admin123!,5371,pending,confirmed
admin@eshop.com,Admin123!,5372,pending,confirmed
admin@eshop.com,Admin123!,5373,pending,confirmed
admin@eshop.com,Admin123!,5374,pending,confirmed
admin@eshop.com,Admin123!,5376,pending,confirmed
admin@eshop.com,Admin123!,5382,pending,confirmed
admin@eshop.com,Admin123!,5379,pending,confirmed
admin@eshop.com,Admin123!,5380,pending,confirmed
admin@eshop.com,Admin123!,5381,pending,confirmed
admin@eshop.com,Admin123!,5383,pending,confirmed
admin@eshop.com,Admin123!,5389,pending,confirmed
admin@eshop.com,Admin123!,5390,pending,confirmed
admin@eshop.com,Admin123!,5391,pending,confirmed
admin@eshop.com,Admin123!,5384,pending,confirmed
admin@eshop.com,Admin123!,5385,pending,confirmed
admin@eshop.com,Admin123!,5386,pending,confirmed
admin@eshop.com,Admin123!,5387,pending,confirmed
admin@eshop.com,Admin123!,5388,pending,confirmed
admin@eshop.com,Admin123!,5392,pending,confirmed
admin@eshop.com,Admin123!,5396,pending,confirmed
admin@eshop.com,Admin123!,5397,pending,confirmed
admin@eshop.com,Admin123!,5398,pending,confirmed
admin@eshop.com,Admin123!,5393,pending,confirmed
admin@eshop.com,Admin123!,5394,pending,confirmed
admin@eshop.com,Admin123!,5395,pending,confirmed
admin@eshop.com,Admin123!,5400,pending,confirmed
admin@eshop.com,Admin123!,5399,pending,confirmed
admin@eshop.com,Admin123!,5402,pending,confirmed
admin@eshop.com,Admin123!,5403,pending,confirmed
admin@eshop.com,Admin123!,5401,pending,confirmed
admin@eshop.com,Admin123!,5404,pending,confirmed
admin@eshop.com,Admin123!,5406,pending,confirmed
admin@eshop.com,Admin123!,5405,pending,confirmed
admin@eshop.com,Admin123!,5410,pending,confirmed
admin@eshop.com,Admin123!,5411,pending,confirmed
admin@eshop.com,Admin123!,5412,pending,confirmed
admin@eshop.com,Admin123!,5413,pending,confirmed
admin@eshop.com,Admin123!,5407,pending,confirmed
admin@eshop.com,Admin123!,5408,pending,confirmed
admin@eshop.com,Admin123!,5409,pending,confirmed
admin@eshop.com,Admin123!,5416,pending,confirmed
admin@eshop.com,Admin123!,5414,pending,confirmed
admin@eshop.com,Admin123!,5415,pending,confirmed
admin@eshop.com,Admin123!,5417,pending,confirmed
admin@eshop.com,Admin123!,5425,pending,confirmed
admin@eshop.com,Admin123!,5423,pending,confirmed
admin@eshop.com,Admin123!,5424,pending,confirmed
admin@eshop.com,Admin123!,5418,pending,confirmed
admin@eshop.com,Admin123!,5419,pending,confirmed
admin@eshop.com,Admin123!,5420,pending,confirmed
admin@eshop.com,Admin123!,5421,pending,confirmed
admin@eshop.com,Admin123!,5422,pending,confirmed
admin@eshop.com,Admin123!,5426,pending,confirmed
admin@eshop.com,Admin123!,5427,pending,confirmed
admin@eshop.com,Admin123!,5428,pending,confirmed
admin@eshop.com,Admin123!,5429,pending,confirmed
admin@eshop.com,Admin123!,5430,pending,confirmed
admin@eshop.com,Admin123!,5436,pending,confirmed
admin@eshop.com,Admin123!,5438,pending,confirmed
admin@eshop.com,Admin123!,5437,pending,confirmed
admin@eshop.com,Admin123!,5431,pending,confirmed
admin@eshop.com,Admin123!,5432,pending,confirmed
admin@eshop.com,Admin123!,5433,pending,confirmed
admin@eshop.com,Admin123!,5434,pending,confirmed
admin@eshop.com,Admin123!,5435,pending,confirmed
admin@eshop.com,Admin123!,5444,pending,confirmed
admin@eshop.com,Admin123!,5439,pending,confirmed
admin@eshop.com,Admin123!,5445,pending,confirmed
admin@eshop.com,Admin123!,5447,pending,confirmed
admin@eshop.com,Admin123!,5446,pending,confirmed
admin@eshop.com,Admin123!,5440,pending,confirmed
admin@eshop.com,Admin123!,5441,pending,confirmed
admin@eshop.com,Admin123!,5442,pending,confirmed
admin@eshop.com,Admin123!,5443,pending,confirmed
admin@eshop.com,Admin123!,5448,pending,confirmed
admin@eshop.com,Admin123!,5449,pending,confirmed
admin@eshop.com,Admin123!,5450,pending,confirmed
admin@eshop.com,Admin123!,5452,pending,confirmed
admin@eshop.com,Admin123!,5451,pending,confirmed
admin@eshop.com,Admin123!,5454,pending,confirmed
admin@eshop.com,Admin123!,5458,pending,confirmed
admin@eshop.com,Admin123!,5453,pending,confirmed
admin@eshop.com,Admin123!,5461,pending,confirmed
admin@eshop.com,Admin123!,5459,pending,confirmed
admin@eshop.com,Admin123!,5460,pending,confirmed
admin@eshop.com,Admin123!,5457,pending,confirmed
admin@eshop.com,Admin123!,5455,pending,confirmed
admin@eshop.com,Admin123!,5456,pending,confirmed
admin@eshop.com,Admin123!,5462,pending,confirmed
admin@eshop.com,Admin123!,5463,pending,confirmed
admin@eshop.com,Admin123!,5464,pending,confirmed
admin@eshop.com,Admin123!,5467,pending,confirmed
admin@eshop.com,Admin123!,5471,pending,confirmed
admin@eshop.com,Admin123!,5472,pending,confirmed
admin@eshop.com,Admin123!,5465,pending,confirmed
admin@eshop.com,Admin123!,5466,pending,confirmed
admin@eshop.com,Admin123!,5470,pending,confirmed
admin@eshop.com,Admin123!,5473,pending,confirmed
admin@eshop.com,Admin123!,5468,pending,confirmed
admin@eshop.com,Admin123!,5469,pending,confirmed
admin@eshop.com,Admin123!,5475,pending,confirmed
admin@eshop.com,Admin123!,5474,pending,confirmed
admin@eshop.com,Admin123!,5476,pending,confirmed
admin@eshop.com,Admin123!,5483,pending,confirmed
admin@eshop.com,Admin123!,5481,pending,confirmed
admin@eshop.com,Admin123!,5482,pending,confirmed
admin@eshop.com,Admin123!,5477,pending,confirmed
admin@eshop.com,Admin123!,5478,pending,confirmed
admin@eshop.com,Admin123!,5479,pending,confirmed
admin@eshop.com,Admin123!,5480,pending,confirmed
admin@eshop.com,Admin123!,5485,pending,confirmed
admin@eshop.com,Admin123!,5484,pending,confirmed
admin@eshop.com,Admin123!,5486,pending,confirmed
admin@eshop.com,Admin123!,5487,pending,confirmed
admin@eshop.com,Admin123!,5491,pending,confirmed
admin@eshop.com,Admin123!,5489,pending,confirmed
admin@eshop.com,Admin123!,5488,pending,confirmed
admin@eshop.com,Admin123!,5492,pending,confirmed
admin@eshop.com,Admin123!,5490,pending,confirmed
admin@eshop.com,Admin123!,5498,pending,confirmed
admin@eshop.com,Admin123!,5496,pending,confirmed
admin@eshop.com,Admin123!,5497,pending,confirmed
admin@eshop.com,Admin123!,5493,pending,confirmed
admin@eshop.com,Admin123!,5494,pending,confirmed
admin@eshop.com,Admin123!,5495,pending,confirmed
admin@eshop.com,Admin123!,5499,pending,confirmed
admin@eshop.com,Admin123!,5503,pending,confirmed
admin@eshop.com,Admin123!,5501,pending,confirmed
admin@eshop.com,Admin123!,5502,pending,confirmed
admin@eshop.com,Admin123!,5500,pending,confirmed
admin@eshop.com,Admin123!,5506,pending,confirmed
admin@eshop.com,Admin123!,5504,pending,confirmed
admin@eshop.com,Admin123!,5505,pending,confirmed
admin@eshop.com,Admin123!,5507,pending,confirmed
admin@eshop.com,Admin123!,5508,pending,confirmed
admin@eshop.com,Admin123!,5518,pending,confirmed
admin@eshop.com,Admin123!,5516,pending,confirmed
admin@eshop.com,Admin123!,5509,pending,confirmed
admin@eshop.com,Admin123!,5511,pending,confirmed
admin@eshop.com,Admin123!,5517,pending,confirmed
admin@eshop.com,Admin123!,5510,pending,confirmed
admin@eshop.com,Admin123!,5514,pending,confirmed
admin@eshop.com,Admin123!,5519,pending,confirmed
admin@eshop.com,Admin123!,5520,pending,confirmed
admin@eshop.com,Admin123!,5512,pending,confirmed
admin@eshop.com,Admin123!,5513,pending,confirmed
admin@eshop.com,Admin123!,5515,pending,confirmed
admin@eshop.com,Admin123!,5521,pending,confirmed
admin@eshop.com,Admin123!,5522,pending,confirmed
admin@eshop.com,Admin123!,5523,pending,confirmed
admin@eshop.com,Admin123!,5531,pending,confirmed
admin@eshop.com,Admin123!,5532,pending,confirmed
admin@eshop.com,Admin123!,5530,pending,confirmed
admin@eshop.com,Admin123!,5524,pending,confirmed
admin@eshop.com,Admin123!,5525,pending,confirmed
admin@eshop.com,Admin123!,5526,pending,confirmed
admin@eshop.com,Admin123!,5527,pending,confirmed
admin@eshop.com,Admin123!,5528,pending,confirmed
admin@eshop.com,Admin123!,5529,pending,confirmed
admin@eshop.com,Admin123!,5533,pending,confirmed
admin@eshop.com,Admin123!,5540,pending,confirmed
admin@eshop.com,Admin123!,5541,pending,confirmed
admin@eshop.com,Admin123!,5542,pending,confirmed
admin@eshop.com,Admin123!,5534,pending,confirmed
admin@eshop.com,Admin123!,5535,pending,confirmed
admin@eshop.com,Admin123!,5536,pending,confirmed
admin@eshop.com,Admin123!,5537,pending,confirmed
admin@eshop.com,Admin123!,5538,pending,confirmed
admin@eshop.com,Admin123!,5539,pending,confirmed
admin@eshop.com,Admin123!,5543,pending,confirmed
admin@eshop.com,Admin123!,5548,pending,confirmed
admin@eshop.com,Admin123!,5549,pending,confirmed
admin@eshop.com,Admin123!,5550,pending,confirmed
admin@eshop.com,Admin123!,5544,pending,confirmed
admin@eshop.com,Admin123!,5545,pending,confirmed
admin@eshop.com,Admin123!,5546,pending,confirmed
admin@eshop.com,Admin123!,5547,pending,confirmed
admin@eshop.com,Admin123!,5554,pending,confirmed
admin@eshop.com,Admin123!,5556,pending,confirmed
admin@eshop.com,Admin123!,5551,pending,confirmed
admin@eshop.com,Admin123!,5555,pending,confirmed
admin@eshop.com,Admin123!,5557,pending,confirmed
admin@eshop.com,Admin123!,5552,pending,confirmed
admin@eshop.com,Admin123!,5553,pending,confirmed
admin@eshop.com,Admin123!,5558,pending,confirmed
admin@eshop.com,Admin123!,5560,pending,confirmed
admin@eshop.com,Admin123!,5561,pending,confirmed
admin@eshop.com,Admin123!,5562,pending,confirmed
admin@eshop.com,Admin123!,5559,pending,confirmed
admin@eshop.com,Admin123!,5564,pending,confirmed
admin@eshop.com,Admin123!,5563,pending,confirmed
admin@eshop.com,Admin123!,5582,pending,confirmed
admin@eshop.com,Admin123!,5565,pending,confirmed
admin@eshop.com,Admin123!,5566,pending,confirmed
admin@eshop.com,Admin123!,5579,pending,confirmed
admin@eshop.com,Admin123!,5580,pending,confirmed
admin@eshop.com,Admin123!,5581,pending,confirmed
admin@eshop.com,Admin123!,5567,pending,confirmed
admin@eshop.com,Admin123!,5568,pending,confirmed
admin@eshop.com,Admin123!,5569,pending,confirmed
admin@eshop.com,Admin123!,5570,pending,confirmed
admin@eshop.com,Admin123!,5571,pending,confirmed
admin@eshop.com,Admin123!,5572,pending,confirmed
admin@eshop.com,Admin123!,5573,pending,confirmed
admin@eshop.com,Admin123!,5574,pending,confirmed
admin@eshop.com,Admin123!,5575,pending,confirmed
admin@eshop.com,Admin123!,5576,pending,confirmed
admin@eshop.com,Admin123!,5577,pending,confirmed
admin@eshop.com,Admin123!,5578,pending,confirmed
admin@eshop.com,Admin123!,5583,pending,confirmed
admin@eshop.com,Admin123!,5588,pending,confirmed
admin@eshop.com,Admin123!,5584,pending,confirmed
admin@eshop.com,Admin123!,5590,pending,confirmed
admin@eshop.com,Admin123!,5589,pending,confirmed
admin@eshop.com,Admin123!,5585,pending,confirmed
admin@eshop.com,Admin123!,5586,pending,confirmed
admin@eshop.com,Admin123!,5587,pending,confirmed
admin@eshop.com,Admin123!,5591,pending,confirmed
admin@eshop.com,Admin123!,5596,pending,confirmed
admin@eshop.com,Admin123!,5597,pending,confirmed
admin@eshop.com,Admin123!,5598,pending,confirmed
admin@eshop.com,Admin123!,5592,pending,confirmed
admin@eshop.com,Admin123!,5593,pending,confirmed
admin@eshop.com,Admin123!,5594,pending,confirmed
admin@eshop.com,Admin123!,5595,pending,confirmed
admin@eshop.com,Admin123!,5603,pending,confirmed
admin@eshop.com,Admin123!,5599,pending,confirmed
admin@eshop.com,Admin123!,5605,pending,confirmed
admin@eshop.com,Admin123!,5606,pending,confirmed
admin@eshop.com,Admin123!,5604,pending,confirmed
admin@eshop.com,Admin123!,5600,pending,confirmed
admin@eshop.com,Admin123!,5601,pending,confirmed
admin@eshop.com,Admin123!,5602,pending,confirmed
admin@eshop.com,Admin123!,5607,pending,confirmed
admin@eshop.com,Admin123!,5608,pending,confirmed
admin@eshop.com,Admin123!,5609,pending,confirmed
admin@eshop.com,Admin123!,5610,pending,confirmed
admin@eshop.com,Admin123!,5611,pending,confirmed
admin@eshop.com,Admin123!,5613,pending,confirmed
admin@eshop.com,Admin123!,5612,pending,confirmed
admin@eshop.com,Admin123!,5617,pending,confirmed
admin@eshop.com,Admin123!,5614,pending,confirmed
admin@eshop.com,Admin123!,5618,pending,confirmed
admin@eshop.com,Admin123!,5616,pending,confirmed
admin@eshop.com,Admin123!,5622,pending,confirmed
admin@eshop.com,Admin123!,5615,pending,confirmed
admin@eshop.com,Admin123!,5621,pending,confirmed
admin@eshop.com,Admin123!,5624,pending,confirmed
admin@eshop.com,Admin123!,5623,pending,confirmed
admin@eshop.com,Admin123!,5625,pending,confirmed
admin@eshop.com,Admin123!,5619,pending,confirmed
admin@eshop.com,Admin123!,5620,pending,confirmed
admin@eshop.com,Admin123!,5626,pending,confirmed
admin@eshop.com,Admin123!,5627,pending,confirmed
admin@eshop.com,Admin123!,5628,pending,confirmed
admin@eshop.com,Admin123!,5629,pending,confirmed
admin@eshop.com,Admin123!,5630,pending,confirmed
admin@eshop.com,Admin123!,5633,pending,confirmed
admin@eshop.com,Admin123!,5631,pending,confirmed
admin@eshop.com,Admin123!,5632,pending,confirmed
admin@eshop.com,Admin123!,5634,pending,confirmed
admin@eshop.com,Admin123!,5635,pending,confirmed
admin@eshop.com,Admin123!,5636,pending,confirmed
admin@eshop.com,Admin123!,5640,pending,confirmed
admin@eshop.com,Admin123!,5637,pending,confirmed
admin@eshop.com,Admin123!,5639,pending,confirmed
admin@eshop.com,Admin123!,5638,pending,confirmed
admin@eshop.com,Admin123!,5641,pending,confirmed
admin@eshop.com,Admin123!,5644,pending,confirmed
admin@eshop.com,Admin123!,5642,pending,confirmed
admin@eshop.com,Admin123!,5646,pending,confirmed
admin@eshop.com,Admin123!,5643,pending,confirmed
admin@eshop.com,Admin123!,5647,pending,confirmed
admin@eshop.com,Admin123!,5645,pending,confirmed
admin@eshop.com,Admin123!,5649,pending,confirmed
admin@eshop.com,Admin123!,5652,pending,confirmed
admin@eshop.com,Admin123!,5648,pending,confirmed
admin@eshop.com,Admin123!,5653,pending,confirmed
admin@eshop.com,Admin123!,5651,pending,confirmed
admin@eshop.com,Admin123!,5650,pending,confirmed
admin@eshop.com,Admin123!,5654,pending,confirmed
admin@eshop.com,Admin123!,5658,pending,confirmed
admin@eshop.com,Admin123!,5659,pending,confirmed
admin@eshop.com,Admin123!,5660,pending,confirmed
admin@eshop.com,Admin123!,5655,pending,confirmed
admin@eshop.com,Admin123!,5656,pending,confirmed
admin@eshop.com,Admin123!,5657,pending,confirmed
admin@eshop.com,Admin123!,5661,pending,confirmed
admin@eshop.com,Admin123!,5662,pending,confirmed
admin@eshop.com,Admin123!,5664,pending,confirmed
admin@eshop.com,Admin123!,5663,pending,confirmed
admin@eshop.com,Admin123!,5665,pending,confirmed
admin@eshop.com,Admin123!,5673,pending,confirmed
admin@eshop.com,Admin123!,5666,pending,confirmed
admin@eshop.com,Admin123!,5667,pending,confirmed
admin@eshop.com,Admin123!,5674,pending,confirmed
admin@eshop.com,Admin123!,5668,pending,confirmed
admin@eshop.com,Admin123!,5672,pending,confirmed
admin@eshop.com,Admin123!,5675,pending,confirmed
admin@eshop.com,Admin123!,5671,pending,confirmed
admin@eshop.com,Admin123!,5669,pending,confirmed
admin@eshop.com,Admin123!,5670,pending,confirmed
admin@eshop.com,Admin123!,5676,pending,confirmed
admin@eshop.com,Admin123!,5677,pending,confirmed
admin@eshop.com,Admin123!,5678,pending,confirmed
admin@eshop.com,Admin123!,5679,pending,confirmed
admin@eshop.com,Admin123!,5683,pending,confirmed
admin@eshop.com,Admin123!,5684,pending,confirmed
admin@eshop.com,Admin123!,5685,pending,confirmed
admin@eshop.com,Admin123!,5680,pending,confirmed
admin@eshop.com,Admin123!,5681,pending,confirmed
admin@eshop.com,Admin123!,5682,pending,confirmed
admin@eshop.com,Admin123!,5686,pending,confirmed
admin@eshop.com,Admin123!,5687,pending,confirmed
admin@eshop.com,Admin123!,5688,pending,confirmed
admin@eshop.com,Admin123!,5689,pending,confirmed
admin@eshop.com,Admin123!,5690,pending,confirmed
admin@eshop.com,Admin123!,5694,pending,confirmed
admin@eshop.com,Admin123!,5697,pending,confirmed
admin@eshop.com,Admin123!,5695,pending,confirmed
admin@eshop.com,Admin123!,5691,pending,confirmed
admin@eshop.com,Admin123!,5692,pending,confirmed
admin@eshop.com,Admin123!,5693,pending,confirmed
admin@eshop.com,Admin123!,5696,pending,confirmed
admin@eshop.com,Admin123!,5698,pending,confirmed
admin@eshop.com,Admin123!,5702,pending,confirmed
admin@eshop.com,Admin123!,5700,pending,confirmed
admin@eshop.com,Admin123!,5701,pending,confirmed
admin@eshop.com,Admin123!,5699,pending,confirmed
admin@eshop.com,Admin123!,5707,pending,confirmed
admin@eshop.com,Admin123!,5706,pending,confirmed
admin@eshop.com,Admin123!,5704,pending,confirmed
admin@eshop.com,Admin123!,5705,pending,confirmed
admin@eshop.com,Admin123!,5703,pending,confirmed
admin@eshop.com,Admin123!,5711,pending,confirmed
admin@eshop.com,Admin123!,5709,pending,confirmed
admin@eshop.com,Admin123!,5710,pending,confirmed
admin@eshop.com,Admin123!,5708,pending,confirmed
admin@eshop.com,Admin123!,5712,pending,confirmed
admin@eshop.com,Admin123!,5717,pending,confirmed
admin@eshop.com,Admin123!,5718,pending,confirmed
admin@eshop.com,Admin123!,5719,pending,confirmed
admin@eshop.com,Admin123!,5713,pending,confirmed
admin@eshop.com,Admin123!,5714,pending,confirmed
admin@eshop.com,Admin123!,5715,pending,confirmed
admin@eshop.com,Admin123!,5716,pending,confirmed
admin@eshop.com,Admin123!,5720,pending,confirmed
admin@eshop.com,Admin123!,5721,pending,confirmed
admin@eshop.com,Admin123!,5722,pending,confirmed
admin@eshop.com,Admin123!,5724,pending,confirmed
admin@eshop.com,Admin123!,5725,pending,confirmed
admin@eshop.com,Admin123!,5723,pending,confirmed
admin@eshop.com,Admin123!,5727,pending,confirmed
admin@eshop.com,Admin123!,5728,pending,confirmed
admin@eshop.com,Admin123!,5726,pending,confirmed
admin@eshop.com,Admin123!,5730,pending,confirmed
admin@eshop.com,Admin123!,5729,pending,confirmed
admin@eshop.com,Admin123!,5731,pending,confirmed
admin@eshop.com,Admin123!,5732,pending,confirmed
admin@eshop.com,Admin123!,5733,pending,confirmed
admin@eshop.com,Admin123!,5734,pending,confirmed
admin@eshop.com,Admin123!,5735,pending,confirmed
admin@eshop.com,Admin123!,5736,pending,confirmed
admin@eshop.com,Admin123!,5742,pending,confirmed
admin@eshop.com,Admin123!,5737,pending,confirmed
admin@eshop.com,Admin123!,5738,pending,confirmed
admin@eshop.com,Admin123!,5739,pending,confirmed
admin@eshop.com,Admin123!,5740,pending,confirmed
admin@eshop.com,Admin123!,5744,pending,confirmed
admin@eshop.com,Admin123!,5741,pending,confirmed
admin@eshop.com,Admin123!,5745,pending,confirmed
admin@eshop.com,Admin123!,5743,pending,confirmed
admin@eshop.com,Admin123!,5746,pending,confirmed
admin@eshop.com,Admin123!,5747,pending,confirmed
admin@eshop.com,Admin123!,5751,pending,confirmed
admin@eshop.com,Admin123!,5748,pending,confirmed
admin@eshop.com,Admin123!,5754,pending,confirmed
admin@eshop.com,Admin123!,5753,pending,confirmed
admin@eshop.com,Admin123!,5749,pending,confirmed
admin@eshop.com,Admin123!,5750,pending,confirmed
admin@eshop.com,Admin123!,5752,pending,confirmed
admin@eshop.com,Admin123!,5755,pending,confirmed
admin@eshop.com,Admin123!,5759,pending,confirmed
admin@eshop.com,Admin123!,5757,pending,confirmed
admin@eshop.com,Admin123!,5760,pending,confirmed
admin@eshop.com,Admin123!,5758,pending,confirmed
admin@eshop.com,Admin123!,5756,pending,confirmed
admin@eshop.com,Admin123!,5761,pending,confirmed
admin@eshop.com,Admin123!,5768,pending,confirmed
admin@eshop.com,Admin123!,5769,pending,confirmed
admin@eshop.com,Admin123!,5770,pending,confirmed
admin@eshop.com,Admin123!,5762,pending,confirmed
admin@eshop.com,Admin123!,5763,pending,confirmed
admin@eshop.com,Admin123!,5764,pending,confirmed
admin@eshop.com,Admin123!,5765,pending,confirmed
admin@eshop.com,Admin123!,5766,pending,confirmed
admin@eshop.com,Admin123!,5767,pending,confirmed
admin@eshop.com,Admin123!,5771,pending,confirmed
admin@eshop.com,Admin123!,5775,pending,confirmed
admin@eshop.com,Admin123!,5776,pending,confirmed
admin@eshop.com,Admin123!,5774,pending,confirmed
admin@eshop.com,Admin123!,5772,pending,confirmed
admin@eshop.com,Admin123!,5773,pending,confirmed
admin@eshop.com,Admin123!,5777,pending,confirmed
admin@eshop.com,Admin123!,5779,pending,confirmed
admin@eshop.com,Admin123!,5778,pending,confirmed
admin@eshop.com,Admin123!,5784,pending,confirmed
admin@eshop.com,Admin123!,5783,pending,confirmed
admin@eshop.com,Admin123!,5780,pending,confirmed
admin@eshop.com,Admin123!,5781,pending,confirmed
admin@eshop.com,Admin123!,5782,pending,confirmed
admin@eshop.com,Admin123!,5795,pending,confirmed
admin@eshop.com,Admin123!,5793,pending,confirmed
admin@eshop.com,Admin123!,5794,pending,confirmed
admin@eshop.com,Admin123!,5785,pending,confirmed
admin@eshop.com,Admin123!,5786,pending,confirmed
admin@eshop.com,Admin123!,5787,pending,confirmed
admin@eshop.com,Admin123!,5788,pending,confirmed
admin@eshop.com,Admin123!,5789,pending,confirmed
admin@eshop.com,Admin123!,5790,pending,confirmed
admin@eshop.com,Admin123!,5791,pending,confirmed
admin@eshop.com,Admin123!,5792,pending,confirmed
admin@eshop.com,Admin123!,5796,pending,confirmed
admin@eshop.com,Admin123!,5800,pending,confirmed
admin@eshop.com,Admin123!,5801,pending,confirmed
admin@eshop.com,Admin123!,5802,pending,confirmed
admin@eshop.com,Admin123!,5797,pending,confirmed
admin@eshop.com,Admin123!,5798,pending,confirmed
admin@eshop.com,Admin123!,5799,pending,confirmed
admin@eshop.com,Admin123!,5803,pending,confirmed
admin@eshop.com,Admin123!,5804,pending,confirmed
admin@eshop.com,Admin123!,5820,pending,confirmed
admin@eshop.com,Admin123!,5818,pending,confirmed
admin@eshop.com,Admin123!,5806,pending,confirmed
admin@eshop.com,Admin123!,5805,pending,confirmed
admin@eshop.com,Admin123!,5819,pending,confirmed
admin@eshop.com,Admin123!,5807,pending,confirmed
admin@eshop.com,Admin123!,5808,pending,confirmed
admin@eshop.com,Admin123!,5809,pending,confirmed
admin@eshop.com,Admin123!,5810,pending,confirmed
admin@eshop.com,Admin123!,5811,pending,confirmed
admin@eshop.com,Admin123!,5812,pending,confirmed
admin@eshop.com,Admin123!,5813,pending,confirmed
admin@eshop.com,Admin123!,5814,pending,confirmed
admin@eshop.com,Admin123!,5815,pending,confirmed
admin@eshop.com,Admin123!,5816,pending,confirmed
admin@eshop.com,Admin123!,5817,pending,confirmed
admin@eshop.com,Admin123!,5821,pending,confirmed
admin@eshop.com,Admin123!,5825,pending,confirmed
admin@eshop.com,Admin123!,5826,pending,confirmed
admin@eshop.com,Admin123!,5824,pending,confirmed
admin@eshop.com,Admin123!,5822,pending,confirmed
admin@eshop.com,Admin123!,5823,pending,confirmed
admin@eshop.com,Admin123!,5827,pending,confirmed
admin@eshop.com,Admin123!,5828,pending,confirmed
admin@eshop.com,Admin123!,5829,pending,confirmed
admin@eshop.com,Admin123!,5830,pending,confirmed
admin@eshop.com,Admin123!,5832,pending,confirmed
admin@eshop.com,Admin123!,5833,pending,confirmed
admin@eshop.com,Admin123!,5842,pending,confirmed
admin@eshop.com,Admin123!,5844,pending,confirmed
admin@eshop.com,Admin123!,5831,pending,confirmed
admin@eshop.com,Admin123!,5845,pending,confirmed
admin@eshop.com,Admin123!,5834,pending,confirmed
admin@eshop.com,Admin123!,5835,pending,confirmed
admin@eshop.com,Admin123!,5836,pending,confirmed
admin@eshop.com,Admin123!,5837,pending,confirmed
admin@eshop.com,Admin123!,5838,pending,confirmed
admin@eshop.com,Admin123!,5839,pending,confirmed
admin@eshop.com,Admin123!,5840,pending,confirmed
admin@eshop.com,Admin123!,5841,pending,confirmed
admin@eshop.com,Admin123!,5843,pending,confirmed
admin@eshop.com,Admin123!,5846,pending,confirmed
admin@eshop.com,Admin123!,5849,pending,confirmed
admin@eshop.com,Admin123!,5848,pending,confirmed
admin@eshop.com,Admin123!,5847,pending,confirmed
admin@eshop.com,Admin123!,5855,pending,confirmed
admin@eshop.com,Admin123!,5853,pending,confirmed
admin@eshop.com,Admin123!,5854,pending,confirmed
admin@eshop.com,Admin123!,5852,pending,confirmed
admin@eshop.com,Admin123!,5850,pending,confirmed
admin@eshop.com,Admin123!,5851,pending,confirmed
admin@eshop.com,Admin123!,5856,pending,confirmed
admin@eshop.com,Admin123!,5857,pending,confirmed
admin@eshop.com,Admin123!,5865,pending,confirmed
admin@eshop.com,Admin123!,5866,pending,confirmed
admin@eshop.com,Admin123!,5867,pending,confirmed
admin@eshop.com,Admin123!,5858,pending,confirmed
admin@eshop.com,Admin123!,5859,pending,confirmed
admin@eshop.com,Admin123!,5860,pending,confirmed
admin@eshop.com,Admin123!,5861,pending,confirmed
admin@eshop.com,Admin123!,5862,pending,confirmed
admin@eshop.com,Admin123!,5863,pending,confirmed
admin@eshop.com,Admin123!,5864,pending,confirmed
admin@eshop.com,Admin123!,5868,pending,confirmed
admin@eshop.com,Admin123!,5872,pending,confirmed
admin@eshop.com,Admin123!,5869,pending,confirmed
admin@eshop.com,Admin123!,5870,pending,confirmed
admin@eshop.com,Admin123!,5871,pending,confirmed
admin@eshop.com,Admin123!,5873,pending,confirmed
admin@eshop.com,Admin123!,5880,pending,confirmed
admin@eshop.com,Admin123!,5878,pending,confirmed
admin@eshop.com,Admin123!,5879,pending,confirmed
admin@eshop.com,Admin123!,5874,pending,confirmed
admin@eshop.com,Admin123!,5875,pending,confirmed
admin@eshop.com,Admin123!,5876,pending,confirmed
admin@eshop.com,Admin123!,5877,pending,confirmed
admin@eshop.com,Admin123!,5881,pending,confirmed
admin@eshop.com,Admin123!,5882,pending,confirmed
admin@eshop.com,Admin123!,5890,pending,confirmed
admin@eshop.com,Admin123!,5891,pending,confirmed
admin@eshop.com,Admin123!,5892,pending,confirmed
admin@eshop.com,Admin123!,5883,pending,confirmed
admin@eshop.com,Admin123!,5884,pending,confirmed
admin@eshop.com,Admin123!,5885,pending,confirmed
admin@eshop.com,Admin123!,5886,pending,confirmed
admin@eshop.com,Admin123!,5887,pending,confirmed
admin@eshop.com,Admin123!,5888,pending,confirmed
admin@eshop.com,Admin123!,5889,pending,confirmed
admin@eshop.com,Admin123!,5893,pending,confirmed
admin@eshop.com,Admin123!,5901,pending,confirmed
admin@eshop.com,Admin123!,5902,pending,confirmed
admin@eshop.com,Admin123!,5900,pending,confirmed
admin@eshop.com,Admin123!,5894,pending,confirmed
admin@eshop.com,Admin123!,5895,pending,confirmed
admin@eshop.com,Admin123!,5899,pending,confirmed
admin@eshop.com,Admin123!,5896,pending,confirmed
admin@eshop.com,Admin123!,5897,pending,confirmed
admin@eshop.com,Admin123!,5898,pending,confirmed
admin@eshop.com,Admin123!,5905,pending,confirmed
admin@eshop.com,Admin123!,5903,pending,confirmed
admin@eshop.com,Admin123!,5904,pending,confirmed
admin@eshop.com,Admin123!,5912,pending,confirmed
admin@eshop.com,Admin123!,5906,pending,confirmed
admin@eshop.com,Admin123!,5909,pending,confirmed
admin@eshop.com,Admin123!,5908,pending,confirmed
admin@eshop.com,Admin123!,5913,pending,confirmed
admin@eshop.com,Admin123!,5907,pending,confirmed
admin@eshop.com,Admin123!,5914,pending,confirmed
admin@eshop.com,Admin123!,5911,pending,confirmed
admin@eshop.com,Admin123!,5915,pending,confirmed
admin@eshop.com,Admin123!,5910,pending,confirmed
admin@eshop.com,Admin123!,5916,pending,confirmed
admin@eshop.com,Admin123!,5917,pending,confirmed
admin@eshop.com,Admin123!,5924,pending,confirmed
admin@eshop.com,Admin123!,5918,pending,confirmed
admin@eshop.com,Admin123!,5922,pending,confirmed
admin@eshop.com,Admin123!,5923,pending,confirmed
admin@eshop.com,Admin123!,5921,pending,confirmed
admin@eshop.com,Admin123!,5919,pending,confirmed
admin@eshop.com,Admin123!,5920,pending,confirmed
admin@eshop.com,Admin123!,5928,pending,confirmed
admin@eshop.com,Admin123!,5926,pending,confirmed
admin@eshop.com,Admin123!,5925,pending,confirmed
admin@eshop.com,Admin123!,5927,pending,confirmed
admin@eshop.com,Admin123!,5929,pending,confirmed
admin@eshop.com,Admin123!,5930,pending,confirmed
admin@eshop.com,Admin123!,5931,pending,confirmed
admin@eshop.com,Admin123!,5938,pending,confirmed
admin@eshop.com,Admin123!,5937,pending,confirmed
admin@eshop.com,Admin123!,5936,pending,confirmed
admin@eshop.com,Admin123!,5932,pending,confirmed
admin@eshop.com,Admin123!,5933,pending,confirmed
admin@eshop.com,Admin123!,5934,pending,confirmed
admin@eshop.com,Admin123!,5935,pending,confirmed
admin@eshop.com,Admin123!,5939,pending,confirmed
admin@eshop.com,Admin123!,5940,pending,confirmed
admin@eshop.com,Admin123!,5941,pending,confirmed
admin@eshop.com,Admin123!,5947,pending,confirmed
admin@eshop.com,Admin123!,5942,pending,confirmed
admin@eshop.com,Admin123!,5946,pending,confirmed
admin@eshop.com,Admin123!,5944,pending,confirmed
admin@eshop.com,Admin123!,5945,pending,confirmed
admin@eshop.com,Admin123!,5943,pending,confirmed
admin@eshop.com,Admin123!,5948,pending,confirmed
admin@eshop.com,Admin123!,5953,pending,confirmed
admin@eshop.com,Admin123!,5951,pending,confirmed
admin@eshop.com,Admin123!,5952,pending,confirmed
admin@eshop.com,Admin123!,5949,pending,confirmed
admin@eshop.com,Admin123!,5950,pending,confirmed
admin@eshop.com,Admin123!,5954,pending,confirmed
admin@eshop.com,Admin123!,5958,pending,confirmed
admin@eshop.com,Admin123!,5959,pending,confirmed
admin@eshop.com,Admin123!,5957,pending,confirmed
admin@eshop.com,Admin123!,5955,pending,confirmed
admin@eshop.com,Admin123!,5956,pending,confirmed
admin@eshop.com,Admin123!,5960,pending,confirmed
admin@eshop.com,Admin123!,5961,pending,confirmed
admin@eshop.com,Admin123!,5963,pending,confirmed
admin@eshop.com,Admin123!,5962,pending,confirmed
admin@eshop.com,Admin123!,5971,pending,confirmed
admin@eshop.com,Admin123!,5964,pending,confirmed
admin@eshop.com,Admin123!,5965,pending,confirmed
admin@eshop.com,Admin123!,5975,pending,confirmed
admin@eshop.com,Admin123!,5966,pending,confirmed
admin@eshop.com,Admin123!,5974,pending,confirmed
admin@eshop.com,Admin123!,5972,pending,confirmed
admin@eshop.com,Admin123!,5973,pending,confirmed
admin@eshop.com,Admin123!,5967,pending,confirmed
admin@eshop.com,Admin123!,5968,pending,confirmed
admin@eshop.com,Admin123!,5969,pending,confirmed
admin@eshop.com,Admin123!,5970,pending,confirmed
admin@eshop.com,Admin123!,5976,pending,confirmed
admin@eshop.com,Admin123!,5977,pending,confirmed
admin@eshop.com,Admin123!,5982,pending,confirmed
admin@eshop.com,Admin123!,5983,pending,confirmed
admin@eshop.com,Admin123!,5978,pending,confirmed
admin@eshop.com,Admin123!,5981,pending,confirmed
admin@eshop.com,Admin123!,5979,pending,confirmed
admin@eshop.com,Admin123!,5984,pending,confirmed
admin@eshop.com,Admin123!,5985,pending,confirmed
admin@eshop.com,Admin123!,5986,pending,confirmed
admin@eshop.com,Admin123!,5980,pending,confirmed
admin@eshop.com,Admin123!,5987,pending,confirmed
admin@eshop.com,Admin123!,5988,pending,confirmed
admin@eshop.com,Admin123!,5996,pending,confirmed
admin@eshop.com,Admin123!,5994,pending,confirmed
admin@eshop.com,Admin123!,5989,pending,confirmed
admin@eshop.com,Admin123!,5992,pending,confirmed
admin@eshop.com,Admin123!,5990,pending,confirmed
admin@eshop.com,Admin123!,5991,pending,confirmed
admin@eshop.com,Admin123!,5995,pending,confirmed
admin@eshop.com,Admin123!,6002,pending,confirmed
admin@eshop.com,Admin123!,5998,pending,confirmed
admin@eshop.com,Admin123!,5997,pending,confirmed
admin@eshop.com,Admin123!,5993,pending,confirmed
admin@eshop.com,Admin123!,5999,pending,confirmed
admin@eshop.com,Admin123!,6000,pending,confirmed
admin@eshop.com,Admin123!,6001,pending,confirmed
admin@eshop.com,Admin123!,6003,pending,confirmed
admin@eshop.com,Admin123!,6004,pending,confirmed
admin@eshop.com,Admin123!,6005,pending,confirmed
admin@eshop.com,Admin123!,6006,pending,confirmed
admin@eshop.com,Admin123!,6011,pending,confirmed
admin@eshop.com,Admin123!,6007,pending,confirmed
admin@eshop.com,Admin123!,6008,pending,confirmed
admin@eshop.com,Admin123!,6009,pending,confirmed
admin@eshop.com,Admin123!,6012,pending,confirmed
admin@eshop.com,Admin123!,6010,pending,confirmed
admin@eshop.com,Admin123!,6013,pending,confirmed
admin@eshop.com,Admin123!,6025,pending,confirmed
admin@eshop.com,Admin123!,6014,pending,confirmed
admin@eshop.com,Admin123!,6026,pending,confirmed
admin@eshop.com,Admin123!,6027,pending,confirmed
admin@eshop.com,Admin123!,6015,pending,confirmed
admin@eshop.com,Admin123!,6016,pending,confirmed
admin@eshop.com,Admin123!,6017,pending,confirmed
admin@eshop.com,Admin123!,6018,pending,confirmed
admin@eshop.com,Admin123!,6019,pending,confirmed
admin@eshop.com,Admin123!,6020,pending,confirmed
admin@eshop.com,Admin123!,6021,pending,confirmed
admin@eshop.com,Admin123!,6022,pending,confirmed
admin@eshop.com,Admin123!,6023,pending,confirmed
admin@eshop.com,Admin123!,6024,pending,confirmed
admin@eshop.com,Admin123!,6028,pending,confirmed
admin@eshop.com,Admin123!,6033,pending,confirmed
admin@eshop.com,Admin123!,6034,pending,confirmed
admin@eshop.com,Admin123!,6035,pending,confirmed
admin@eshop.com,Admin123!,6029,pending,confirmed
admin@eshop.com,Admin123!,6030,pending,confirmed
admin@eshop.com,Admin123!,6031,pending,confirmed
admin@eshop.com,Admin123!,6032,pending,confirmed
admin@eshop.com,Admin123!,6038,pending,confirmed
admin@eshop.com,Admin123!,6036,pending,confirmed
admin@eshop.com,Admin123!,6037,pending,confirmed
admin@eshop.com,Admin123!,6039,pending,confirmed
admin@eshop.com,Admin123!,6041,pending,confirmed
admin@eshop.com,Admin123!,6042,pending,confirmed
admin@eshop.com,Admin123!,6048,pending,confirmed
admin@eshop.com,Admin123!,6050,pending,confirmed
admin@eshop.com,Admin123!,6040,pending,confirmed
admin@eshop.com,Admin123!,6049,pending,confirmed
admin@eshop.com,Admin123!,6043,pending,confirmed
admin@eshop.com,Admin123!,6044,pending,confirmed
admin@eshop.com,Admin123!,6045,pending,confirmed
admin@eshop.com,Admin123!,6046,pending,confirmed
admin@eshop.com,Admin123!,6047,pending,confirmed
admin@eshop.com,Admin123!,6051,pending,confirmed
admin@eshop.com,Admin123!,6056,pending,confirmed
admin@eshop.com,Admin123!,6057,pending,confirmed
admin@eshop.com,Admin123!,6058,pending,confirmed
admin@eshop.com,Admin123!,6052,pending,confirmed
admin@eshop.com,Admin123!,6053,pending,confirmed
admin@eshop.com,Admin123!,6054,pending,confirmed
admin@eshop.com,Admin123!,6055,pending,confirmed
admin@eshop.com,Admin123!,6060,pending,confirmed
admin@eshop.com,Admin123!,6059,pending,confirmed
admin@eshop.com,Admin123!,6063,pending,confirmed
admin@eshop.com,Admin123!,6061,pending,confirmed
admin@eshop.com,Admin123!,6062,pending,confirmed
admin@eshop.com,Admin123!,6064,pending,confirmed
admin@eshop.com,Admin123!,6065,pending,confirmed
admin@eshop.com,Admin123!,6066,pending,confirmed
admin@eshop.com,Admin123!,6074,pending,confirmed
admin@eshop.com,Admin123!,6072,pending,confirmed
admin@eshop.com,Admin123!,6073,pending,confirmed
admin@eshop.com,Admin123!,6067,pending,confirmed
admin@eshop.com,Admin123!,6068,pending,confirmed
admin@eshop.com,Admin123!,6069,pending,confirmed
admin@eshop.com,Admin123!,6070,pending,confirmed
admin@eshop.com,Admin123!,6071,pending,confirmed
admin@eshop.com,Admin123!,6075,pending,confirmed
admin@eshop.com,Admin123!,6084,pending,confirmed
admin@eshop.com,Admin123!,6085,pending,confirmed
admin@eshop.com,Admin123!,6086,pending,confirmed
admin@eshop.com,Admin123!,6076,pending,confirmed
admin@eshop.com,Admin123!,6077,pending,confirmed
admin@eshop.com,Admin123!,6078,pending,confirmed
admin@eshop.com,Admin123!,6079,pending,confirmed
admin@eshop.com,Admin123!,6080,pending,confirmed
admin@eshop.com,Admin123!,6081,pending,confirmed
admin@eshop.com,Admin123!,6082,pending,confirmed
admin@eshop.com,Admin123!,6083,pending,confirmed
admin@eshop.com,Admin123!,6087,pending,confirmed
admin@eshop.com,Admin123!,6089,pending,confirmed
admin@eshop.com,Admin123!,6088,pending,confirmed
admin@eshop.com,Admin123!,6098,pending,confirmed
admin@eshop.com,Admin123!,6090,pending,confirmed
admin@eshop.com,Admin123!,6091,pending,confirmed
admin@eshop.com,Admin123!,6094,pending,confirmed
admin@eshop.com,Admin123!,6092,pending,confirmed
admin@eshop.com,Admin123!,6093,pending,confirmed
admin@eshop.com,Admin123!,6097,pending,confirmed
admin@eshop.com,Admin123!,6096,pending,confirmed
admin@eshop.com,Admin123!,6095,pending,confirmed
admin@eshop.com,Admin123!,6100,pending,confirmed
admin@eshop.com,Admin123!,6099,pending,confirmed
admin@eshop.com,Admin123!,6101,pending,confirmed
admin@eshop.com,Admin123!,6102,pending,confirmed
admin@eshop.com,Admin123!,6105,pending,confirmed
admin@eshop.com,Admin123!,6103,pending,confirmed
admin@eshop.com,Admin123!,6104,pending,confirmed
admin@eshop.com,Admin123!,6109,pending,confirmed
admin@eshop.com,Admin123!,6106,pending,confirmed
admin@eshop.com,Admin123!,6107,pending,confirmed
admin@eshop.com,Admin123!,6114,pending,confirmed
admin@eshop.com,Admin123!,6108,pending,confirmed
admin@eshop.com,Admin123!,6110,pending,confirmed
admin@eshop.com,Admin123!,6111,pending,confirmed
admin@eshop.com,Admin123!,6112,pending,confirmed
admin@eshop.com,Admin123!,6113,pending,confirmed
admin@eshop.com,Admin123!,6119,pending,confirmed
admin@eshop.com,Admin123!,6115,pending,confirmed
admin@eshop.com,Admin123!,6120,pending,confirmed
admin@eshop.com,Admin123!,6118,pending,confirmed
admin@eshop.com,Admin123!,6116,pending,confirmed
admin@eshop.com,Admin123!,6117,pending,confirmed
admin@eshop.com,Admin123!,6121,pending,confirmed
admin@eshop.com,Admin123!,6122,pending,confirmed
admin@eshop.com,Admin123!,6126,pending,confirmed
admin@eshop.com,Admin123!,6124,pending,confirmed
admin@eshop.com,Admin123!,6123,pending,confirmed
admin@eshop.com,Admin123!,6127,pending,confirmed
admin@eshop.com,Admin123!,6125,pending,confirmed
admin@eshop.com,Admin123!,6131,pending,confirmed
admin@eshop.com,Admin123!,6132,pending,confirmed
admin@eshop.com,Admin123!,6130,pending,confirmed
admin@eshop.com,Admin123!,6134,pending,confirmed
admin@eshop.com,Admin123!,6135,pending,confirmed
admin@eshop.com,Admin123!,6136,pending,confirmed
admin@eshop.com,Admin123!,6128,pending,confirmed
admin@eshop.com,Admin123!,6129,pending,confirmed
admin@eshop.com,Admin123!,6133,pending,confirmed
admin@eshop.com,Admin123!,6137,pending,confirmed
admin@eshop.com,Admin123!,6138,pending,confirmed
admin@eshop.com,Admin123!,6146,pending,confirmed
admin@eshop.com,Admin123!,6143,pending,confirmed
admin@eshop.com,Admin123!,6144,pending,confirmed
admin@eshop.com,Admin123!,6145,pending,confirmed
admin@eshop.com,Admin123!,6139,pending,confirmed
admin@eshop.com,Admin123!,6140,pending,confirmed
admin@eshop.com,Admin123!,6141,pending,confirmed
admin@eshop.com,Admin123!,6142,pending,confirmed
admin@eshop.com,Admin123!,6147,pending,confirmed
admin@eshop.com,Admin123!,6150,pending,confirmed
admin@eshop.com,Admin123!,6156,pending,confirmed
admin@eshop.com,Admin123!,6149,pending,confirmed
admin@eshop.com,Admin123!,6148,pending,confirmed
admin@eshop.com,Admin123!,6155,pending,confirmed
admin@eshop.com,Admin123!,6151,pending,confirmed
admin@eshop.com,Admin123!,6157,pending,confirmed
admin@eshop.com,Admin123!,6152,pending,confirmed
admin@eshop.com,Admin123!,6153,pending,confirmed
admin@eshop.com,Admin123!,6154,pending,confirmed
admin@eshop.com,Admin123!,6158,pending,confirmed
admin@eshop.com,Admin123!,6163,pending,confirmed
admin@eshop.com,Admin123!,6159,pending,confirmed
admin@eshop.com,Admin123!,6168,pending,confirmed
admin@eshop.com,Admin123!,6162,pending,confirmed
admin@eshop.com,Admin123!,6160,pending,confirmed
admin@eshop.com,Admin123!,6161,pending,confirmed
admin@eshop.com,Admin123!,6171,pending,confirmed
admin@eshop.com,Admin123!,6169,pending,confirmed
admin@eshop.com,Admin123!,6170,pending,confirmed
admin@eshop.com,Admin123!,6164,pending,confirmed
admin@eshop.com,Admin123!,6165,pending,confirmed
admin@eshop.com,Admin123!,6166,pending,confirmed
admin@eshop.com,Admin123!,6167,pending,confirmed
admin@eshop.com,Admin123!,6172,pending,confirmed
admin@eshop.com,Admin123!,6174,pending,confirmed
admin@eshop.com,Admin123!,6175,pending,confirmed
admin@eshop.com,Admin123!,6180,pending,confirmed
admin@eshop.com,Admin123!,6173,pending,confirmed
admin@eshop.com,Admin123!,6179,pending,confirmed
admin@eshop.com,Admin123!,6178,pending,confirmed
admin@eshop.com,Admin123!,6176,pending,confirmed
admin@eshop.com,Admin123!,6177,pending,confirmed
admin@eshop.com,Admin123!,6181,pending,confirmed
admin@eshop.com,Admin123!,6185,pending,confirmed
admin@eshop.com,Admin123!,6183,pending,confirmed
admin@eshop.com,Admin123!,6184,pending,confirmed
admin@eshop.com,Admin123!,6182,pending,confirmed
admin@eshop.com,Admin123!,6188,pending,confirmed
admin@eshop.com,Admin123!,6190,pending,confirmed
admin@eshop.com,Admin123!,6191,pending,confirmed
admin@eshop.com,Admin123!,6192,pending,confirmed
admin@eshop.com,Admin123!,6186,pending,confirmed
admin@eshop.com,Admin123!,6187,pending,confirmed
admin@eshop.com,Admin123!,6195,pending,confirmed
admin@eshop.com,Admin123!,6189,pending,confirmed
admin@eshop.com,Admin123!,6196,pending,confirmed
admin@eshop.com,Admin123!,6193,pending,confirmed
admin@eshop.com,Admin123!,6194,pending,confirmed
admin@eshop.com,Admin123!,6197,pending,confirmed
admin@eshop.com,Admin123!,6198,pending,confirmed
admin@eshop.com,Admin123!,6199,pending,confirmed
admin@eshop.com,Admin123!,6202,pending,confirmed
admin@eshop.com,Admin123!,6203,pending,confirmed
admin@eshop.com,Admin123!,6204,pending,confirmed
admin@eshop.com,Admin123!,6200,pending,confirmed
admin@eshop.com,Admin123!,6201,pending,confirmed
admin@eshop.com,Admin123!,6206,pending,confirmed
admin@eshop.com,Admin123!,6205,pending,confirmed
admin@eshop.com,Admin123!,6207,pending,confirmed
admin@eshop.com,Admin123!,6208,pending,confirmed
admin@eshop.com,Admin123!,6217,pending,confirmed
admin@eshop.com,Admin123!,6209,pending,confirmed
admin@eshop.com,Admin123!,6218,pending,confirmed
admin@eshop.com,Admin123!,6219,pending,confirmed
admin@eshop.com,Admin123!,6220,pending,confirmed
admin@eshop.com,Admin123!,6210,pending,confirmed
admin@eshop.com,Admin123!,6211,pending,confirmed
admin@eshop.com,Admin123!,6212,pending,confirmed
admin@eshop.com,Admin123!,6213,pending,confirmed
admin@eshop.com,Admin123!,6214,pending,confirmed
admin@eshop.com,Admin123!,6215,pending,confirmed
admin@eshop.com,Admin123!,6216,pending,confirmed
admin@eshop.com,Admin123!,6221,pending,confirmed
admin@eshop.com,Admin123!,6222,pending,confirmed
admin@eshop.com,Admin123!,6225,pending,confirmed
admin@eshop.com,Admin123!,6226,pending,confirmed
admin@eshop.com,Admin123!,6223,pending,confirmed
admin@eshop.com,Admin123!,6224,pending,confirmed
admin@eshop.com,Admin123!,6227,pending,confirmed
admin@eshop.com,Admin123!,6229,pending,confirmed
admin@eshop.com,Admin123!,6228,pending,confirmed
admin@eshop.com,Admin123!,6234,pending,confirmed
admin@eshop.com,Admin123!,6230,pending,confirmed
admin@eshop.com,Admin123!,6231,pending,confirmed
admin@eshop.com,Admin123!,6243,pending,confirmed
admin@eshop.com,Admin123!,6232,pending,confirmed
admin@eshop.com,Admin123!,6239,pending,confirmed
admin@eshop.com,Admin123!,6244,pending,confirmed
admin@eshop.com,Admin123!,6238,pending,confirmed
admin@eshop.com,Admin123!,6233,pending,confirmed
admin@eshop.com,Admin123!,6237,pending,confirmed
admin@eshop.com,Admin123!,6235,pending,confirmed
admin@eshop.com,Admin123!,6236,pending,confirmed
admin@eshop.com,Admin123!,6241,pending,confirmed
admin@eshop.com,Admin123!,6242,pending,confirmed
admin@eshop.com,Admin123!,6245,pending,confirmed
admin@eshop.com,Admin123!,6246,pending,confirmed
admin@eshop.com,Admin123!,6240,pending,confirmed
admin@eshop.com,Admin123!,6247,pending,confirmed
admin@eshop.com,Admin123!,6248,pending,confirmed
admin@eshop.com,Admin123!,6253,pending,confirmed
admin@eshop.com,Admin123!,6251,pending,confirmed
admin@eshop.com,Admin123!,6252,pending,confirmed
admin@eshop.com,Admin123!,6249,pending,confirmed
admin@eshop.com,Admin123!,6250,pending,confirmed
admin@eshop.com,Admin123!,6254,pending,confirmed
admin@eshop.com,Admin123!,6262,pending,confirmed
admin@eshop.com,Admin123!,6260,pending,confirmed
admin@eshop.com,Admin123!,6261,pending,confirmed
admin@eshop.com,Admin123!,6255,pending,confirmed
admin@eshop.com,Admin123!,6256,pending,confirmed
admin@eshop.com,Admin123!,6257,pending,confirmed
admin@eshop.com,Admin123!,6263,pending,confirmed
admin@eshop.com,Admin123!,6258,pending,confirmed
admin@eshop.com,Admin123!,6259,pending,confirmed
admin@eshop.com,Admin123!,6264,pending,confirmed
admin@eshop.com,Admin123!,6270,pending,confirmed
admin@eshop.com,Admin123!,6269,pending,confirmed
admin@eshop.com,Admin123!,6271,pending,confirmed
admin@eshop.com,Admin123!,6265,pending,confirmed
admin@eshop.com,Admin123!,6266,pending,confirmed
admin@eshop.com,Admin123!,6267,pending,confirmed
admin@eshop.com,Admin123!,6268,pending,confirmed
admin@eshop.com,Admin123!,6272,pending,confirmed
admin@eshop.com,Admin123!,6273,pending,confirmed
admin@eshop.com,Admin123!,6276,pending,confirmed
admin@eshop.com,Admin123!,6275,pending,confirmed
admin@eshop.com,Admin123!,6274,pending,confirmed
admin@eshop.com,Admin123!,6277,pending,confirmed
admin@eshop.com,Admin123!,6278,pending,confirmed
admin@eshop.com,Admin123!,6282,pending,confirmed
admin@eshop.com,Admin123!,6288,pending,confirmed
admin@eshop.com,Admin123!,6279,pending,confirmed
admin@eshop.com,Admin123!,6280,pending,confirmed
admin@eshop.com,Admin123!,6281,pending,confirmed
admin@eshop.com,Admin123!,6290,pending,confirmed
admin@eshop.com,Admin123!,6289,pending,confirmed
admin@eshop.com,Admin123!,6283,pending,confirmed
admin@eshop.com,Admin123!,6292,pending,confirmed
admin@eshop.com,Admin123!,6293,pending,confirmed
admin@eshop.com,Admin123!,6291,pending,confirmed
admin@eshop.com,Admin123!,6284,pending,confirmed
admin@eshop.com,Admin123!,6285,pending,confirmed
admin@eshop.com,Admin123!,6286,pending,confirmed
admin@eshop.com,Admin123!,6287,pending,confirmed
admin@eshop.com,Admin123!,6294,pending,confirmed
admin@eshop.com,Admin123!,6295,pending,confirmed
admin@eshop.com,Admin123!,6300,pending,confirmed
admin@eshop.com,Admin123!,6296,pending,confirmed
admin@eshop.com,Admin123!,6301,pending,confirmed
admin@eshop.com,Admin123!,6302,pending,confirmed
admin@eshop.com,Admin123!,6297,pending,confirmed
admin@eshop.com,Admin123!,6298,pending,confirmed
admin@eshop.com,Admin123!,6299,pending,confirmed
admin@eshop.com,Admin123!,6303,pending,confirmed
admin@eshop.com,Admin123!,6314,pending,confirmed
admin@eshop.com,Admin123!,6315,pending,confirmed
admin@eshop.com,Admin123!,6316,pending,confirmed
admin@eshop.com,Admin123!,6304,pending,confirmed
admin@eshop.com,Admin123!,6305,pending,confirmed
admin@eshop.com,Admin123!,6306,pending,confirmed
admin@eshop.com,Admin123!,6307,pending,confirmed
admin@eshop.com,Admin123!,6308,pending,confirmed
admin@eshop.com,Admin123!,6309,pending,confirmed
admin@eshop.com,Admin123!,6310,pending,confirmed
admin@eshop.com,Admin123!,6311,pending,confirmed
admin@eshop.com,Admin123!,6312,pending,confirmed
admin@eshop.com,Admin123!,6313,pending,confirmed
admin@eshop.com,Admin123!,6317,pending,confirmed
admin@eshop.com,Admin123!,6318,pending,confirmed
admin@eshop.com,Admin123!,6319,pending,confirmed
admin@eshop.com,Admin123!,6326,pending,confirmed
admin@eshop.com,Admin123!,6320,pending,confirmed
admin@eshop.com,Admin123!,6321,pending,confirmed
admin@eshop.com,Admin123!,6324,pending,confirmed
admin@eshop.com,Admin123!,6322,pending,confirmed
admin@eshop.com,Admin123!,6325,pending,confirmed
admin@eshop.com,Admin123!,6323,pending,confirmed
admin@eshop.com,Admin123!,6327,pending,confirmed
admin@eshop.com,Admin123!,6328,pending,confirmed
admin@eshop.com,Admin123!,6329,pending,confirmed
admin@eshop.com,Admin123!,6340,pending,confirmed
admin@eshop.com,Admin123!,6338,pending,confirmed
admin@eshop.com,Admin123!,6339,pending,confirmed
admin@eshop.com,Admin123!,6330,pending,confirmed
admin@eshop.com,Admin123!,6331,pending,confirmed
admin@eshop.com,Admin123!,6332,pending,confirmed
admin@eshop.com,Admin123!,6333,pending,confirmed
admin@eshop.com,Admin123!,6334,pending,confirmed
admin@eshop.com,Admin123!,6335,pending,confirmed
admin@eshop.com,Admin123!,6336,pending,confirmed
admin@eshop.com,Admin123!,6337,pending,confirmed
admin@eshop.com,Admin123!,6345,pending,confirmed
admin@eshop.com,Admin123!,6341,pending,confirmed
admin@eshop.com,Admin123!,6343,pending,confirmed
admin@eshop.com,Admin123!,6344,pending,confirmed
admin@eshop.com,Admin123!,6342,pending,confirmed
admin@eshop.com,Admin123!,6352,pending,confirmed
admin@eshop.com,Admin123!,6350,pending,confirmed
admin@eshop.com,Admin123!,6351,pending,confirmed
admin@eshop.com,Admin123!,6346,pending,confirmed
admin@eshop.com,Admin123!,6347,pending,confirmed
admin@eshop.com,Admin123!,6348,pending,confirmed
admin@eshop.com,Admin123!,6349,pending,confirmed
admin@eshop.com,Admin123!,6353,pending,confirmed
admin@eshop.com,Admin123!,6361,pending,confirmed
admin@eshop.com,Admin123!,6362,pending,confirmed
admin@eshop.com,Admin123!,6360,pending,confirmed
admin@eshop.com,Admin123!,6354,pending,confirmed
admin@eshop.com,Admin123!,6355,pending,confirmed
admin@eshop.com,Admin123!,6356,pending,confirmed
admin@eshop.com,Admin123!,6357,pending,confirmed
admin@eshop.com,Admin123!,6358,pending,confirmed
admin@eshop.com,Admin123!,6359,pending,confirmed
admin@eshop.com,Admin123!,6363,pending,confirmed
admin@eshop.com,Admin123!,6365,pending,confirmed
admin@eshop.com,Admin123!,6364,pending,confirmed
admin@eshop.com,Admin123!,6369,pending,confirmed
admin@eshop.com,Admin123!,6376,pending,confirmed
admin@eshop.com,Admin123!,6366,pending,confirmed
admin@eshop.com,Admin123!,6367,pending,confirmed
admin@eshop.com,Admin123!,6368,pending,confirmed
admin@eshop.com,Admin123!,6377,pending,confirmed
admin@eshop.com,Admin123!,6375,pending,confirmed
admin@eshop.com,Admin123!,6370,pending,confirmed
admin@eshop.com,Admin123!,6371,pending,confirmed
admin@eshop.com,Admin123!,6372,pending,confirmed
admin@eshop.com,Admin123!,6373,pending,confirmed
admin@eshop.com,Admin123!,6374,pending,confirmed
admin@eshop.com,Admin123!,6378,pending,confirmed
admin@eshop.com,Admin123!,6386,pending,confirmed
admin@eshop.com,Admin123!,6387,pending,confirmed
admin@eshop.com,Admin123!,6388,pending,confirmed
admin@eshop.com,Admin123!,6379,pending,confirmed
admin@eshop.com,Admin123!,6380,pending,confirmed
admin@eshop.com,Admin123!,6381,pending,confirmed
admin@eshop.com,Admin123!,6382,pending,confirmed
admin@eshop.com,Admin123!,6383,pending,confirmed
admin@eshop.com,Admin123!,6384,pending,confirmed
admin@eshop.com,Admin123!,6385,pending,confirmed
admin@eshop.com,Admin123!,6389,pending,confirmed
admin@eshop.com,Admin123!,6392,pending,confirmed
admin@eshop.com,Admin123!,6393,pending,confirmed
admin@eshop.com,Admin123!,6399,pending,confirmed
admin@eshop.com,Admin123!,6391,pending,confirmed
admin@eshop.com,Admin123!,6390,pending,confirmed
admin@eshop.com,Admin123!,6397,pending,confirmed
admin@eshop.com,Admin123!,6398,pending,confirmed
admin@eshop.com,Admin123!,6395,pending,confirmed
admin@eshop.com,Admin123!,6394,pending,confirmed
admin@eshop.com,Admin123!,6396,pending,confirmed
admin@eshop.com,Admin123!,6400,pending,confirmed
admin@eshop.com,Admin123!,6405,pending,confirmed
admin@eshop.com,Admin123!,6406,pending,confirmed
admin@eshop.com,Admin123!,6407,pending,confirmed
admin@eshop.com,Admin123!,6401,pending,confirmed
admin@eshop.com,Admin123!,6402,pending,confirmed
admin@eshop.com,Admin123!,6403,pending,confirmed
admin@eshop.com,Admin123!,6404,pending,confirmed
admin@eshop.com,Admin123!,6413,pending,confirmed
admin@eshop.com,Admin123!,6408,pending,confirmed
admin@eshop.com,Admin123!,6412,pending,confirmed
admin@eshop.com,Admin123!,6410,pending,confirmed
admin@eshop.com,Admin123!,6411,pending,confirmed
admin@eshop.com,Admin123!,6409,pending,confirmed
admin@eshop.com,Admin123!,6414,pending,confirmed
admin@eshop.com,Admin123!,6417,pending,confirmed
admin@eshop.com,Admin123!,6418,pending,confirmed
admin@eshop.com,Admin123!,6415,pending,confirmed
admin@eshop.com,Admin123!,6416,pending,confirmed
admin@eshop.com,Admin123!,6419,pending,confirmed
admin@eshop.com,Admin123!,6420,pending,confirmed
admin@eshop.com,Admin123!,6421,pending,confirmed
admin@eshop.com,Admin123!,6423,pending,confirmed
admin@eshop.com,Admin123!,6424,pending,confirmed
admin@eshop.com,Admin123!,6422,pending,confirmed
admin@eshop.com,Admin123!,6435,pending,confirmed
admin@eshop.com,Admin123!,6425,pending,confirmed
admin@eshop.com,Admin123!,6429,pending,confirmed
admin@eshop.com,Admin123!,6437,pending,confirmed
admin@eshop.com,Admin123!,6428,pending,confirmed
admin@eshop.com,Admin123!,6426,pending,confirmed
admin@eshop.com,Admin123!,6427,pending,confirmed
admin@eshop.com,Admin123!,6438,pending,confirmed
admin@eshop.com,Admin123!,6434,pending,confirmed
admin@eshop.com,Admin123!,6436,pending,confirmed
admin@eshop.com,Admin123!,6430,pending,confirmed
admin@eshop.com,Admin123!,6431,pending,confirmed
admin@eshop.com,Admin123!,6432,pending,confirmed
admin@eshop.com,Admin123!,6433,pending,confirmed
admin@eshop.com,Admin123!,6444,pending,confirmed
admin@eshop.com,Admin123!,6442,pending,confirmed
admin@eshop.com,Admin123!,6443,pending,confirmed
admin@eshop.com,Admin123!,6439,pending,confirmed
admin@eshop.com,Admin123!,6440,pending,confirmed
admin@eshop.com,Admin123!,6441,pending,confirmed
admin@eshop.com,Admin123!,6457,pending,confirmed
admin@eshop.com,Admin123!,6445,pending,confirmed
admin@eshop.com,Admin123!,6455,pending,confirmed
admin@eshop.com,Admin123!,6456,pending,confirmed
admin@eshop.com,Admin123!,6446,pending,confirmed
admin@eshop.com,Admin123!,6447,pending,confirmed
admin@eshop.com,Admin123!,6448,pending,confirmed
admin@eshop.com,Admin123!,6449,pending,confirmed
admin@eshop.com,Admin123!,6450,pending,confirmed
admin@eshop.com,Admin123!,6451,pending,confirmed
admin@eshop.com,Admin123!,6452,pending,confirmed
admin@eshop.com,Admin123!,6453,pending,confirmed
admin@eshop.com,Admin123!,6454,pending,confirmed
admin@eshop.com,Admin123!,6462,pending,confirmed
admin@eshop.com,Admin123!,6461,pending,confirmed
admin@eshop.com,Admin123!,6459,pending,confirmed
admin@eshop.com,Admin123!,6460,pending,confirmed
admin@eshop.com,Admin123!,6458,pending,confirmed
admin@eshop.com,Admin123!,6467,pending,confirmed
admin@eshop.com,Admin123!,6468,pending,confirmed
admin@eshop.com,Admin123!,6469,pending,confirmed
admin@eshop.com,Admin123!,6463,pending,confirmed
admin@eshop.com,Admin123!,6464,pending,confirmed
admin@eshop.com,Admin123!,6465,pending,confirmed
admin@eshop.com,Admin123!,6466,pending,confirmed
admin@eshop.com,Admin123!,6470,pending,confirmed
admin@eshop.com,Admin123!,6471,pending,confirmed
admin@eshop.com,Admin123!,6472,pending,confirmed
admin@eshop.com,Admin123!,6486,pending,confirmed
admin@eshop.com,Admin123!,6473,pending,confirmed
admin@eshop.com,Admin123!,6485,pending,confirmed
admin@eshop.com,Admin123!,6483,pending,confirmed
admin@eshop.com,Admin123!,6484,pending,confirmed
admin@eshop.com,Admin123!,6474,pending,confirmed
admin@eshop.com,Admin123!,6475,pending,confirmed
admin@eshop.com,Admin123!,6476,pending,confirmed
admin@eshop.com,Admin123!,6477,pending,confirmed
admin@eshop.com,Admin123!,6478,pending,confirmed
admin@eshop.com,Admin123!,6479,pending,confirmed
admin@eshop.com,Admin123!,6480,pending,confirmed
admin@eshop.com,Admin123!,6481,pending,confirmed
admin@eshop.com,Admin123!,6482,pending,confirmed
admin@eshop.com,Admin123!,6487,pending,confirmed
admin@eshop.com,Admin123!,6491,pending,confirmed
admin@eshop.com,Admin123!,6490,pending,confirmed
admin@eshop.com,Admin123!,6488,pending,confirmed
admin@eshop.com,Admin123!,6489,pending,confirmed
admin@eshop.com,Admin123!,6493,pending,confirmed
admin@eshop.com,Admin123!,6494,pending,confirmed
admin@eshop.com,Admin123!,6492,pending,confirmed
admin@eshop.com,Admin123!,6495,pending,confirmed
admin@eshop.com,Admin123!,6499,pending,confirmed
admin@eshop.com,Admin123!,6506,pending,confirmed
admin@eshop.com,Admin123!,6498,pending,confirmed
admin@eshop.com,Admin123!,6496,pending,confirmed
admin@eshop.com,Admin123!,6497,pending,confirmed
admin@eshop.com,Admin123!,6503,pending,confirmed
admin@eshop.com,Admin123!,6504,pending,confirmed
admin@eshop.com,Admin123!,6505,pending,confirmed
admin@eshop.com,Admin123!,6500,pending,confirmed
admin@eshop.com,Admin123!,6501,pending,confirmed
admin@eshop.com,Admin123!,6502,pending,confirmed
admin@eshop.com,Admin123!,6507,pending,confirmed
admin@eshop.com,Admin123!,6508,pending,confirmed
admin@eshop.com,Admin123!,6510,pending,confirmed
admin@eshop.com,Admin123!,6511,pending,confirmed
admin@eshop.com,Admin123!,6509,pending,confirmed
admin@eshop.com,Admin123!,6512,pending,confirmed
admin@eshop.com,Admin123!,6513,pending,confirmed
admin@eshop.com,Admin123!,6517,pending,confirmed
admin@eshop.com,Admin123!,6515,pending,confirmed
admin@eshop.com,Admin123!,6516,pending,confirmed
admin@eshop.com,Admin123!,6514,pending,confirmed
admin@eshop.com,Admin123!,6518,pending,confirmed
admin@eshop.com,Admin123!,6524,pending,confirmed
admin@eshop.com,Admin123!,6526,pending,confirmed
admin@eshop.com,Admin123!,6525,pending,confirmed
admin@eshop.com,Admin123!,6519,pending,confirmed
admin@eshop.com,Admin123!,6520,pending,confirmed
admin@eshop.com,Admin123!,6521,pending,confirmed
admin@eshop.com,Admin123!,6522,pending,confirmed
admin@eshop.com,Admin123!,6523,pending,confirmed
admin@eshop.com,Admin123!,6529,pending,confirmed
admin@eshop.com,Admin123!,6527,pending,confirmed
admin@eshop.com,Admin123!,6528,pending,confirmed
admin@eshop.com,Admin123!,6530,pending,confirmed
admin@eshop.com,Admin123!,6534,pending,confirmed
admin@eshop.com,Admin123!,6535,pending,confirmed
admin@eshop.com,Admin123!,6536,pending,confirmed
admin@eshop.com,Admin123!,6531,pending,confirmed
admin@eshop.com,Admin123!,6532,pending,confirmed
admin@eshop.com,Admin123!,6533,pending,confirmed
admin@eshop.com,Admin123!,6538,pending,confirmed
admin@eshop.com,Admin123!,6537,pending,confirmed
admin@eshop.com,Admin123!,6539,pending,confirmed
admin@eshop.com,Admin123!,6542,pending,confirmed
admin@eshop.com,Admin123!,6540,pending,confirmed
admin@eshop.com,Admin123!,6541,pending,confirmed
admin@eshop.com,Admin123!,6552,pending,confirmed
admin@eshop.com,Admin123!,6543,pending,confirmed
admin@eshop.com,Admin123!,6544,pending,confirmed
admin@eshop.com,Admin123!,6550,pending,confirmed
admin@eshop.com,Admin123!,6545,pending,confirmed
admin@eshop.com,Admin123!,6547,pending,confirmed
admin@eshop.com,Admin123!,6548,pending,confirmed
admin@eshop.com,Admin123!,6549,pending,confirmed
admin@eshop.com,Admin123!,6546,pending,confirmed
admin@eshop.com,Admin123!,6553,pending,confirmed
admin@eshop.com,Admin123!,6554,pending,confirmed
admin@eshop.com,Admin123!,6558,pending,confirmed
admin@eshop.com,Admin123!,6556,pending,confirmed
admin@eshop.com,Admin123!,6557,pending,confirmed
admin@eshop.com,Admin123!,6551,pending,confirmed
admin@eshop.com,Admin123!,6555,pending,confirmed
admin@eshop.com,Admin123!,6559,pending,confirmed
admin@eshop.com,Admin123!,6560,pending,confirmed
admin@eshop.com,Admin123!,6561,pending,confirmed
admin@eshop.com,Admin123!,6562,pending,confirmed
admin@eshop.com,Admin123!,6565,pending,confirmed
admin@eshop.com,Admin123!,6566,pending,confirmed
admin@eshop.com,Admin123!,6564,pending,confirmed
admin@eshop.com,Admin123!,6563,pending,confirmed
admin@eshop.com,Admin123!,6567,pending,confirmed
admin@eshop.com,Admin123!,6568,pending,confirmed
admin@eshop.com,Admin123!,6569,pending,confirmed
admin@eshop.com,Admin123!,6570,pending,confirmed
admin@eshop.com,Admin123!,6571,pending,confirmed
admin@eshop.com,Admin123!,6581,pending,confirmed
admin@eshop.com,Admin123!,6580,pending,confirmed
admin@eshop.com,Admin123!,6582,pending,confirmed
admin@eshop.com,Admin123!,6572,pending,confirmed
admin@eshop.com,Admin123!,6573,pending,confirmed
admin@eshop.com,Admin123!,6574,pending,confirmed
admin@eshop.com,Admin123!,6575,pending,confirmed
admin@eshop.com,Admin123!,6576,pending,confirmed
admin@eshop.com,Admin123!,6577,pending,confirmed
admin@eshop.com,Admin123!,6578,pending,confirmed
admin@eshop.com,Admin123!,6579,pending,confirmed
admin@eshop.com,Admin123!,6587,pending,confirmed
admin@eshop.com,Admin123!,6583,pending,confirmed
admin@eshop.com,Admin123!,6585,pending,confirmed
admin@eshop.com,Admin123!,6588,pending,confirmed
admin@eshop.com,Admin123!,6586,pending,confirmed
admin@eshop.com,Admin123!,6584,pending,confirmed
admin@eshop.com,Admin123!,6589,pending,confirmed
admin@eshop.com,Admin123!,6591,pending,confirmed
admin@eshop.com,Admin123!,6590,pending,confirmed
admin@eshop.com,Admin123!,6598,pending,confirmed
admin@eshop.com,Admin123!,6592,pending,confirmed
admin@eshop.com,Admin123!,6593,pending,confirmed
admin@eshop.com,Admin123!,6602,pending,confirmed
admin@eshop.com,Admin123!,6594,pending,confirmed
admin@eshop.com,Admin123!,6600,pending,confirmed
admin@eshop.com,Admin123!,6604,pending,confirmed
admin@eshop.com,Admin123!,6599,pending,confirmed
admin@eshop.com,Admin123!,6595,pending,confirmed
admin@eshop.com,Admin123!,6596,pending,confirmed
admin@eshop.com,Admin123!,6597,pending,confirmed
admin@eshop.com,Admin123!,6603,pending,confirmed
admin@eshop.com,Admin123!,6601,pending,confirmed
admin@eshop.com,Admin123!,6605,pending,confirmed
admin@eshop.com,Admin123!,6607,pending,confirmed
admin@eshop.com,Admin123!,6606,pending,confirmed
admin@eshop.com,Admin123!,6608,pending,confirmed
admin@eshop.com,Admin123!,6612,pending,confirmed
admin@eshop.com,Admin123!,6615,pending,confirmed
admin@eshop.com,Admin123!,6613,pending,confirmed
admin@eshop.com,Admin123!,6609,pending,confirmed
admin@eshop.com,Admin123!,6610,pending,confirmed
admin@eshop.com,Admin123!,6611,pending,confirmed
admin@eshop.com,Admin123!,6614,pending,confirmed
admin@eshop.com,Admin123!,6616,pending,confirmed
admin@eshop.com,Admin123!,6621,pending,confirmed
admin@eshop.com,Admin123!,6622,pending,confirmed
admin@eshop.com,Admin123!,6623,pending,confirmed
admin@eshop.com,Admin123!,6617,pending,confirmed
admin@eshop.com,Admin123!,6618,pending,confirmed
admin@eshop.com,Admin123!,6619,pending,confirmed
admin@eshop.com,Admin123!,6620,pending,confirmed
admin@eshop.com,Admin123!,6624,pending,confirmed
admin@eshop.com,Admin123!,6629,pending,confirmed
admin@eshop.com,Admin123!,6630,pending,confirmed
admin@eshop.com,Admin123!,6628,pending,confirmed
admin@eshop.com,Admin123!,6625,pending,confirmed
admin@eshop.com,Admin123!,6626,pending,confirmed
admin@eshop.com,Admin123!,6627,pending,confirmed
admin@eshop.com,Admin123!,6635,pending,confirmed
admin@eshop.com,Admin123!,6631,pending,confirmed
admin@eshop.com,Admin123!,6636,pending,confirmed
admin@eshop.com,Admin123!,6637,pending,confirmed
admin@eshop.com,Admin123!,6632,pending,confirmed
admin@eshop.com,Admin123!,6633,pending,confirmed
admin@eshop.com,Admin123!,6634,pending,confirmed
admin@eshop.com,Admin123!,6638,pending,confirmed
admin@eshop.com,Admin123!,6639,pending,confirmed
admin@eshop.com,Admin123!,6648,pending,confirmed
admin@eshop.com,Admin123!,6646,pending,confirmed
admin@eshop.com,Admin123!,6641,pending,confirmed
admin@eshop.com,Admin123!,6640,pending,confirmed
admin@eshop.com,Admin123!,6642,pending,confirmed
admin@eshop.com,Admin123!,6643,pending,confirmed
admin@eshop.com,Admin123!,6647,pending,confirmed
admin@eshop.com,Admin123!,6652,pending,confirmed
admin@eshop.com,Admin123!,6644,pending,confirmed
admin@eshop.com,Admin123!,6651,pending,confirmed
admin@eshop.com,Admin123!,6650,pending,confirmed
admin@eshop.com,Admin123!,6645,pending,confirmed
admin@eshop.com,Admin123!,6649,pending,confirmed
admin@eshop.com,Admin123!,6653,pending,confirmed
admin@eshop.com,Admin123!,6654,pending,confirmed
admin@eshop.com,Admin123!,6662,pending,confirmed
admin@eshop.com,Admin123!,6660,pending,confirmed
admin@eshop.com,Admin123!,6663,pending,confirmed
admin@eshop.com,Admin123!,6661,pending,confirmed
admin@eshop.com,Admin123!,6655,pending,confirmed
admin@eshop.com,Admin123!,6656,pending,confirmed
admin@eshop.com,Admin123!,6657,pending,confirmed
admin@eshop.com,Admin123!,6658,pending,confirmed
admin@eshop.com,Admin123!,6659,pending,confirmed
admin@eshop.com,Admin123!,6664,pending,confirmed
admin@eshop.com,Admin123!,6673,pending,confirmed
admin@eshop.com,Admin123!,6666,pending,confirmed
admin@eshop.com,Admin123!,6672,pending,confirmed
admin@eshop.com,Admin123!,6665,pending,confirmed
admin@eshop.com,Admin123!,6674,pending,confirmed
admin@eshop.com,Admin123!,6667,pending,confirmed
admin@eshop.com,Admin123!,6668,pending,confirmed
admin@eshop.com,Admin123!,6669,pending,confirmed
admin@eshop.com,Admin123!,6670,pending,confirmed
admin@eshop.com,Admin123!,6671,pending,confirmed
admin@eshop.com,Admin123!,6676,pending,confirmed
admin@eshop.com,Admin123!,6675,pending,confirmed
admin@eshop.com,Admin123!,6677,pending,confirmed
admin@eshop.com,Admin123!,6678,pending,confirmed
admin@eshop.com,Admin123!,6679,pending,confirmed
admin@eshop.com,Admin123!,6687,pending,confirmed
admin@eshop.com,Admin123!,6680,pending,confirmed
admin@eshop.com,Admin123!,6682,pending,confirmed
admin@eshop.com,Admin123!,6684,pending,confirmed
admin@eshop.com,Admin123!,6683,pending,confirmed
admin@eshop.com,Admin123!,6681,pending,confirmed
admin@eshop.com,Admin123!,6685,pending,confirmed
admin@eshop.com,Admin123!,6688,pending,confirmed
admin@eshop.com,Admin123!,6686,pending,confirmed
admin@eshop.com,Admin123!,6689,pending,confirmed
admin@eshop.com,Admin123!,6690,pending,confirmed
admin@eshop.com,Admin123!,6697,pending,confirmed
admin@eshop.com,Admin123!,6699,pending,confirmed
admin@eshop.com,Admin123!,6698,pending,confirmed
admin@eshop.com,Admin123!,6691,pending,confirmed
admin@eshop.com,Admin123!,6692,pending,confirmed
admin@eshop.com,Admin123!,6693,pending,confirmed
admin@eshop.com,Admin123!,6694,pending,confirmed
admin@eshop.com,Admin123!,6695,pending,confirmed
admin@eshop.com,Admin123!,6696,pending,confirmed
admin@eshop.com,Admin123!,6700,pending,confirmed
admin@eshop.com,Admin123!,6704,pending,confirmed
admin@eshop.com,Admin123!,6702,pending,confirmed
admin@eshop.com,Admin123!,6703,pending,confirmed
admin@eshop.com,Admin123!,6701,pending,confirmed
admin@eshop.com,Admin123!,6710,pending,confirmed
admin@eshop.com,Admin123!,6711,pending,confirmed
admin@eshop.com,Admin123!,6712,pending,confirmed
admin@eshop.com,Admin123!,6713,pending,confirmed
admin@eshop.com,Admin123!,6705,pending,confirmed
admin@eshop.com,Admin123!,6706,pending,confirmed
admin@eshop.com,Admin123!,6707,pending,confirmed
admin@eshop.com,Admin123!,6708,pending,confirmed
admin@eshop.com,Admin123!,6709,pending,confirmed
admin@eshop.com,Admin123!,6714,pending,confirmed
admin@eshop.com,Admin123!,6715,pending,confirmed
admin@eshop.com,Admin123!,6716,pending,confirmed
admin@eshop.com,Admin123!,6721,pending,confirmed
admin@eshop.com,Admin123!,6722,pending,confirmed
admin@eshop.com,Admin123!,6720,pending,confirmed
admin@eshop.com,Admin123!,6717,pending,confirmed
admin@eshop.com,Admin123!,6718,pending,confirmed
admin@eshop.com,Admin123!,6719,pending,confirmed
admin@eshop.com,Admin123!,6723,pending,confirmed
admin@eshop.com,Admin123!,6736,pending,confirmed
admin@eshop.com,Admin123!,6734,pending,confirmed
admin@eshop.com,Admin123!,6735,pending,confirmed
admin@eshop.com,Admin123!,6724,pending,confirmed
admin@eshop.com,Admin123!,6725,pending,confirmed
admin@eshop.com,Admin123!,6726,pending,confirmed
admin@eshop.com,Admin123!,6727,pending,confirmed
admin@eshop.com,Admin123!,6728,pending,confirmed
admin@eshop.com,Admin123!,6729,pending,confirmed
admin@eshop.com,Admin123!,6730,pending,confirmed
admin@eshop.com,Admin123!,6731,pending,confirmed
admin@eshop.com,Admin123!,6732,pending,confirmed
admin@eshop.com,Admin123!,6733,pending,confirmed
admin@eshop.com,Admin123!,6737,pending,confirmed
admin@eshop.com,Admin123!,6738,pending,confirmed
admin@eshop.com,Admin123!,6739,pending,confirmed
admin@eshop.com,Admin123!,6744,pending,confirmed
admin@eshop.com,Admin123!,6740,pending,confirmed
admin@eshop.com,Admin123!,6741,pending,confirmed
admin@eshop.com,Admin123!,6742,pending,confirmed
admin@eshop.com,Admin123!,6743,pending,confirmed
admin@eshop.com,Admin123!,6747,pending,confirmed
admin@eshop.com,Admin123!,6745,pending,confirmed
admin@eshop.com,Admin123!,6746,pending,confirmed
admin@eshop.com,Admin123!,6752,pending,confirmed
admin@eshop.com,Admin123!,6748,pending,confirmed
admin@eshop.com,Admin123!,6760,pending,confirmed
admin@eshop.com,Admin123!,6758,pending,confirmed
admin@eshop.com,Admin123!,6749,pending,confirmed
admin@eshop.com,Admin123!,6750,pending,confirmed
admin@eshop.com,Admin123!,6751,pending,confirmed
admin@eshop.com,Admin123!,6761,pending,confirmed
admin@eshop.com,Admin123!,6759,pending,confirmed
admin@eshop.com,Admin123!,6753,pending,confirmed
admin@eshop.com,Admin123!,6754,pending,confirmed
admin@eshop.com,Admin123!,6755,pending,confirmed
admin@eshop.com,Admin123!,6756,pending,confirmed
admin@eshop.com,Admin123!,6757,pending,confirmed
admin@eshop.com,Admin123!,6762,pending,confirmed
admin@eshop.com,Admin123!,6763,pending,confirmed
admin@eshop.com,Admin123!,6764,pending,confirmed
admin@eshop.com,Admin123!,6765,pending,confirmed
admin@eshop.com,Admin123!,6768,pending,confirmed
admin@eshop.com,Admin123!,6769,pending,confirmed
admin@eshop.com,Admin123!,6770,pending,confirmed
admin@eshop.com,Admin123!,6766,pending,confirmed
admin@eshop.com,Admin123!,6767,pending,confirmed
admin@eshop.com,Admin123!,6771,pending,confirmed
admin@eshop.com,Admin123!,6775,pending,confirmed
admin@eshop.com,Admin123!,6773,pending,confirmed
admin@eshop.com,Admin123!,6774,pending,confirmed
admin@eshop.com,Admin123!,6772,pending,confirmed
admin@eshop.com,Admin123!,6782,pending,confirmed
admin@eshop.com,Admin123!,6776,pending,confirmed
admin@eshop.com,Admin123!,6777,pending,confirmed
admin@eshop.com,Admin123!,6781,pending,confirmed
admin@eshop.com,Admin123!,6778,pending,confirmed
admin@eshop.com,Admin123!,6779,pending,confirmed
admin@eshop.com,Admin123!,6780,pending,confirmed
admin@eshop.com,Admin123!,6784,pending,confirmed
admin@eshop.com,Admin123!,6785,pending,confirmed
admin@eshop.com,Admin123!,6786,pending,confirmed
admin@eshop.com,Admin123!,6783,pending,confirmed
admin@eshop.com,Admin123!,6787,pending,confirmed
admin@eshop.com,Admin123!,6791,pending,confirmed
admin@eshop.com,Admin123!,6792,pending,confirmed
admin@eshop.com,Admin123!,6790,pending,confirmed
admin@eshop.com,Admin123!,6788,pending,confirmed
admin@eshop.com,Admin123!,6789,pending,confirmed
admin@eshop.com,Admin123!,6793,pending,confirmed
admin@eshop.com,Admin123!,6794,pending,confirmed
admin@eshop.com,Admin123!,6795,pending,confirmed
admin@eshop.com,Admin123!,6808,pending,confirmed
admin@eshop.com,Admin123!,6799,pending,confirmed
admin@eshop.com,Admin123!,6796,pending,confirmed
admin@eshop.com,Admin123!,6797,pending,confirmed
admin@eshop.com,Admin123!,6800,pending,confirmed
admin@eshop.com,Admin123!,6798,pending,confirmed
admin@eshop.com,Admin123!,6807,pending,confirmed
admin@eshop.com,Admin123!,6806,pending,confirmed
admin@eshop.com,Admin123!,6801,pending,confirmed
admin@eshop.com,Admin123!,6802,pending,confirmed
admin@eshop.com,Admin123!,6803,pending,confirmed
admin@eshop.com,Admin123!,6804,pending,confirmed
admin@eshop.com,Admin123!,6805,pending,confirmed
admin@eshop.com,Admin123!,6809,pending,confirmed
admin@eshop.com,Admin123!,6817,pending,confirmed
admin@eshop.com,Admin123!,6818,pending,confirmed
admin@eshop.com,Admin123!,6819,pending,confirmed
admin@eshop.com,Admin123!,6810,pending,confirmed
admin@eshop.com,Admin123!,6811,pending,confirmed
admin@eshop.com,Admin123!,6812,pending,confirmed
admin@eshop.com,Admin123!,6813,pending,confirmed
admin@eshop.com,Admin123!,6814,pending,confirmed
admin@eshop.com,Admin123!,6815,pending,confirmed
admin@eshop.com,Admin123!,6816,pending,confirmed
admin@eshop.com,Admin123!,6820,pending,confirmed
admin@eshop.com,Admin123!,6821,pending,confirmed
admin@eshop.com,Admin123!,6827,pending,confirmed
admin@eshop.com,Admin123!,6825,pending,confirmed
admin@eshop.com,Admin123!,6826,pending,confirmed
admin@eshop.com,Admin123!,6822,pending,confirmed
admin@eshop.com,Admin123!,6823,pending,confirmed
admin@eshop.com,Admin123!,6824,pending,confirmed
admin@eshop.com,Admin123!,6828,pending,confirmed
admin@eshop.com,Admin123!,6829,pending,confirmed
admin@eshop.com,Admin123!,6832,pending,confirmed
admin@eshop.com,Admin123!,6830,pending,confirmed
admin@eshop.com,Admin123!,6838,pending,confirmed
admin@eshop.com,Admin123!,6836,pending,confirmed
admin@eshop.com,Admin123!,6837,pending,confirmed
admin@eshop.com,Admin123!,6831,pending,confirmed
admin@eshop.com,Admin123!,6845,pending,confirmed
admin@eshop.com,Admin123!,6833,pending,confirmed
admin@eshop.com,Admin123!,6834,pending,confirmed
admin@eshop.com,Admin123!,6835,pending,confirmed
admin@eshop.com,Admin123!,6843,pending,confirmed
admin@eshop.com,Admin123!,6842,pending,confirmed
admin@eshop.com,Admin123!,6840,pending,confirmed
admin@eshop.com,Admin123!,6841,pending,confirmed
admin@eshop.com,Admin123!,6839,pending,confirmed
admin@eshop.com,Admin123!,6844,pending,confirmed
admin@eshop.com,Admin123!,6846,pending,confirmed
admin@eshop.com,Admin123!,6847,pending,confirmed
admin@eshop.com,Admin123!,6848,pending,confirmed
admin@eshop.com,Admin123!,6849,pending,confirmed
admin@eshop.com,Admin123!,6850,pending,confirmed
admin@eshop.com,Admin123!,6851,pending,confirmed
admin@eshop.com,Admin123!,6861,pending,confirmed
admin@eshop.com,Admin123!,6855,pending,confirmed
admin@eshop.com,Admin123!,6852,pending,confirmed
admin@eshop.com,Admin123!,6853,pending,confirmed
admin@eshop.com,Admin123!,6854,pending,confirmed
admin@eshop.com,Admin123!,6867,pending,confirmed
admin@eshop.com,Admin123!,6862,pending,confirmed
admin@eshop.com,Admin123!,6856,pending,confirmed
admin@eshop.com,Admin123!,6866,pending,confirmed
admin@eshop.com,Admin123!,6859,pending,confirmed
admin@eshop.com,Admin123!,6865,pending,confirmed
admin@eshop.com,Admin123!,6857,pending,confirmed
admin@eshop.com,Admin123!,6858,pending,confirmed
admin@eshop.com,Admin123!,6860,pending,confirmed
admin@eshop.com,Admin123!,6863,pending,confirmed
admin@eshop.com,Admin123!,6864,pending,confirmed
admin@eshop.com,Admin123!,6868,pending,confirmed
admin@eshop.com,Admin123!,6873,pending,confirmed
admin@eshop.com,Admin123!,6874,pending,confirmed
admin@eshop.com,Admin123!,6875,pending,confirmed
admin@eshop.com,Admin123!,6869,pending,confirmed
admin@eshop.com,Admin123!,6870,pending,confirmed
admin@eshop.com,Admin123!,6871,pending,confirmed
admin@eshop.com,Admin123!,6872,pending,confirmed
admin@eshop.com,Admin123!,6876,pending,confirmed
admin@eshop.com,Admin123!,6878,pending,confirmed
admin@eshop.com,Admin123!,6879,pending,confirmed
admin@eshop.com,Admin123!,6888,pending,confirmed
admin@eshop.com,Admin123!,6877,pending,confirmed
admin@eshop.com,Admin123!,6887,pending,confirmed
admin@eshop.com,Admin123!,6889,pending,confirmed
admin@eshop.com,Admin123!,6880,pending,confirmed
admin@eshop.com,Admin123!,6881,pending,confirmed
admin@eshop.com,Admin123!,6882,pending,confirmed
admin@eshop.com,Admin123!,6883,pending,confirmed
admin@eshop.com,Admin123!,6884,pending,confirmed
admin@eshop.com,Admin123!,6885,pending,confirmed
admin@eshop.com,Admin123!,6886,pending,confirmed
admin@eshop.com,Admin123!,6890,pending,confirmed
admin@eshop.com,Admin123!,6894,pending,confirmed
admin@eshop.com,Admin123!,6897,pending,confirmed
admin@eshop.com,Admin123!,6893,pending,confirmed
admin@eshop.com,Admin123!,6891,pending,confirmed
admin@eshop.com,Admin123!,6892,pending,confirmed
admin@eshop.com,Admin123!,6898,pending,confirmed
admin@eshop.com,Admin123!,6900,pending,confirmed
admin@eshop.com,Admin123!,6899,pending,confirmed
admin@eshop.com,Admin123!,6895,pending,confirmed
admin@eshop.com,Admin123!,6896,pending,confirmed
admin@eshop.com,Admin123!,6901,pending,confirmed
admin@eshop.com,Admin123!,6902,pending,confirmed
admin@eshop.com,Admin123!,6903,pending,confirmed
admin@eshop.com,Admin123!,6911,pending,confirmed
admin@eshop.com,Admin123!,6912,pending,confirmed
admin@eshop.com,Admin123!,6910,pending,confirmed
admin@eshop.com,Admin123!,6904,pending,confirmed
admin@eshop.com,Admin123!,6905,pending,confirmed
admin@eshop.com,Admin123!,6906,pending,confirmed
admin@eshop.com,Admin123!,6907,pending,confirmed
admin@eshop.com,Admin123!,6908,pending,confirmed
admin@eshop.com,Admin123!,6909,pending,confirmed
admin@eshop.com,Admin123!,6921,pending,confirmed
admin@eshop.com,Admin123!,6913,pending,confirmed
admin@eshop.com,Admin123!,6919,pending,confirmed
admin@eshop.com,Admin123!,6920,pending,confirmed
admin@eshop.com,Admin123!,6914,pending,confirmed
admin@eshop.com,Admin123!,6915,pending,confirmed
admin@eshop.com,Admin123!,6916,pending,confirmed
admin@eshop.com,Admin123!,6917,pending,confirmed
admin@eshop.com,Admin123!,6918,pending,confirmed
admin@eshop.com,Admin123!,6922,pending,confirmed
admin@eshop.com,Admin123!,6925,pending,confirmed
admin@eshop.com,Admin123!,6924,pending,confirmed
admin@eshop.com,Admin123!,6926,pending,confirmed
admin@eshop.com,Admin123!,6923,pending,confirmed
admin@eshop.com,Admin123!,6930,pending,confirmed
admin@eshop.com,Admin123!,6931,pending,confirmed
admin@eshop.com,Admin123!,6927,pending,confirmed
admin@eshop.com,Admin123!,6935,pending,confirmed
admin@eshop.com,Admin123!,6937,pending,confirmed
admin@eshop.com,Admin123!,6936,pending,confirmed
admin@eshop.com,Admin123!,6928,pending,confirmed
admin@eshop.com,Admin123!,6929,pending,confirmed
admin@eshop.com,Admin123!,6932,pending,confirmed
admin@eshop.com,Admin123!,6933,pending,confirmed
admin@eshop.com,Admin123!,6934,pending,confirmed
admin@eshop.com,Admin123!,6939,pending,confirmed
admin@eshop.com,Admin123!,6938,pending,confirmed
admin@eshop.com,Admin123!,6940,pending,confirmed
admin@eshop.com,Admin123!,6948,pending,confirmed
admin@eshop.com,Admin123!,6941,pending,confirmed
admin@eshop.com,Admin123!,6945,pending,confirmed
admin@eshop.com,Admin123!,6943,pending,confirmed
admin@eshop.com,Admin123!,6944,pending,confirmed
admin@eshop.com,Admin123!,6942,pending,confirmed
admin@eshop.com,Admin123!,6949,pending,confirmed
admin@eshop.com,Admin123!,6946,pending,confirmed
admin@eshop.com,Admin123!,6947,pending,confirmed
admin@eshop.com,Admin123!,6950,pending,confirmed
admin@eshop.com,Admin123!,6951,pending,confirmed
admin@eshop.com,Admin123!,6952,pending,confirmed
admin@eshop.com,Admin123!,6956,pending,confirmed
admin@eshop.com,Admin123!,6955,pending,confirmed
admin@eshop.com,Admin123!,6954,pending,confirmed
admin@eshop.com,Admin123!,6953,pending,confirmed
admin@eshop.com,Admin123!,6959,pending,confirmed
admin@eshop.com,Admin123!,6957,pending,confirmed
admin@eshop.com,Admin123!,6958,pending,confirmed
admin@eshop.com,Admin123!,6960,pending,confirmed
admin@eshop.com,Admin123!,6962,pending,confirmed
admin@eshop.com,Admin123!,6961,pending,confirmed
admin@eshop.com,Admin123!,6964,pending,confirmed
admin@eshop.com,Admin123!,6966,pending,confirmed
admin@eshop.com,Admin123!,6963,pending,confirmed
admin@eshop.com,Admin123!,6967,pending,confirmed
admin@eshop.com,Admin123!,6972,pending,confirmed
admin@eshop.com,Admin123!,6973,pending,confirmed
admin@eshop.com,Admin123!,6965,pending,confirmed
admin@eshop.com,Admin123!,6971,pending,confirmed
admin@eshop.com,Admin123!,6969,pending,confirmed
admin@eshop.com,Admin123!,6970,pending,confirmed
admin@eshop.com,Admin123!,6968,pending,confirmed
admin@eshop.com,Admin123!,6974,pending,confirmed
admin@eshop.com,Admin123!,6976,pending,confirmed
admin@eshop.com,Admin123!,6975,pending,confirmed
admin@eshop.com,Admin123!,6983,pending,confirmed
admin@eshop.com,Admin123!,6981,pending,confirmed
admin@eshop.com,Admin123!,6982,pending,confirmed
admin@eshop.com,Admin123!,6977,pending,confirmed
admin@eshop.com,Admin123!,6978,pending,confirmed
admin@eshop.com,Admin123!,6979,pending,confirmed
admin@eshop.com,Admin123!,6980,pending,confirmed
admin@eshop.com,Admin123!,6984,pending,confirmed
admin@eshop.com,Admin123!,6985,pending,confirmed
admin@eshop.com,Admin123!,6986,pending,confirmed
admin@eshop.com,Admin123!,6987,pending,confirmed
admin@eshop.com,Admin123!,6998,pending,confirmed
admin@eshop.com,Admin123!,6996,pending,confirmed
admin@eshop.com,Admin123!,6997,pending,confirmed
admin@eshop.com,Admin123!,6988,pending,confirmed
admin@eshop.com,Admin123!,6989,pending,confirmed
admin@eshop.com,Admin123!,6990,pending,confirmed
admin@eshop.com,Admin123!,6991,pending,confirmed
admin@eshop.com,Admin123!,6992,pending,confirmed
admin@eshop.com,Admin123!,6993,pending,confirmed
admin@eshop.com,Admin123!,6994,pending,confirmed
admin@eshop.com,Admin123!,6995,pending,confirmed
admin@eshop.com,Admin123!,6999,pending,confirmed
admin@eshop.com,Admin123!,7000,pending,confirmed
admin@eshop.com,Admin123!,7008,pending,confirmed
admin@eshop.com,Admin123!,7007,pending,confirmed
admin@eshop.com,Admin123!,7006,pending,confirmed
admin@eshop.com,Admin123!,7001,pending,confirmed
admin@eshop.com,Admin123!,7002,pending,confirmed
admin@eshop.com,Admin123!,7003,pending,confirmed
admin@eshop.com,Admin123!,7004,pending,confirmed
admin@eshop.com,Admin123!,7005,pending,confirmed
admin@eshop.com,Admin123!,7013,pending,confirmed
admin@eshop.com,Admin123!,7009,pending,confirmed
admin@eshop.com,Admin123!,7016,pending,confirmed
admin@eshop.com,Admin123!,7011,pending,confirmed
admin@eshop.com,Admin123!,7012,pending,confirmed
admin@eshop.com,Admin123!,7010,pending,confirmed
admin@eshop.com,Admin123!,7015,pending,confirmed
admin@eshop.com,Admin123!,7017,pending,confirmed
admin@eshop.com,Admin123!,7022,pending,confirmed
admin@eshop.com,Admin123!,7021,pending,confirmed
admin@eshop.com,Admin123!,7014,pending,confirmed
admin@eshop.com,Admin123!,7023,pending,confirmed
admin@eshop.com,Admin123!,7018,pending,confirmed
admin@eshop.com,Admin123!,7019,pending,confirmed
admin@eshop.com,Admin123!,7020,pending,confirmed
admin@eshop.com,Admin123!,7024,pending,confirmed
admin@eshop.com,Admin123!,7028,pending,confirmed
admin@eshop.com,Admin123!,7029,pending,confirmed
admin@eshop.com,Admin123!,7027,pending,confirmed
admin@eshop.com,Admin123!,7025,pending,confirmed
admin@eshop.com,Admin123!,7026,pending,confirmed
admin@eshop.com,Admin123!,7031,pending,confirmed
admin@eshop.com,Admin123!,7030,pending,confirmed
admin@eshop.com,Admin123!,7032,pending,confirmed
admin@eshop.com,Admin123!,7033,pending,confirmed
admin@eshop.com,Admin123!,7040,pending,confirmed
admin@eshop.com,Admin123!,7041,pending,confirmed
admin@eshop.com,Admin123!,7034,pending,confirmed
admin@eshop.com,Admin123!,7042,pending,confirmed
admin@eshop.com,Admin123!,7043,pending,confirmed
admin@eshop.com,Admin123!,7044,pending,confirmed
admin@eshop.com,Admin123!,7035,pending,confirmed
admin@eshop.com,Admin123!,7036,pending,confirmed
admin@eshop.com,Admin123!,7037,pending,confirmed
admin@eshop.com,Admin123!,7038,pending,confirmed
admin@eshop.com,Admin123!,7039,pending,confirmed
admin@eshop.com,Admin123!,7045,pending,confirmed
admin@eshop.com,Admin123!,7046,pending,confirmed
admin@eshop.com,Admin123!,7047,pending,confirmed
admin@eshop.com,Admin123!,7048,pending,confirmed
admin@eshop.com,Admin123!,7056,pending,confirmed
admin@eshop.com,Admin123!,7050,pending,confirmed
admin@eshop.com,Admin123!,7051,pending,confirmed
admin@eshop.com,Admin123!,7049,pending,confirmed
admin@eshop.com,Admin123!,7054,pending,confirmed
admin@eshop.com,Admin123!,7055,pending,confirmed
admin@eshop.com,Admin123!,7052,pending,confirmed
admin@eshop.com,Admin123!,7053,pending,confirmed
admin@eshop.com,Admin123!,7057,pending,confirmed
admin@eshop.com,Admin123!,7058,pending,confirmed
admin@eshop.com,Admin123!,7070,pending,confirmed
admin@eshop.com,Admin123!,7064,pending,confirmed
admin@eshop.com,Admin123!,7069,pending,confirmed
admin@eshop.com,Admin123!,7059,pending,confirmed
admin@eshop.com,Admin123!,7060,pending,confirmed
admin@eshop.com,Admin123!,7061,pending,confirmed
admin@eshop.com,Admin123!,7062,pending,confirmed
admin@eshop.com,Admin123!,7063,pending,confirmed
admin@eshop.com,Admin123!,7068,pending,confirmed
admin@eshop.com,Admin123!,7065,pending,confirmed
admin@eshop.com,Admin123!,7066,pending,confirmed
admin@eshop.com,Admin123!,7067,pending,confirmed
admin@eshop.com,Admin123!,7079,pending,confirmed
admin@eshop.com,Admin123!,7071,pending,confirmed
admin@eshop.com,Admin123!,7080,pending,confirmed
admin@eshop.com,Admin123!,7078,pending,confirmed
admin@eshop.com,Admin123!,7072,pending,confirmed
admin@eshop.com,Admin123!,7073,pending,confirmed
admin@eshop.com,Admin123!,7074,pending,confirmed
admin@eshop.com,Admin123!,7075,pending,confirmed
admin@eshop.com,Admin123!,7076,pending,confirmed
admin@eshop.com,Admin123!,7077,pending,confirmed
admin@eshop.com,Admin123!,7081,pending,confirmed
admin@eshop.com,Admin123!,7082,pending,confirmed
admin@eshop.com,Admin123!,7084,pending,confirmed
admin@eshop.com,Admin123!,7085,pending,confirmed
admin@eshop.com,Admin123!,7083,pending,confirmed
admin@eshop.com,Admin123!,7086,pending,confirmed
admin@eshop.com,Admin123!,7090,pending,confirmed
admin@eshop.com,Admin123!,7091,pending,confirmed
admin@eshop.com,Admin123!,7089,pending,confirmed
admin@eshop.com,Admin123!,7087,pending,confirmed
admin@eshop.com,Admin123!,7088,pending,confirmed
admin@eshop.com,Admin123!,7092,pending,confirmed
admin@eshop.com,Admin123!,7093,pending,confirmed
admin@eshop.com,Admin123!,7094,pending,confirmed
admin@eshop.com,Admin123!,7095,pending,confirmed
admin@eshop.com,Admin123!,7096,pending,confirmed
admin@eshop.com,Admin123!,7097,pending,confirmed
admin@eshop.com,Admin123!,7098,pending,confirmed
admin@eshop.com,Admin123!,7099,pending,confirmed
admin@eshop.com,Admin123!,7103,pending,confirmed
admin@eshop.com,Admin123!,7100,pending,confirmed
admin@eshop.com,Admin123!,7104,pending,confirmed
admin@eshop.com,Admin123!,7105,pending,confirmed
admin@eshop.com,Admin123!,7106,pending,confirmed
admin@eshop.com,Admin123!,7101,pending,confirmed
admin@eshop.com,Admin123!,7102,pending,confirmed
admin@eshop.com,Admin123!,7109,pending,confirmed
admin@eshop.com,Admin123!,7107,pending,confirmed
admin@eshop.com,Admin123!,7108,pending,confirmed
admin@eshop.com,Admin123!,7110,pending,confirmed
admin@eshop.com,Admin123!,7112,pending,confirmed
admin@eshop.com,Admin123!,7111,pending,confirmed
admin@eshop.com,Admin123!,7128,pending,confirmed
admin@eshop.com,Admin123!,7113,pending,confirmed
admin@eshop.com,Admin123!,7114,pending,confirmed
admin@eshop.com,Admin123!,7127,pending,confirmed
admin@eshop.com,Admin123!,7116,pending,confirmed
admin@eshop.com,Admin123!,7115,pending,confirmed
admin@eshop.com,Admin123!,7117,pending,confirmed
admin@eshop.com,Admin123!,7125,pending,confirmed
admin@eshop.com,Admin123!,7118,pending,confirmed
admin@eshop.com,Admin123!,7126,pending,confirmed
admin@eshop.com,Admin123!,7130,pending,confirmed
admin@eshop.com,Admin123!,7121,pending,confirmed
admin@eshop.com,Admin123!,7119,pending,confirmed
admin@eshop.com,Admin123!,7120,pending,confirmed
admin@eshop.com,Admin123!,7129,pending,confirmed
admin@eshop.com,Admin123!,7122,pending,confirmed
admin@eshop.com,Admin123!,7123,pending,confirmed
admin@eshop.com,Admin123!,7124,pending,confirmed
admin@eshop.com,Admin123!,7131,pending,confirmed
admin@eshop.com,Admin123!,7132,pending,confirmed
admin@eshop.com,Admin123!,7133,pending,confirmed
admin@eshop.com,Admin123!,7134,pending,confirmed
admin@eshop.com,Admin123!,7136,pending,confirmed
admin@eshop.com,Admin123!,7137,pending,confirmed
admin@eshop.com,Admin123!,7135,pending,confirmed
admin@eshop.com,Admin123!,7138,pending,confirmed
admin@eshop.com,Admin123!,7139,pending,confirmed
admin@eshop.com,Admin123!,7140,pending,confirmed
admin@eshop.com,Admin123!,7153,pending,confirmed
admin@eshop.com,Admin123!,7141,pending,confirmed
admin@eshop.com,Admin123!,7150,pending,confirmed
admin@eshop.com,Admin123!,7148,pending,confirmed
admin@eshop.com,Admin123!,7149,pending,confirmed
admin@eshop.com,Admin123!,7142,pending,confirmed
admin@eshop.com,Admin123!,7143,pending,confirmed
admin@eshop.com,Admin123!,7144,pending,confirmed
admin@eshop.com,Admin123!,7145,pending,confirmed
admin@eshop.com,Admin123!,7146,pending,confirmed
admin@eshop.com,Admin123!,7147,pending,confirmed
admin@eshop.com,Admin123!,7151,pending,confirmed
admin@eshop.com,Admin123!,7154,pending,confirmed
admin@eshop.com,Admin123!,7152,pending,confirmed
admin@eshop.com,Admin123!,7155,pending,confirmed
admin@eshop.com,Admin123!,7156,pending,confirmed
admin@eshop.com,Admin123!,7157,pending,confirmed
admin@eshop.com,Admin123!,7161,pending,confirmed
admin@eshop.com,Admin123!,7159,pending,confirmed
admin@eshop.com,Admin123!,7160,pending,confirmed
admin@eshop.com,Admin123!,7158,pending,confirmed
admin@eshop.com,Admin123!,7162,pending,confirmed
admin@eshop.com,Admin123!,7170,pending,confirmed
admin@eshop.com,Admin123!,7171,pending,confirmed
admin@eshop.com,Admin123!,7175,pending,confirmed
admin@eshop.com,Admin123!,7163,pending,confirmed
admin@eshop.com,Admin123!,7164,pending,confirmed
admin@eshop.com,Admin123!,7165,pending,confirmed
admin@eshop.com,Admin123!,7166,pending,confirmed
admin@eshop.com,Admin123!,7167,pending,confirmed
admin@eshop.com,Admin123!,7168,pending,confirmed
admin@eshop.com,Admin123!,7169,pending,confirmed
admin@eshop.com,Admin123!,7176,pending,confirmed
admin@eshop.com,Admin123!,7173,pending,confirmed
admin@eshop.com,Admin123!,7174,pending,confirmed
admin@eshop.com,Admin123!,7172,pending,confirmed
admin@eshop.com,Admin123!,7177,pending,confirmed
admin@eshop.com,Admin123!,7178,pending,confirmed
admin@eshop.com,Admin123!,7179,pending,confirmed
admin@eshop.com,Admin123!,7180,pending,confirmed
admin@eshop.com,Admin123!,7181,pending,confirmed
admin@eshop.com,Admin123!,7183,pending,confirmed
admin@eshop.com,Admin123!,7182,pending,confirmed
admin@eshop.com,Admin123!,7190,pending,confirmed
admin@eshop.com,Admin123!,7184,pending,confirmed
admin@eshop.com,Admin123!,7187,pending,confirmed
admin@eshop.com,Admin123!,7188,pending,confirmed
admin@eshop.com,Admin123!,7186,pending,confirmed
admin@eshop.com,Admin123!,7185,pending,confirmed
admin@eshop.com,Admin123!,7193,pending,confirmed
admin@eshop.com,Admin123!,7192,pending,confirmed
admin@eshop.com,Admin123!,7189,pending,confirmed
admin@eshop.com,Admin123!,7194,pending,confirmed
admin@eshop.com,Admin123!,7191,pending,confirmed
admin@eshop.com,Admin123!,7195,pending,confirmed
admin@eshop.com,Admin123!,7196,pending,confirmed
admin@eshop.com,Admin123!,7200,pending,confirmed
admin@eshop.com,Admin123!,7197,pending,confirmed
admin@eshop.com,Admin123!,7201,pending,confirmed
admin@eshop.com,Admin123!,7198,pending,confirmed
admin@eshop.com,Admin123!,7199,pending,confirmed
admin@eshop.com,Admin123!,7202,pending,confirmed
admin@eshop.com,Admin123!,7206,pending,confirmed
admin@eshop.com,Admin123!,7204,pending,confirmed
admin@eshop.com,Admin123!,7205,pending,confirmed
admin@eshop.com,Admin123!,7203,pending,confirmed
admin@eshop.com,Admin123!,7207,pending,confirmed
admin@eshop.com,Admin123!,7209,pending,confirmed
admin@eshop.com,Admin123!,7208,pending,confirmed
admin@eshop.com,Admin123!,7210,pending,confirmed
admin@eshop.com,Admin123!,7211,pending,confirmed
admin@eshop.com,Admin123!,7217,pending,confirmed
admin@eshop.com,Admin123!,7219,pending,confirmed
admin@eshop.com,Admin123!,7218,pending,confirmed
admin@eshop.com,Admin123!,7212,pending,confirmed
admin@eshop.com,Admin123!,7213,pending,confirmed
admin@eshop.com,Admin123!,7214,pending,confirmed
admin@eshop.com,Admin123!,7215,pending,confirmed
admin@eshop.com,Admin123!,7216,pending,confirmed
admin@eshop.com,Admin123!,7224,pending,confirmed
admin@eshop.com,Admin123!,7220,pending,confirmed
admin@eshop.com,Admin123!,7228,pending,confirmed
admin@eshop.com,Admin123!,7223,pending,confirmed
admin@eshop.com,Admin123!,7221,pending,confirmed
admin@eshop.com,Admin123!,7222,pending,confirmed
admin@eshop.com,Admin123!,7225,pending,confirmed
admin@eshop.com,Admin123!,7226,pending,confirmed
admin@eshop.com,Admin123!,7227,pending,confirmed
admin@eshop.com,Admin123!,7229,pending,confirmed
admin@eshop.com,Admin123!,7231,pending,confirmed
admin@eshop.com,Admin123!,7230,pending,confirmed
admin@eshop.com,Admin123!,7239,pending,confirmed
admin@eshop.com,Admin123!,7232,pending,confirmed
admin@eshop.com,Admin123!,7233,pending,confirmed
admin@eshop.com,Admin123!,7241,pending,confirmed
admin@eshop.com,Admin123!,7234,pending,confirmed
admin@eshop.com,Admin123!,7238,pending,confirmed
admin@eshop.com,Admin123!,7236,pending,confirmed
admin@eshop.com,Admin123!,7237,pending,confirmed
admin@eshop.com,Admin123!,7235,pending,confirmed
admin@eshop.com,Admin123!,7240,pending,confirmed
admin@eshop.com,Admin123!,7243,pending,confirmed
admin@eshop.com,Admin123!,7244,pending,confirmed
admin@eshop.com,Admin123!,7242,pending,confirmed
admin@eshop.com,Admin123!,7245,pending,confirmed
admin@eshop.com,Admin123!,7246,pending,confirmed
admin@eshop.com,Admin123!,7254,pending,confirmed
admin@eshop.com,Admin123!,7247,pending,confirmed
admin@eshop.com,Admin123!,7251,pending,confirmed
admin@eshop.com,Admin123!,7252,pending,confirmed
admin@eshop.com,Admin123!,7253,pending,confirmed
admin@eshop.com,Admin123!,7248,pending,confirmed
admin@eshop.com,Admin123!,7249,pending,confirmed
admin@eshop.com,Admin123!,7250,pending,confirmed
admin@eshop.com,Admin123!,7255,pending,confirmed
admin@eshop.com,Admin123!,7256,pending,confirmed
admin@eshop.com,Admin123!,7257,pending,confirmed
admin@eshop.com,Admin123!,7263,pending,confirmed
admin@eshop.com,Admin123!,7261,pending,confirmed
admin@eshop.com,Admin123!,7262,pending,confirmed
admin@eshop.com,Admin123!,7258,pending,confirmed
admin@eshop.com,Admin123!,7259,pending,confirmed
admin@eshop.com,Admin123!,7260,pending,confirmed
admin@eshop.com,Admin123!,7264,pending,confirmed
admin@eshop.com,Admin123!,7269,pending,confirmed
admin@eshop.com,Admin123!,7270,pending,confirmed
admin@eshop.com,Admin123!,7271,pending,confirmed
admin@eshop.com,Admin123!,7265,pending,confirmed
admin@eshop.com,Admin123!,7266,pending,confirmed
admin@eshop.com,Admin123!,7267,pending,confirmed
admin@eshop.com,Admin123!,7268,pending,confirmed
admin@eshop.com,Admin123!,7272,pending,confirmed
admin@eshop.com,Admin123!,7277,pending,confirmed
admin@eshop.com,Admin123!,7278,pending,confirmed
admin@eshop.com,Admin123!,7279,pending,confirmed
admin@eshop.com,Admin123!,7273,pending,confirmed
admin@eshop.com,Admin123!,7274,pending,confirmed
admin@eshop.com,Admin123!,7275,pending,confirmed
admin@eshop.com,Admin123!,7276,pending,confirmed
admin@eshop.com,Admin123!,7282,pending,confirmed
admin@eshop.com,Admin123!,7280,pending,confirmed
admin@eshop.com,Admin123!,7284,pending,confirmed
admin@eshop.com,Admin123!,7285,pending,confirmed
admin@eshop.com,Admin123!,7283,pending,confirmed
admin@eshop.com,Admin123!,7281,pending,confirmed
admin@eshop.com,Admin123!,7286,pending,confirmed
admin@eshop.com,Admin123!,7287,pending,confirmed
admin@eshop.com,Admin123!,7290,pending,confirmed
admin@eshop.com,Admin123!,7291,pending,confirmed
admin@eshop.com,Admin123!,7288,pending,confirmed
admin@eshop.com,Admin123!,7292,pending,confirmed
admin@eshop.com,Admin123!,7300,pending,confirmed
admin@eshop.com,Admin123!,7301,pending,confirmed
admin@eshop.com,Admin123!,7289,pending,confirmed
admin@eshop.com,Admin123!,7295,pending,confirmed
admin@eshop.com,Admin123!,7296,pending,confirmed
admin@eshop.com,Admin123!,7294,pending,confirmed
admin@eshop.com,Admin123!,7299,pending,confirmed
admin@eshop.com,Admin123!,7293,pending,confirmed
admin@eshop.com,Admin123!,7297,pending,confirmed
admin@eshop.com,Admin123!,7298,pending,confirmed
admin@eshop.com,Admin123!,7302,pending,confirmed
admin@eshop.com,Admin123!,7303,pending,confirmed
admin@eshop.com,Admin123!,7311,pending,confirmed
admin@eshop.com,Admin123!,7309,pending,confirmed
admin@eshop.com,Admin123!,7310,pending,confirmed
admin@eshop.com,Admin123!,7304,pending,confirmed
admin@eshop.com,Admin123!,7305,pending,confirmed
admin@eshop.com,Admin123!,7306,pending,confirmed
admin@eshop.com,Admin123!,7307,pending,confirmed
admin@eshop.com,Admin123!,7308,pending,confirmed
admin@eshop.com,Admin123!,7312,pending,confirmed
admin@eshop.com,Admin123!,7324,pending,confirmed
admin@eshop.com,Admin123!,7314,pending,confirmed
admin@eshop.com,Admin123!,7323,pending,confirmed
admin@eshop.com,Admin123!,7313,pending,confirmed
admin@eshop.com,Admin123!,7322,pending,confirmed
admin@eshop.com,Admin123!,7315,pending,confirmed
admin@eshop.com,Admin123!,7316,pending,confirmed
admin@eshop.com,Admin123!,7317,pending,confirmed
admin@eshop.com,Admin123!,7318,pending,confirmed
admin@eshop.com,Admin123!,7319,pending,confirmed
admin@eshop.com,Admin123!,7320,pending,confirmed
admin@eshop.com,Admin123!,7321,pending,confirmed
admin@eshop.com,Admin123!,7325,pending,confirmed
admin@eshop.com,Admin123!,7334,pending,confirmed
admin@eshop.com,Admin123!,7335,pending,confirmed
admin@eshop.com,Admin123!,7336,pending,confirmed
admin@eshop.com,Admin123!,7326,pending,confirmed
admin@eshop.com,Admin123!,7327,pending,confirmed
admin@eshop.com,Admin123!,7328,pending,confirmed
admin@eshop.com,Admin123!,7329,pending,confirmed
admin@eshop.com,Admin123!,7330,pending,confirmed
admin@eshop.com,Admin123!,7331,pending,confirmed
admin@eshop.com,Admin123!,7332,pending,confirmed
admin@eshop.com,Admin123!,7333,pending,confirmed
admin@eshop.com,Admin123!,7337,pending,confirmed
admin@eshop.com,Admin123!,7338,pending,confirmed
admin@eshop.com,Admin123!,7341,pending,confirmed
admin@eshop.com,Admin123!,7348,pending,confirmed
admin@eshop.com,Admin123!,7350,pending,confirmed
admin@eshop.com,Admin123!,7349,pending,confirmed
admin@eshop.com,Admin123!,7339,pending,confirmed
admin@eshop.com,Admin123!,7340,pending,confirmed
admin@eshop.com,Admin123!,7342,pending,confirmed
admin@eshop.com,Admin123!,7343,pending,confirmed
admin@eshop.com,Admin123!,7344,pending,confirmed
admin@eshop.com,Admin123!,7345,pending,confirmed
admin@eshop.com,Admin123!,7346,pending,confirmed
admin@eshop.com,Admin123!,7347,pending,confirmed
admin@eshop.com,Admin123!,7352,pending,confirmed
admin@eshop.com,Admin123!,7351,pending,confirmed
admin@eshop.com,Admin123!,7353,pending,confirmed
admin@eshop.com,Admin123!,7354,pending,confirmed
admin@eshop.com,Admin123!,7355,pending,confirmed
admin@eshop.com,Admin123!,7362,pending,confirmed
admin@eshop.com,Admin123!,7359,pending,confirmed
admin@eshop.com,Admin123!,7360,pending,confirmed
admin@eshop.com,Admin123!,7361,pending,confirmed
admin@eshop.com,Admin123!,7356,pending,confirmed
admin@eshop.com,Admin123!,7357,pending,confirmed
admin@eshop.com,Admin123!,7358,pending,confirmed
admin@eshop.com,Admin123!,7363,pending,confirmed
admin@eshop.com,Admin123!,7364,pending,confirmed
admin@eshop.com,Admin123!,7365,pending,confirmed
admin@eshop.com,Admin123!,7373,pending,confirmed
admin@eshop.com,Admin123!,7371,pending,confirmed
admin@eshop.com,Admin123!,7372,pending,confirmed
admin@eshop.com,Admin123!,7366,pending,confirmed
admin@eshop.com,Admin123!,7367,pending,confirmed
admin@eshop.com,Admin123!,7368,pending,confirmed
admin@eshop.com,Admin123!,7369,pending,confirmed
admin@eshop.com,Admin123!,7370,pending,confirmed
admin@eshop.com,Admin123!,7374,pending,confirmed
admin@eshop.com,Admin123!,7382,pending,confirmed
admin@eshop.com,Admin123!,7383,pending,confirmed
admin@eshop.com,Admin123!,7384,pending,confirmed
admin@eshop.com,Admin123!,7375,pending,confirmed
admin@eshop.com,Admin123!,7376,pending,confirmed
admin@eshop.com,Admin123!,7377,pending,confirmed
admin@eshop.com,Admin123!,7378,pending,confirmed
admin@eshop.com,Admin123!,7379,pending,confirmed
admin@eshop.com,Admin123!,7380,pending,confirmed
admin@eshop.com,Admin123!,7381,pending,confirmed
admin@eshop.com,Admin123!,7385,pending,confirmed
admin@eshop.com,Admin123!,7388,pending,confirmed
admin@eshop.com,Admin123!,7386,pending,confirmed
admin@eshop.com,Admin123!,7387,pending,confirmed
admin@eshop.com,Admin123!,7389,pending,confirmed
admin@eshop.com,Admin123!,7390,pending,confirmed
admin@eshop.com,Admin123!,7391,pending,confirmed
admin@eshop.com,Admin123!,7395,pending,confirmed
admin@eshop.com,Admin123!,7392,pending,confirmed
admin@eshop.com,Admin123!,7393,pending,confirmed
admin@eshop.com,Admin123!,7394,pending,confirmed
admin@eshop.com,Admin123!,7398,pending,confirmed
admin@eshop.com,Admin123!,7396,pending,confirmed
admin@eshop.com,Admin123!,7397,pending,confirmed
admin@eshop.com,Admin123!,7399,pending,confirmed
admin@eshop.com,Admin123!,7411,pending,confirmed
admin@eshop.com,Admin123!,7409,pending,confirmed
admin@eshop.com,Admin123!,7410,pending,confirmed
admin@eshop.com,Admin123!,7400,pending,confirmed
admin@eshop.com,Admin123!,7401,pending,confirmed
admin@eshop.com,Admin123!,7402,pending,confirmed
admin@eshop.com,Admin123!,7403,pending,confirmed
admin@eshop.com,Admin123!,7404,pending,confirmed
admin@eshop.com,Admin123!,7405,pending,confirmed
admin@eshop.com,Admin123!,7406,pending,confirmed
admin@eshop.com,Admin123!,7407,pending,confirmed
admin@eshop.com,Admin123!,7408,pending,confirmed
admin@eshop.com,Admin123!,7412,pending,confirmed
admin@eshop.com,Admin123!,7416,pending,confirmed
admin@eshop.com,Admin123!,7417,pending,confirmed
admin@eshop.com,Admin123!,7415,pending,confirmed
admin@eshop.com,Admin123!,7413,pending,confirmed
admin@eshop.com,Admin123!,7414,pending,confirmed
admin@eshop.com,Admin123!,7418,pending,confirmed
admin@eshop.com,Admin123!,7419,pending,confirmed
admin@eshop.com,Admin123!,7422,pending,confirmed
admin@eshop.com,Admin123!,7421,pending,confirmed
admin@eshop.com,Admin123!,7420,pending,confirmed
admin@eshop.com,Admin123!,7424,pending,confirmed
admin@eshop.com,Admin123!,7428,pending,confirmed
admin@eshop.com,Admin123!,7423,pending,confirmed
admin@eshop.com,Admin123!,7426,pending,confirmed
admin@eshop.com,Admin123!,7427,pending,confirmed
admin@eshop.com,Admin123!,7432,pending,confirmed
admin@eshop.com,Admin123!,7433,pending,confirmed
admin@eshop.com,Admin123!,7431,pending,confirmed
admin@eshop.com,Admin123!,7425,pending,confirmed
admin@eshop.com,Admin123!,7429,pending,confirmed
admin@eshop.com,Admin123!,7430,pending,confirmed
admin@eshop.com,Admin123!,7434,pending,confirmed
admin@eshop.com,Admin123!,7435,pending,confirmed
admin@eshop.com,Admin123!,7443,pending,confirmed
admin@eshop.com,Admin123!,7441,pending,confirmed
admin@eshop.com,Admin123!,7442,pending,confirmed
admin@eshop.com,Admin123!,7436,pending,confirmed
admin@eshop.com,Admin123!,7437,pending,confirmed
admin@eshop.com,Admin123!,7438,pending,confirmed
admin@eshop.com,Admin123!,7439,pending,confirmed
admin@eshop.com,Admin123!,7440,pending,confirmed
admin@eshop.com,Admin123!,7444,pending,confirmed
admin@eshop.com,Admin123!,7450,pending,confirmed
admin@eshop.com,Admin123!,7454,pending,confirmed
admin@eshop.com,Admin123!,7455,pending,confirmed
admin@eshop.com,Admin123!,7445,pending,confirmed
admin@eshop.com,Admin123!,7446,pending,confirmed
admin@eshop.com,Admin123!,7447,pending,confirmed
admin@eshop.com,Admin123!,7448,pending,confirmed
admin@eshop.com,Admin123!,7449,pending,confirmed
admin@eshop.com,Admin123!,7453,pending,confirmed
admin@eshop.com,Admin123!,7451,pending,confirmed
admin@eshop.com,Admin123!,7452,pending,confirmed
admin@eshop.com,Admin123!,7456,pending,confirmed
admin@eshop.com,Admin123!,7457,pending,confirmed
admin@eshop.com,Admin123!,7458,pending,confirmed
admin@eshop.com,Admin123!,7459,pending,confirmed
admin@eshop.com,Admin123!,7468,pending,confirmed
admin@eshop.com,Admin123!,7460,pending,confirmed
admin@eshop.com,Admin123!,7461,pending,confirmed
admin@eshop.com,Admin123!,7462,pending,confirmed
admin@eshop.com,Admin123!,7463,pending,confirmed
admin@eshop.com,Admin123!,7467,pending,confirmed
admin@eshop.com,Admin123!,7464,pending,confirmed
admin@eshop.com,Admin123!,7465,pending,confirmed
admin@eshop.com,Admin123!,7466,pending,confirmed
admin@eshop.com,Admin123!,7469,pending,confirmed
admin@eshop.com,Admin123!,7470,pending,confirmed
admin@eshop.com,Admin123!,7471,pending,confirmed
admin@eshop.com,Admin123!,7474,pending,confirmed
admin@eshop.com,Admin123!,7475,pending,confirmed
admin@eshop.com,Admin123!,7476,pending,confirmed
admin@eshop.com,Admin123!,7472,pending,confirmed
admin@eshop.com,Admin123!,7473,pending,confirmed
admin@eshop.com,Admin123!,7477,pending,confirmed
admin@eshop.com,Admin123!,7478,pending,confirmed
admin@eshop.com,Admin123!,7479,pending,confirmed
admin@eshop.com,Admin123!,7480,pending,confirmed
admin@eshop.com,Admin123!,7485,pending,confirmed
admin@eshop.com,Admin123!,7483,pending,confirmed
admin@eshop.com,Admin123!,7484,pending,confirmed
admin@eshop.com,Admin123!,7481,pending,confirmed
admin@eshop.com,Admin123!,7491,pending,confirmed
admin@eshop.com,Admin123!,7492,pending,confirmed
admin@eshop.com,Admin123!,7490,pending,confirmed
admin@eshop.com,Admin123!,7482,pending,confirmed
admin@eshop.com,Admin123!,7486,pending,confirmed
admin@eshop.com,Admin123!,7487,pending,confirmed
admin@eshop.com,Admin123!,7488,pending,confirmed
admin@eshop.com,Admin123!,7489,pending,confirmed
admin@eshop.com,Admin123!,7493,pending,confirmed
admin@eshop.com,Admin123!,7494,pending,confirmed
admin@eshop.com,Admin123!,7495,pending,confirmed
admin@eshop.com,Admin123!,7499,pending,confirmed
admin@eshop.com,Admin123!,7500,pending,confirmed
admin@eshop.com,Admin123!,7498,pending,confirmed
admin@eshop.com,Admin123!,7496,pending,confirmed
admin@eshop.com,Admin123!,7497,pending,confirmed
